인허가일자,폐업일자,경도,위도
1995-08-23,2020-02-12,127.03223455427724,37.26095391379841
1995-09-04,2008-08-05,127.03234867586879,37.25864337482606
2003-08-28,2018-10-31,127.01623629742453,37.27354245337069
2003-09-18,2010-09-28,127.01842558256814,37.27434959830022
2000-11-13,2015-11-09,127.06361829052244,37.2700880128665
1991-12-03,2022-04-01,127.02114001401054,37.27443126492003
1992-12-17,2021-08-18,127.03431250484121,37.26630108471608
2005-06-08,2008-04-02,126.9716443107772,37.29946170020475
2011-04-11,2021-04-15,127.03018960197147,37.29966598162306
2003-12-11,2025-02-14,127.0087876414905,37.292799150480825
2009-03-31,2018-12-10,126.99339451138579,37.305370037402994
2011-11-18,2016-09-28,126.99594565880153,37.2827189693772
2011-08-12,2020-05-31,126.99485463430649,37.28194008884575
2019-11-26,2022-07-13,127.03089948707776,37.23893231980328
2019-11-26,2022-07-13,127.03089948707776,37.23893231980328
2011-12-12,2028-05-30,126.95530054880548,37.27433721137723
2012-03-27,2028-05-30,127.05051544486157,37.2906729566168
2012-12-17,2028-05-30,127.04140984558633,37.26181978408748
2001-09-13,2028-05-30,127.02088494870455,37.250442075459226
2013-07-19,2028-05-30,127.04864864391608,37.24607784516625
2014-09-16,2028-05-30,127.03116455558943,37.2927141969716
2014-09-16,2028-05-30,127.04198670616276,37.26585243459555
2014-09-22,2028-05-30,127.04354418860298,37.274514127619824
2014-11-20,2028-05-30,126.99710862780574,37.26417399892895
2015-05-18,2028-05-30,127.05592126161362,37.28624449374331
2015-05-29,2028-05-30,127.05051544486157,37.2906729566168
2015-06-29,2028-05-30,127.0477060480035,37.29657545697662
2000-11-13,2028-05-30,127.06361829052244,37.2700880128665
2015-12-31,2028-05-30,126.98477434492335,37.30963488837286
2017-06-02,2028-05-30,127.02640407106486,37.252939960169336
2017-07-26,2028-05-30,127.03009302397227,37.246722765812976
2018-02-26,2028-05-30,127.05773877289877,37.2870482224088
2018-03-07,2028-05-30,127.05081921428612,37.27618635884925
2019-06-21,2028-05-30,127.05743978708712,37.285206307744275
2019-11-14,2028-05-30,127.05746595168733,37.28251788719269
2021-05-25,2028-05-30,126.99470419120419,37.28981945986868
2021-09-13,2028-05-30,126.99470419120419,37.28981945986868
2022-02-22,2028-05-30,126.9970939371946,37.26627115876977
2022-07-18,2028-05-30,127.01220449305262,37.26763197641764
2023-02-23,2028-05-30,127.01837338835381,37.26936951066338
2023-05-04,2028-05-30,127.02268916231222,37.270432613881134
2023-05-04,2028-05-30,127.00843327347191,37.30551618307593
2023-10-30,2028-05-30,126.99133346859048,37.287553682865465
2023-11-21,2028-05-30,126.99192249504586,37.287226836399554
1967-12-17,2028-05-30,127.00240893187895,37.26614106272194
1969-12-19,2028-05-30,127.01860164288661,37.27716698916784
1977-01-19,2028-05-30,127.01732588835739,37.277013454391884
1980-03-03,2028-05-30,126.99847354899636,37.269492363549446
1985-09-26,2028-05-30,127.02522098461631,37.29496609208041
1989-09-01,2028-05-30,127.0212723427709,37.297984758317604
1989-11-26,2028-05-30,126.97617289669459,37.28149899265191
1989-09-19,2028-05-30,127.04198670616276,37.26585243459555
1989-10-13,2028-05-30,127.04363206023342,37.26952516465299
1990-02-28,2028-05-30,126.99570410453897,37.3046326095908
1991-05-31,2028-05-30,126.97617289669459,37.28149899265191
1991-12-07,2028-05-30,126.97617289669459,37.28149899265191
1991-01-17,2028-05-30,127.03856967934885,37.257339935572105
1991-12-03,2028-05-30,127.02114001401054,37.27443126492003
1992-12-17,2028-05-30,127.03431250484121,37.26630108471608
1992-11-26,2028-05-30,127.03431250484121,37.26630108471608
1993-03-16,2028-05-30,126.97617289669459,37.28149899265191
1993-03-31,2028-05-30,126.99809260139381,37.29516136957436
1993-04-24,2028-05-30,127.0079888342323,37.289048719560476
1993-09-14,2028-05-30,127.02538763093591,37.255889522791584
1993-07-13,2028-05-30,127.02417908286903,37.26600337299199
1993-09-20,2028-05-30,127.00520984974223,37.30286565294704
1994-01-27,2028-05-30,127.05618355222765,37.270955335801894
1994-02-19,2028-05-30,127.05111899643842,37.26746022686834
1995-10-07,2028-05-30,127.00090909261627,37.29070055416147
1995-04-18,2028-05-30,127.00778262943757,37.295329979439025
1995-10-07,2028-05-30,127.01190750071854,37.2912846212518
1995-03-29,2028-05-30,126.95293919513497,37.269610327484486
1995-04-18,2028-05-30,127.00778262943757,37.295329979439025
1996-03-04,2028-05-30,127.03160845458396,37.2598641337385
1991-03-19,2028-05-30,127.02844393281222,37.297957920481785
2000-08-26,2028-05-30,127.00879738457297,37.302724733130525
2000-11-13,2028-05-30,127.06361829052244,37.2700880128665
2000-08-25,2028-05-30,127.07254100022313,37.251779334425166
2000-08-25,2028-05-30,127.07254100022313,37.251779334425166
2001-10-05,2028-05-30,127.02088494870455,37.250442075459226
2001-09-13,2028-05-30,127.02088494870455,37.250442075459226
2001-11-17,2028-05-30,127.07158257490269,37.252680618572136
2002-02-26,2028-05-30,127.03013105210265,37.26276659311474
2003-02-11,2028-05-30,126.99989106967686,37.26616877471073
2003-02-11,2028-05-30,126.99989106967686,37.26616877471073
2003-04-25,2028-05-30,127.00745103346215,37.30352052706336
2003-08-18,2028-05-30,127.03470254407681,37.25026170298792
2003-11-20,2028-05-30,126.98220287322032,37.2964243173041
2003-09-15,2028-05-30,127.01842558256814,37.27434959830022
2000-08-25,2028-05-30,127.00879738457297,37.302724733130525
2000-08-25,2028-05-30,127.07254100022313,37.251779334425166
2005-08-18,2028-05-30,126.97021760302582,37.2824230079768
2006-01-25,2028-05-30,127.03160845458396,37.2598641337385
2007-06-22,2028-05-30,126.98516278580126,37.25528416908639
2010-05-20,2028-05-30,127.00983534415447,37.259819912651686
2011-01-25,2028-05-30,127.00150087263866,37.269675065615004
2011-10-31,2028-05-30,127.04140984558633,37.26181978408748
2011-10-31,2028-05-30,126.99648704526152,37.281373019400256
2002-12-05,2028-05-30,126.99543286495258,37.29656676451484
2009-07-10,2028-05-30,127.03574186800367,37.27069926134714
2010-02-27,2028-05-30,127.03213473797169,37.27999469807355
2013-06-14,2028-05-30,127.11519607433793,37.36538668772177
2013-06-14,2028-05-30,127.1371616969236,37.374181988611994
2013-06-14,2028-05-30,127.12639340365281,37.36693874923542
2013-06-14,2028-05-30,127.13566621120626,37.44183516360748
2014-10-02,2028-05-30,127.14345847021698,37.37045801476908
2015-04-14,2028-05-30,127.11202812741021,37.392776225873575
2016-03-21,2028-05-30,127.10820211233232,37.395485068373496
2021-04-08,2028-05-30,127.09808848533855,37.41206077236201
2023-11-08,2028-05-30,127.12586506912075,37.39501887927184
1997-08-29,2028-05-30,127.12577746714646,37.409468270198154
1992-07-03,2028-05-30,127.13021315947447,37.37971225796021
1974-10-18,2028-05-30,127.12742465579164,37.43063351273976
1974-12-11,2028-05-30,127.1319700579343,37.44170088266292
1971-04-02,2028-05-30,127.14644399497624,37.44130493764675
1991-02-05,2028-05-30,127.15991417957049,37.45021058037486
1993-11-05,2028-05-30,127.15807073983066,37.444626913186944
1994-12-02,2028-05-30,127.13798732249315,37.373194450760515
1994-12-02,2028-05-30,127.13896783761089,37.37236899077124
1995-09-06,2028-05-30,127.15044464451584,37.44339110163498
1997-10-06,2028-05-30,127.1233466052919,37.38504979153664
1998-09-17,2028-05-30,127.11979030009846,37.35881401722596
1998-09-17,2028-05-30,127.10697097014527,37.340046095530525
2000-04-01,2028-05-30,127.12732650642732,37.413094665770814
1999-03-26,2026-03-30,127.11429444203931,37.378460922981404
1995-09-04,2028-05-30,127.12729828412827,37.410416615829305
1992-12-10,2028-05-30,127.12548816865723,37.383090841749144
1996-12-20,2028-05-30,127.12069644622868,37.37282788948682
1996-12-20,2028-05-30,127.12212310606283,37.37128482335931
1997-03-28,2028-05-30,127.11482678537806,37.37067269280993
1997-07-11,2028-05-30,127.1144722174584,37.362508256737506
2002-04-20,2028-05-30,127.10728720444973,37.348928798577596
1998-09-17,2009-03-02,127.10697097014527,37.340046095530525
1999-09-06,2020-06-05,127.1233466052919,37.38504979153664
1999-03-25,2020-08-31,127.12060388419758,37.38601919145519
1995-10-14,2002-09-24,127.15333913444375,37.44400453852441
1997-03-04,2001-08-16,127.12165602581516,37.38284236279897
1998-09-17,2007-10-16,127.10697097014527,37.340046095530525
1997-11-22,2002-05-25,127.12729828412827,37.410416615829305
2005-11-30,2020-12-28,127.1297648103945,37.4313891051165
2006-02-14,2008-06-05,127.13242828644174,37.43053550792781
2006-09-08,2022-08-08,127.10697097014527,37.340046095530525
1974-12-11,2023-04-10,127.1319700579343,37.44170088266292
2009-08-28,2022-11-15,127.13575468726269,37.414207571490834
2010-02-25,2025-02-24,127.14290300422172,37.367807361923866
2011-08-11,2017-07-03,127.13342892846933,37.376985029187146
2011-09-23,2019-12-09,127.12886115088654,37.43052598282282
2011-12-22,2013-01-21,127.12143997398586,37.40380809151097
2012-04-03,2020-02-14,127.11519607433793,37.36538668772177
2012-04-03,2015-04-20,127.1335745423791,37.411319515548406
2012-04-10,2020-02-14,127.13566621120626,37.44183516360748
2012-07-18,2020-02-14,127.12639340365281,37.36693874923542
2012-07-18,2020-02-14,127.11844590497662,37.37477594427667
2012-07-18,2020-02-14,127.1371616969236,37.374181988611994
2016-03-21,2020-07-27,127.10820211233232,37.395485068373496
2003-03-03,2028-05-30,127.11844590497662,37.37477594427667
2004-07-16,2028-05-30,127.10728602134087,37.3492797191974
2005-01-12,2028-05-30,127.12732650642732,37.413094665770814
2005-01-26,2028-05-30,127.13242828644174,37.43053550792781
1996-11-02,2028-05-30,127.11979030009846,37.35881401722596
1994-04-02,2028-05-30,127.11670264181257,37.3763240061141
2005-07-25,2028-05-30,127.12732650642732,37.413094665770814
2005-07-25,2028-05-30,127.12732650642732,37.413094665770814
1997-08-29,2028-05-30,127.12577746714646,37.409468270198154
2005-08-23,2028-05-30,127.12732650642732,37.413094665770814
2005-09-20,2028-05-30,127.15333913444375,37.44400453852441
2005-12-01,2028-05-30,127.1297648103945,37.4313891051165
2005-05-27,2028-05-30,127.12732650642732,37.413094665770814
2007-03-09,2028-05-30,127.10516062681953,37.36098239050763
1995-02-28,2028-05-30,127.12986187795475,37.41164683803205
2009-03-12,2028-05-30,127.10697097014527,37.340046095530525
1994-12-02,2028-05-30,127.13896783761089,37.37236899077124
1993-07-14,2028-05-30,127.12292794132071,37.37060270656177
1977-07-07,2028-05-30,127.14338841833161,37.44397334334643
1992-07-03,2028-05-30,127.13021315947447,37.37971225796021
1994-12-02,2028-05-30,127.13798732249315,37.373194450760515
1995-09-06,2028-05-30,127.15044464451584,37.44339110163498
1994-12-02,2028-05-30,127.12411154680193,37.38594768638843
1993-11-05,2028-05-30,127.15807073983066,37.444626913186944
2010-08-31,2028-05-30,127.14139956746257,37.44427266668081
2010-08-24,2028-05-30,127.12590105876177,37.391445746019876
2011-08-11,2028-05-30,127.12548816865723,37.383090841749144
2011-08-11,2028-05-30,127.13939428631633,37.37166248498308
2011-09-23,2028-05-30,127.12957230555898,37.43426061219693
2011-09-23,2028-05-30,127.13215491628871,37.378305973394454
2012-02-14,2028-05-30,127.12698471399469,37.392371339374996
2012-04-10,2028-05-30,127.12195428427657,37.40513189329831
2012-04-27,2028-05-30,127.11500998097647,37.38837393921069
2012-07-18,2028-05-30,127.16261910568022,37.440766168887215
2013-01-15,2028-05-30,127.11364881084039,37.395522185924115
2013-06-13,2028-05-30,127.11844590497662,37.37477594427667
2017-05-02,2021-11-15,127.11860395648799,37.74999245635587
2026-02-27,2028-05-30,127.0560328715265,37.74021677454753
2013-07-24,2028-05-30,127.11918715375926,37.751317323896856
1976-06-01,2028-05-30,127.05039914090864,37.739765256527555
2000-12-07,2020-07-31,127.08426372353932,37.742826883832215
2003-04-16,2028-05-30,127.07104853156122,37.75213953757002
2004-11-17,2028-05-30,127.07104853156122,37.75213953757002
1996-05-11,2028-05-30,127.04498670797923,37.73841298672329
2006-12-27,2028-05-30,127.05330967033245,37.72375017373545
2011-11-09,2028-05-30,127.04629403703439,37.737536446996565
2012-03-20,2028-05-30,127.10234820220687,37.743161143335506
2012-03-20,2028-05-30,127.0560328715265,37.74021677454753
2012-05-14,2028-05-30,127.0447866336661,37.74866631647219
2019-07-29,2028-05-30,127.09867553739213,37.74369860366336
2024-09-06,2028-05-30,127.05034196182115,37.73201422130747
2024-09-06,2028-05-30,127.05034196182115,37.73201422130747
2026-05-14,2028-05-30,127.05330967033245,37.72375017373545
2000-12-08,2022-03-08,127.08426372353932,37.742826883832215
1999-11-19,2008-11-03,127.05198259883383,37.739309415454024
1990-07-19,2007-04-25,127.0486329634796,37.74101587403872
2005-07-21,2007-09-19,127.04358889834775,37.73803381557216
2002-03-21,2006-11-14,127.0484211138287,37.734056886478086
2012-05-14,2017-04-17,127.04122977496002,37.734862976311575
2012-05-22,2013-09-26,127.05712743096244,37.73081952924556
2016-06-13,2019-02-07,127.09651035172215,37.74423408717832
1996-04-03,2014-09-25,126.91314209994336,37.401290282667446
1999-02-10,2024-08-31,126.95211235656919,37.37160561651528
2011-10-04,2024-10-04,126.94335144117638,37.39480756539816
2012-03-13,2022-07-31,126.9625201508159,37.36226034042156
1980-10-30,2028-05-30,126.9592478700376,37.3725495065864
1994-12-01,2028-05-30,126.9518337022428,37.39091373675032
1999-07-22,2028-05-30,126.95119191902569,37.389182054990926
2000-02-09,2028-05-30,126.95000296512855,37.39520123063752
2001-03-15,2028-05-30,126.95211235656919,37.37160561651528
2001-03-16,2028-05-30,126.9530208668328,37.39281883736614
2002-08-29,2028-05-30,126.96411350472249,37.39477619489879
2002-08-29,2028-05-30,126.96411350472249,37.39477619489879
2005-05-04,2028-05-30,126.96351412576108,37.394933379642396
2008-07-10,2028-05-30,126.95091705809146,37.39352342571605
2011-09-02,2028-05-30,126.91314209994336,37.401290282667446
2012-03-27,2028-05-30,126.9504818349592,37.39022764312011
2021-04-06,2028-05-30,126.95569801389432,37.37183782386047
2021-09-29,2028-05-30,126.9625201508159,37.36226034042156
2021-11-19,2028-05-30,126.96704025787527,37.41015869756513
1978-11-24,2028-05-30,126.78075199405254,37.483837204633915
1981-11-30,2028-05-30,126.78725491836454,37.49223401298756
1984-01-12,2028-05-30,126.78634433246233,37.52691257188052
1985-09-23,2028-05-30,126.81559941514033,37.48473502938286
1990-09-21,2028-05-30,126.78209365086047,37.485054469088674
1989-06-17,2028-05-30,126.8069394420578,37.5237634023446
1990-07-13,2028-05-30,126.81450026774989,37.528468662110726
1991-12-18,2028-05-30,126.80230755955711,37.52501375530602
1993-04-29,2028-05-30,126.76942826860027,37.49620032621038
1993-09-28,2028-05-30,126.76975360680716,37.49909015593994
1994-02-19,2028-05-30,126.78190098232491,37.50555416416653
1994-11-15,2028-05-30,126.75030877539086,37.490162885854105
1996-10-28,2028-05-30,126.77520681236395,37.50256741164654
1996-12-18,2028-05-30,126.7825211502822,37.48547832217374
2007-07-09,2028-05-30,126.78285340136647,37.48403210129507
1990-06-15,2028-05-30,126.78097626949493,37.48352209776475
1999-10-04,2028-05-30,126.75534567004645,37.4888389175587
1999-10-20,2028-05-30,126.81334136615638,37.485304463621645
2000-05-02,2028-05-30,126.78209365086047,37.485054469088674
2000-07-19,2028-05-30,126.78202431913702,37.48466245055358
2002-03-29,2028-05-30,126.76396689887659,37.50405266590142
2002-06-17,2028-05-30,126.7636198610138,37.48441410068596
2003-02-03,2028-05-30,126.7825211502822,37.48547832217374
2003-08-07,2028-05-30,126.76218039742203,37.50428689290414
2003-08-07,2028-05-30,126.75384183237568,37.50677480105978
2003-09-02,2028-05-30,126.76218039742203,37.50428689290414
2004-10-21,2028-05-30,126.78075199405254,37.483837204633915
2004-11-04,2028-05-30,126.75500372654234,37.504313469041875
2005-02-28,2028-05-30,126.78190098232491,37.50555416416653
2005-02-28,2028-05-30,126.8142871288348,37.4848508907638
2005-06-01,2028-05-30,126.77520681236395,37.50256741164654
2005-06-01,2028-05-30,126.77520681236395,37.50256741164654
2005-06-01,2028-05-30,126.77520681236395,37.50256741164654
2005-06-01,2028-05-30,126.77520681236395,37.50256741164654
2005-06-01,2028-05-30,126.76396689887659,37.50405266590142
2005-06-01,2028-05-30,126.75382809917397,37.50640734569622
2007-10-18,2028-05-30,126.75663307810775,37.504120986505725
2007-04-27,2028-05-30,126.75534567004645,37.4888389175587
2007-04-17,2028-05-30,126.75534567004645,37.4888389175587
2008-01-03,2028-05-30,126.76396689887659,37.50405266590142
2008-10-10,2028-05-30,126.80233825736194,37.51586749600075
2005-02-28,2028-05-30,126.8142871288348,37.4848508907638
2009-09-23,2028-05-30,126.75663307810775,37.504120986505725
2009-12-29,2028-05-30,126.78209365086047,37.485054469088674
2009-09-23,2028-05-30,126.75663307810775,37.504120986505725
2010-04-14,2028-05-30,126.76396689887659,37.50405266590142
2010-12-10,2028-05-30,126.75382809917397,37.50640734569622
2011-10-06,2028-05-30,126.77160966457326,37.51364455459275
2011-10-17,2028-05-30,126.76655735537702,37.49272236011713
2011-10-17,2028-05-30,126.78623659361682,37.52931866635082
2012-03-12,2028-05-30,126.80532999247069,37.48662196834974
2012-04-02,2028-05-30,126.79919439463426,37.47510445060577
2012-04-02,2028-05-30,126.77794897182454,37.501036596331424
2012-04-10,2028-05-30,126.7667976176824,37.504776279622874
2012-04-10,2028-05-30,126.75320776470197,37.49129807422672
2012-04-10,2028-05-30,126.79419061163766,37.51989109155696
2012-04-10,2028-05-30,126.77162886711618,37.50119280076873
2012-04-10,2028-05-30,126.7778422191303,37.499070711002034
2019-05-02,2028-05-30,126.81394206551526,37.46151683718071
2023-09-22,2028-05-30,126.81266161565276,37.473103967982446
1996-07-15,2018-11-07,126.77522480591652,37.50407744056689
2003-01-10,2025-07-31,126.75500372654234,37.504313469041875
2011-10-13,2014-09-17,126.76980565461446,37.51585165149004
2011-10-13,2019-10-31,126.80975565181848,37.47123187727151
2006-08-16,2020-10-19,126.7636198610138,37.48441410068596
2011-10-28,2017-04-10,126.80947048386047,37.472735347744354
2012-01-26,2021-03-12,126.76431857429877,37.48352257046477
2014-10-07,2021-10-13,126.7689593835659,37.482917632786425
1970-12-21,2028-05-30,126.85519064384465,37.47957259574487
2025-05-19,2028-05-30,126.85993306317695,37.48628404050952
2025-07-29,2028-05-30,126.86854417548483,37.48246274510867
2022-05-11,2028-05-30,126.86676896934652,37.47957600715893
2021-03-05,2028-05-30,126.88264736704538,37.418749634651434
2014-11-26,2028-05-30,126.88345893832923,37.42417025177488
2014-09-11,2028-05-30,126.85171029772218,37.468623341299725
2014-09-11,2028-05-30,126.85108991275762,37.468067003749795
2011-10-17,2028-05-30,126.88645063222964,37.42071663256323
2024-05-31,2028-05-30,126.85563253273673,37.47945271410809
2023-07-03,2028-05-30,126.88455382134273,37.44661251444785
2004-04-12,2028-05-30,126.85214764925145,37.47775393841583
2006-01-11,2028-05-30,126.87942847944856,37.461211681866665
2005-10-07,2028-05-30,126.86711463855788,37.4752595692446
2005-04-20,2028-05-30,126.87942847944856,37.461211681866665
2005-03-10,2028-05-30,126.87038069114102,37.47474406231663
2007-07-06,2028-05-30,126.87038069114102,37.47474406231663
2004-09-09,2028-05-30,126.86711463855788,37.4752595692446
2004-09-09,2028-05-30,126.86711463855788,37.4752595692446
2004-09-03,2028-05-30,126.85563253273673,37.47945271410809
2002-10-23,2028-05-30,126.87652249613626,37.47218778390401
2007-12-17,2022-07-31,126.86711463855788,37.4752595692446
1993-12-17,2014-07-07,126.85505150505432,37.46900148965
1996-11-19,2028-05-30,126.86711463855788,37.4752595692446
2000-06-09,2028-05-30,126.87942847944856,37.461211681866665
1987-05-11,2009-09-01,126.87038069114102,37.47474406231663
1992-12-15,2009-09-01,126.87652249613626,37.47218778390401
1993-04-20,2009-09-01,126.88128644751859,37.462220614952244
2007-06-26,2028-05-30,127.08794070906025,36.994324093214246
2023-03-28,2028-05-30,127.04248800510807,37.043997353311546
2011-11-25,2028-05-30,126.92179978150702,36.98524738246406
2012-05-14,2028-05-30,127.06596849544604,37.0598561963811
2021-12-14,2028-05-30,127.06950488257395,37.03407748633575
2001-07-30,2028-05-30,127.07580426961486,37.02117714864606
1995-12-29,2028-05-30,127.1123738088304,36.99586794536688
2009-05-29,2028-05-30,127.05956535569669,37.04501013897716
2009-05-28,2028-05-30,127.11173211883222,36.988395689057164
2009-04-22,2028-05-30,127.08530435776156,36.990667985947134
2009-09-29,2028-05-30,127.11254423327011,36.99544991247896
2012-05-22,2020-01-31,127.06735314359175,37.080999605040866
2026-01-16,2028-05-30,127.05688259279256,37.05765601703296
2024-10-02,2028-05-30,127.08219556409574,37.04996865320707
2023-12-27,2028-05-30,127.06893492069764,37.03640443283519
2023-12-08,2028-05-30,127.04763541675945,37.05039978773596
2011-03-28,2028-05-30,126.91637905793903,36.99022618072618
2012-04-30,2028-05-30,127.05259242487949,37.892083780673865
2012-05-04,2020-07-27,127.05254144206182,37.89302326892976
2012-05-01,2017-09-07,127.05680206132678,37.89971965868646
2009-10-15,2028-05-30,127.05294959356839,37.88067056262098
2010-12-20,2028-05-30,127.05224099436425,37.899876517354315
2011-09-14,2017-09-07,127.05680206132678,37.89971965868646
1993-01-29,2009-06-19,126.83829445538677,37.317192243946046
2000-07-07,2021-12-11,126.85007040379256,37.317199196493505
2004-01-13,2020-12-31,126.8337767628684,37.318790882122485
2005-12-07,2025-09-04,126.81260021527605,37.333791524220565
2008-12-03,2016-05-20,126.81912701619702,37.31952814125676
2012-10-24,2017-11-01,126.86182422281946,37.31787748115708
2007-10-29,2028-05-30,126.83104756052627,37.31389106406478
2008-07-22,2028-05-30,126.79594074465763,37.331553816282096
2009-11-24,2028-05-30,126.82476727512831,37.31515416134309
2010-08-06,2028-05-30,126.83987880325883,37.314355957301316
2010-12-08,2028-05-30,126.83935713403714,37.31437283423868
2011-01-26,2028-05-30,126.82313863601775,37.31523462853012
2011-03-04,2028-05-30,126.83802130844516,37.314443378139735
2011-06-22,2028-05-30,126.78497912016677,37.33125171714559
2013-10-17,2028-05-30,126.78913137887895,37.32604922725987
2013-10-17,2028-05-30,126.78934093264124,37.32467480974205
2018-12-24,2028-05-30,126.83522035603765,37.319978461698234
2024-07-23,2028-05-30,126.8337767628684,37.318790882122485
1991-07-29,2028-05-30,126.86089623158219,37.29520777732644
1992-10-21,2028-05-30,126.81580883954663,37.33934949871831
1999-12-01,2028-05-30,126.83453398330755,37.317998775443264
1990-07-02,2028-05-30,126.84386882362917,37.321808525632626
1991-06-17,2028-05-30,126.8651151743809,37.299850425111146
1992-03-12,2028-05-30,126.80362171796281,37.34237448258284
1992-04-30,2028-05-30,126.78680778465306,37.32669222063821
1989-12-26,2028-05-30,126.80102599644384,37.327200435935964
1993-12-20,2028-05-30,126.84403228177092,37.32836721224805
1993-04-03,2028-05-30,126.83897916974128,37.3171564698167
1993-07-01,2028-05-30,126.86500668286246,37.295126665408155
1994-12-06,2028-05-30,126.81208406929034,37.33381745769734
1995-07-06,2028-05-30,126.7973006766747,37.31436308972404
1997-08-14,2028-05-30,126.80535806395626,37.325170232060536
2002-01-03,2028-05-30,126.84413478766315,37.304990183734866
2002-01-04,2028-05-30,126.84596285613549,37.304939230632144
2002-07-24,2028-05-30,126.82894196605932,37.31191714021636
2003-06-13,2028-05-30,126.81193590536535,37.30319017463168
2005-09-13,2028-05-30,126.84731809345011,37.31742987298
2006-07-10,2028-05-30,126.83854246578188,37.31441604062656
2007-06-26,2028-05-30,126.84089161438557,37.31430115722579
2010-08-26,2028-05-30,126.75150143819221,37.66792167085469
2011-06-15,2028-05-30,126.7896987980638,37.64323357854387
2012-03-22,2028-05-30,126.76539986300907,37.6979298903194
2012-03-22,2028-05-30,126.76336213763129,37.6901539101664
2012-03-26,2028-05-30,126.77854982852327,37.68209544022816
2012-03-29,2028-05-30,126.76910298401465,37.677492948739626
2012-04-03,2028-05-30,126.7644546253262,37.67885228696881
2012-04-03,2028-05-30,126.83885064297465,37.65850236423843
2012-06-01,2028-05-30,126.7728968858172,37.68771893535046
2012-11-21,2028-05-30,126.78711468107485,37.67390205240356
2013-01-24,2028-05-30,126.74408386681056,37.66157003038731
1996-12-26,2019-03-20,126.76031707271734,37.68855279501441
2012-01-20,2017-05-22,126.77020607197642,37.68682842763883
2012-03-26,2015-06-01,126.76761612703952,37.6774733094315
2013-05-30,2028-05-30,126.76274661898566,37.69425521708279
2013-06-04,2028-05-30,126.82355399492957,37.620858643358936
2013-07-24,2028-05-30,126.7896987980638,37.64323357854387
2014-07-22,2028-05-30,126.75379018319249,37.66719468839091
2016-04-25,2028-05-30,126.89478793620866,37.64708380439961
2016-08-26,2028-05-30,126.79272877714385,37.64244304748819
2016-10-28,2028-05-30,126.86313524712457,37.62957497056881
2016-10-28,2028-05-30,126.86313524712457,37.62957497056881
2017-08-25,2028-05-30,126.75646859981394,37.66602366004583
2018-04-10,2028-05-30,126.89646626976362,37.64961145534782
2019-01-22,2028-05-30,126.75493918178317,37.65990115093979
2019-01-23,2028-05-30,126.75059024674876,37.66618598720858
2019-06-04,2028-05-30,126.89670837925937,37.6524048333838
2021-07-02,2028-05-30,126.89908218742849,37.65300750214217
2022-08-10,2028-05-30,126.75631836903409,37.699786747146746
2023-03-29,2028-05-30,126.83578583870441,37.653650709275034
2024-01-17,2028-05-30,126.83200797315442,37.619446286672336
2025-06-23,2028-05-30,126.7921199939775,37.66353943717736
1998-06-13,2028-05-30,126.78027125443866,37.64968974286486
1998-09-17,2028-05-30,126.76887208310912,37.65904406943442
1994-10-11,2028-05-30,126.78244671790216,37.647975084688724
2015-03-06,2028-05-30,126.76461196450717,37.667817531981626
1992-07-01,2028-05-30,126.76547032898243,37.668629884502735
1991-11-18,2028-05-30,126.76606327619439,37.666703133305305
1996-04-26,2028-05-30,126.777078006393,37.65482429954254
1996-05-24,2028-05-30,126.77935843049163,37.64889902363252
1996-11-06,2028-05-30,126.77935843049163,37.64889902363252
1996-11-15,2028-05-30,126.76116770558383,37.67099978941028
1996-11-15,2028-05-30,126.8361862429097,37.62518519848957
1997-01-29,2028-05-30,126.83341529163843,37.63266903762841
1997-06-09,2028-05-30,126.83273949501645,37.633576698818516
1997-07-05,2028-05-30,126.77757017857533,37.651417475974874
2001-10-15,2028-05-30,126.78027125443866,37.64968974286486
2001-10-15,2028-05-30,126.76706492897979,37.66741239538898
1998-09-24,2028-05-30,126.83139795518387,37.634346857098016
2000-01-10,2028-05-30,126.75536902859814,37.67332095217896
1996-05-24,2028-05-30,126.77935843049163,37.64889902363252
2001-05-26,2028-05-30,126.83113212502298,37.6329554146638
2003-07-01,2028-05-30,126.76809484268712,37.661263439506925
2004-09-06,2028-05-30,126.777078006393,37.65482429954254
2005-04-29,2028-05-30,126.75998175498493,37.68803768257842
2005-04-29,2028-05-30,126.83341529163843,37.63266903762841
2006-11-03,2028-05-30,126.76887208310912,37.65904406943442
2007-04-16,2028-05-30,126.77198662122713,37.65589345778847
2007-05-01,2028-05-30,126.77199621934317,37.66069874028494
2007-09-11,2028-05-30,126.76887208310912,37.65904406943442
1997-01-29,2028-05-30,126.83341529163843,37.63266903762841
2008-01-02,2028-05-30,126.78856475464303,37.64086135671601
1998-06-13,2028-05-30,126.76706492897979,37.66741239538898
1996-10-10,2028-05-30,126.8361862429097,37.62518519848957
2010-07-13,2028-05-30,126.75150143819221,37.66792167085469
2010-08-04,2028-05-30,126.75150143819221,37.66792167085469
1996-12-21,2014-11-20,126.99185294561052,37.4263074434319
2012-05-21,2022-04-18,126.99255892537292,37.426827332984104
2012-08-23,2023-08-08,126.99921770918402,37.43553529090001
1998-02-06,2028-05-30,126.99255892537292,37.426827332984104
2005-12-02,2028-05-30,126.99300451905799,37.427334312236134
2012-05-21,2028-05-30,126.99229142917142,37.42067290515877
2015-03-17,2028-05-30,126.99185294561052,37.4263074434319
1989-04-04,2028-05-30,126.99229142917142,37.42067290515877
1999-07-09,2021-03-31,127.14085625223089,37.612665136629815
2026-04-29,2028-05-30,127.14047965853928,37.59555034471314
2003-04-11,2008-11-10,127.14575025233655,37.60272955403469
2006-09-20,2007-08-03,127.14085625223089,37.612665136629815
2011-09-06,2017-07-12,127.13641838792273,37.59977882820788
2012-04-18,2021-03-09,127.14587507826603,37.59597117745211
2012-05-22,2015-12-24,127.13697038528396,37.60982762658382
2012-06-05,2018-01-31,127.14502095557957,37.59079769360877
1988-03-04,2028-05-30,127.1440232844514,37.596394531945464
1999-03-30,2028-05-30,127.14085625223089,37.612665136629815
1998-03-07,2028-05-30,127.14400755940984,37.60278732315043
2007-08-09,2028-05-30,127.14085625223089,37.612665136629815
2010-05-07,2028-05-30,127.14400755940984,37.60278732315043
2012-05-22,2028-05-30,127.13362324442278,37.59020268420214
2012-05-22,2028-05-30,127.14170547948501,37.60754840044811
2012-08-14,2028-05-30,127.14400755940984,37.60278732315043
2013-12-31,2028-05-30,127.1405308123348,37.61186006402708
2017-09-26,2028-05-30,127.11607955481398,37.63330058551166
2021-04-06,2028-05-30,127.14085625223089,37.612665136629815
2023-12-04,2028-05-30,127.14085625223089,37.612665136629815
2025-11-28,2028-05-30,127.1440232844514,37.596394531945464
1991-07-16,2007-10-12,127.13534448131405,37.59314600363259
2001-11-28,2028-05-30,127.2817088392542,37.656564579882726
2005-03-24,2028-05-30,127.21456337330034,37.58469447355626
2005-11-15,2028-05-30,127.24306080953136,37.65503530201018
2022-12-29,2028-05-30,127.15332788905982,37.62543638405621
2009-11-26,2028-05-30,127.18892700185697,37.72155307974767
2010-06-01,2028-05-30,127.18191642964092,37.7088282192823
2010-11-12,2028-05-30,127.30939844259235,37.650350014474384
2012-07-30,2028-05-30,127.1259610922188,37.64279401766866
2020-02-21,2028-05-30,127.15272309142169,37.61610086348298
2021-06-17,2028-05-30,127.2817088392542,37.656564579882726
2008-03-28,2028-05-30,127.1586753161558,37.608629836512804
1999-05-08,2009-12-10,127.0775416197061,37.16088714787582
1999-08-14,2009-12-01,127.07151977090227,37.14495850023827
2008-07-22,2013-01-31,127.06965536351017,37.14205440376792
2002-09-06,2028-05-30,127.0730158557476,37.14942630179124
2005-11-17,2028-05-30,127.07264237673398,37.140656850331794
2025-09-29,2028-05-30,127.0457013865717,37.177342508063354
2012-06-13,2028-05-30,127.04607255146192,37.192127409522335
2012-11-12,2028-05-30,127.06179079718879,37.17013466907592
2013-12-30,2028-05-30,127.04607255146192,37.192127409522335
2021-04-22,2028-05-30,127.07087382990737,37.14459170361466
2026-01-06,2028-05-30,127.0730158557476,37.14942630179124
2011-11-28,2028-05-30,127.06984542837199,37.14788579082698
2003-08-20,2024-07-11,126.68891037968345,37.34465077925175
2023-04-03,2028-05-30,126.67865636708434,37.33038503021249
2011-10-24,2019-06-30,126.74792276968104,37.34658423242947
1997-03-17,2028-05-30,126.72399142611175,37.33718515545239
2000-02-26,2028-05-30,126.79196740060783,37.443044993313094
2000-04-12,2028-05-30,126.73669876757651,37.34605327218654
2003-07-29,2028-05-30,126.75710984997272,37.37165629395623
2004-03-17,2028-05-30,126.72509833587509,37.34528178254144
2005-03-31,2028-05-30,126.73011848045921,37.336952306748366
2008-02-20,2028-05-30,126.70008642052343,37.34456604253288
2008-06-16,2028-05-30,126.72250471382199,37.346874998752035
1997-03-17,2028-05-30,126.72717308594565,37.33517571808007
2012-04-19,2028-05-30,126.74311095265193,37.352704508921114
2016-09-22,2028-05-30,126.73108186591762,37.369044013246565
2019-03-18,2028-05-30,126.73622529196959,37.379494241198856
2017-04-06,2028-05-30,126.68682857344422,37.33213926122503
2019-08-06,2028-05-30,126.72606044495613,37.36914234333264
2020-06-17,2028-05-30,126.80734169386919,37.371025363804456
2021-10-20,2028-05-30,126.72734290667843,37.370738829613124
1999-10-30,2005-03-25,126.93150272492001,37.36112156492408
2022-10-05,2028-05-30,126.92963477638637,37.365250998612176
2006-10-02,2028-05-30,126.93260175678924,37.36340133914854
2011-05-17,2028-05-30,126.93150272492001,37.36112156492408
2011-08-11,2028-05-30,126.93480157076358,37.37177294874876
2017-03-27,2028-05-30,126.94512925129429,37.351089072435066
2017-04-18,2028-05-30,126.93056755127661,37.37281559666551
2016-02-11,2028-05-30,126.93068787000146,37.35780598345254
2017-08-08,2028-05-30,126.93469724310324,37.34012830717798
2010-01-01,2028-05-30,126.94452972048832,37.324787358235774
2011-01-01,2028-05-30,126.9264709636948,37.34949427509401
2012-01-01,2028-05-30,126.9249588545503,37.35183880873635
2020-06-05,2028-05-30,126.94485890584951,37.37232270951377
2021-04-09,2028-05-30,126.92388167737181,37.31564321176272
2005-10-28,2028-05-30,126.9300175213368,37.35602022770197
2002-06-17,2028-05-30,126.9736714523731,37.3802429837334
2012-04-13,2028-05-30,126.97359080079282,37.35035590839643
2019-12-04,2028-05-30,127.00954654091558,37.375986445775474
2002-06-17,2028-05-30,126.9736714523731,37.3802429837334
2002-06-17,2028-05-30,126.9736714523731,37.3802429837334
2002-06-17,2028-05-30,126.9736714523731,37.3802429837334
1995-01-12,2022-03-15,127.22532756533333,37.54076601404627
2020-06-10,2028-05-30,127.2053614507757,37.55275125964334
1994-08-30,2028-05-30,127.21909074218306,37.53960057399674
1996-06-20,2028-05-30,127.22566377733482,37.53679077169868
2008-05-20,2028-05-30,127.2053614507757,37.55275125964334
2010-12-07,2028-05-30,127.21262381564665,37.53800552751051
2011-12-26,2028-05-30,127.20549807663726,37.53913527594648
2016-04-14,2028-05-30,127.22369678681997,37.54548510885499
2016-10-31,2028-05-30,127.14839849140448,37.48003734496243
2016-10-31,2028-05-30,127.14839849140448,37.48003734496243
2017-10-25,2028-05-30,127.19389061572747,37.55073367114497
2011-12-26,2019-11-26,127.19949322675882,37.54109671323426
1995-12-07,2020-12-23,127.09760246609369,37.32461393679521
2025-06-18,2028-05-30,127.10284299496425,37.23942469027534
2005-04-11,2019-11-24,127.09944178154242,37.32077994321868
2005-05-12,2006-10-16,127.10294351540722,37.309852833250446
2007-02-28,2021-01-28,127.15139222509606,37.275933716445365
2002-05-31,2028-05-30,127.10537373472143,37.30545761585745
2003-08-09,2028-05-30,127.07973799109304,37.32225171683992
2003-05-12,2028-05-30,127.0763125456836,37.26664377326991
2003-12-31,2028-05-30,127.10864050603877,37.328763893665446
2004-10-15,2028-05-30,127.13600940174057,37.26609196769315
2005-04-11,2028-05-30,127.0833570838565,37.31982077069997
2005-04-11,2028-05-30,127.0833570838565,37.31982077069997
2005-04-11,2028-05-30,127.09944178154242,37.32077994321868
2005-05-12,2028-05-30,127.10537373472143,37.30545761585745
2005-09-02,2028-05-30,127.10993116017389,37.32537762092365
2005-11-22,2028-05-30,127.18917702211152,37.231398425401686
2006-02-14,2028-05-30,127.10836705819226,37.32958495917761
2006-07-18,2028-05-30,127.1517027652197,37.27804297168759
2007-08-13,2028-05-30,127.1517027652197,37.27804297168759
2007-11-02,2028-05-30,127.13600940174057,37.26609196769315
2007-08-13,2028-05-30,127.1517027652197,37.27804297168759
2008-03-28,2028-05-30,127.13600940174057,37.26609196769315
2008-10-31,2028-05-30,127.1051286105284,37.24760103793107
2009-07-14,2028-05-30,127.07333843284444,37.27576317421979
2009-11-09,2028-05-30,127.10813696916067,37.32500848634666
2011-11-02,2028-05-30,127.20287487872218,37.23593481275301
2012-01-11,2028-05-30,127.20207578378299,37.235321960272934
2012-01-18,2028-05-30,127.21048821823075,37.230634926609866
2012-05-04,2028-05-30,127.10744094977771,37.2721610738936
2013-01-03,2028-05-30,127.10892877920091,37.238251064838465
2013-01-03,2028-05-30,127.10892877920091,37.238251064838465
2015-05-28,2028-05-30,127.10395408445359,37.239238557779046
2018-02-22,2028-05-30,127.0763125456836,37.26664377326991
2018-06-15,2028-05-30,127.11963677684763,37.224998869305146
2018-06-18,2028-05-30,127.1175303355341,37.274629407342424
2019-08-12,2028-05-30,127.11625337486323,37.222266414987516
2019-11-29,2028-05-30,127.11486411540778,37.22372253667774
2021-12-02,2028-05-30,127.22330411576755,37.24954331325296
2022-03-25,2028-05-30,127.29679817158876,37.233831988081974
2023-04-17,2028-05-30,127.07450824479513,37.30585898651985
2024-05-20,2028-05-30,127.15996470681976,37.25776140704398
2002-02-25,2025-05-15,127.20451455158585,37.23584291046366
2012-05-23,2015-01-31,126.78567310704703,37.853980067943
2012-05-23,2017-06-30,126.77297661400233,37.756244132884504
2003-12-16,2028-05-30,126.73832380658774,37.798785563819415
2004-09-20,2028-05-30,126.68778151666557,37.71382475303414
2008-09-01,2028-05-30,126.78488034906327,37.86923597875493
2010-12-09,2028-05-30,126.74509735971039,37.710349123785406
2010-03-24,2028-05-30,126.75151677431842,37.74690430058632
2010-09-17,2028-05-30,126.69630349077329,37.76953854973257
2011-10-26,2028-05-30,126.69377628477105,37.717753080437646
2012-05-23,2028-05-30,126.84869696548847,37.78029119174398
2012-06-27,2028-05-30,126.73676532520469,37.72952618718533
2025-05-26,2028-05-30,126.76520965929247,37.72797951508924
2025-07-16,2028-05-30,126.69377628477105,37.717753080437646
2025-12-30,2028-05-30,126.69377628477105,37.717753080437646
2012-02-06,2022-04-18,126.77319722831066,37.75575385079092
2012-03-14,2014-12-31,126.78264118470513,37.754870308230856
2012-05-23,2016-07-07,126.78510970983477,37.855580946780016
2000-09-15,2028-05-30,126.7772029051702,37.77293692728961
1992-06-17,2028-05-30,126.7817175942646,37.85680526870769
1998-06-12,2028-05-30,126.77567490974843,37.763367801390594
2012-05-23,2026-01-05,126.77781880781124,37.770693611542704
2013-08-06,2028-05-30,127.40045234670417,37.242013218135114
2011-07-04,2021-01-01,127.45704399256014,37.284611854058824
2013-04-04,2020-09-21,127.40769482652215,37.26371755724172
2012-06-26,2020-01-31,127.43647369232932,37.278710117578925
2025-03-04,2028-05-30,127.47444190507086,37.26094184931872
2017-09-20,2028-05-30,127.45492649489672,37.28082321451212
2016-07-07,2028-05-30,127.45530110831423,37.28408761256084
2009-09-12,2028-05-30,127.43572445269346,37.29651792744739
2016-03-29,2028-05-30,127.39656252158863,37.2436583104433
2014-12-17,2028-05-30,127.45465980380109,37.274651565176086
2013-10-30,2028-05-30,127.44131381809865,37.28200219014262
1999-09-13,2028-05-30,127.44762938545323,37.277509370425456
2000-05-22,2028-05-30,127.45892640452749,37.29413784971079
2000-05-03,2028-05-30,127.45892640452749,37.29413784971079
2012-06-26,2028-05-30,127.43980819014286,37.280036224066535
2012-06-26,2028-05-30,127.44574198800495,37.27844201817571
2012-06-26,2028-05-30,127.43980819014286,37.280036224066535
2002-12-26,2022-04-28,127.47444190507086,37.26094184931872
2017-11-13,2028-05-30,127.14113297746445,37.04512978400829
2017-07-05,2028-05-30,127.27053380882235,37.00680741392041
2016-04-06,2028-05-30,127.14753647752885,36.99437567777599
2013-01-07,2028-05-30,127.25598874252903,37.01272553810316
2012-04-02,2028-05-30,127.27433701108004,37.00613238070464
2011-05-20,2028-05-30,127.25598874252903,37.01272553810316
2010-03-29,2028-05-30,127.26780869251958,36.988686109758625
2008-11-14,2028-05-30,127.17218586812591,37.00982192339312
2008-08-27,2028-05-30,127.25598874252903,37.01272553810316
2006-10-04,2028-05-30,127.19961323357535,37.007815026484245
2017-12-21,2028-05-30,126.67755722700946,37.64047861912833
2018-03-28,2024-06-24,126.63299571684576,37.65061543966969
2019-03-05,2028-05-30,126.71295052468712,37.631712743929945
2021-05-20,2028-05-30,126.619476100003,37.64465862512579
2024-07-02,2028-05-30,126.63299571684576,37.65061543966969
2018-05-23,2028-05-30,126.78394018687251,37.59791475701946
2012-12-26,2021-11-09,126.59749649074337,37.69053611967045
2012-10-29,2020-03-25,126.59847432443658,37.69022841635395
2001-08-01,2028-05-30,126.69866039834639,37.62387824586624
2001-08-01,2028-05-30,126.69866039834639,37.62387824586624
2007-02-20,2028-05-30,126.72368829113717,37.60994444155358
2012-02-06,2028-05-30,126.71788056018458,37.61891221800727
2012-01-11,2025-12-23,126.69992805578495,37.6260474210163
2012-02-07,2028-05-30,126.720349937311,37.62162428474389
2012-06-28,2028-05-30,126.7058691896061,37.632130270807146
2016-07-13,2028-05-30,126.73079690670296,37.61258584458129
2015-02-09,2028-05-30,126.78562776599887,37.599409670669715
2014-05-12,2028-05-30,126.62822957402096,37.64443672639313
2014-09-26,2028-05-30,126.67755722700946,37.64047861912833
2000-09-28,2009-08-26,126.7210999494017,37.59759602080905
2009-12-30,2017-08-14,126.66987418919501,37.6566180514728
2012-04-27,2028-05-30,127.06626222652723,38.02820107990922
2018-03-07,2028-05-30,127.50261839862513,37.48944796926662
2005-01-20,2028-05-30,127.50134912215736,37.48998371450586
2011-11-25,2018-12-31,126.91606456905866,37.125914566991156
2021-02-25,2028-05-30,127.0971035238551,37.19350977471616
2004-08-05,2028-05-30,127.06647583043541,37.230389466854255
2006-01-20,2028-05-30,127.03670485376642,37.203688928849154
2007-01-18,2028-05-30,126.79047546230075,37.18613514223201
2007-12-18,2028-05-30,127.07971898874314,37.21439187525368
2021-02-10,2028-05-30,127.0684593681617,37.20278890237787
2011-02-07,2028-05-30,126.92182871247327,37.13076808881833
2017-04-17,2028-05-30,127.1142781998585,37.199174334010316
2017-12-13,2028-05-30,127.09794516687714,37.20220096886224
2019-11-11,2028-05-30,127.10498208230455,37.171317667298034
2020-05-08,2028-05-30,127.09732001565199,37.20037519515586
2008-12-17,2025-12-31,126.95908988139367,37.217595060666426
2009-09-15,2013-03-19,127.26127365127205,37.40956772772112
2011-09-19,2021-12-30,127.25642944572657,37.40590099780116
2021-11-03,2028-05-30,127.25626310901964,37.4082411474819
2012-09-21,2028-05-30,127.31258893612599,37.36330827383007
2012-04-13,2028-05-30,127.19543904843225,37.41102542393028
2009-09-11,2028-05-30,127.26127365127205,37.40956772772112
2009-09-23,2028-05-30,127.26127365127205,37.40956772772112
1997-04-26,2028-05-30,127.04289436604272,37.81715634778549
2005-01-12,2028-05-30,127.05256247411049,37.82750860693193
2013-02-22,2028-05-30,127.05234840861671,37.83138417467846
2007-03-12,2028-05-30,127.14128789468691,37.824288628427574
2013-01-07,2028-05-30,127.16011828200209,37.84796474176964
2007-03-12,2028-05-30,127.14128789468691,37.824288628427574
2011-10-04,2028-05-30,127.3190952423446,37.95877696266325
2011-01-21,2028-05-30,127.31869705842082,37.95959542519533
2012-03-28,2028-05-30,127.27517055013195,38.09014158943194
2026-01-12,2028-05-30,127.31874348402042,37.95889211563756
2007-11-20,2028-05-30,127.63732350395273,37.283919195782055
2007-05-22,2028-05-30,127.61234860674887,37.2413259743781
2017-09-18,2028-05-30,127.63508922752202,37.29742972860858
2008-03-05,2014-11-26,127.0152078790276,37.57175824579476
2022-06-28,2028-05-30,126.96080436479527,37.57538157007936
1991-07-31,2028-05-30,127.00891241427665,37.570394464983934
2003-10-20,2028-05-30,127.0081117543492,37.570781034737
2003-03-04,2028-05-30,126.9989474724974,37.57005466605422
2004-04-30,2028-05-30,126.97807978623544,37.57058241972444
2004-04-30,2028-05-30,126.9821314665899,37.56957985432895
2004-12-10,2028-05-30,127.00734649868136,37.57060612774882
1992-07-04,2028-05-30,126.9821314665899,37.56957985432895
2007-07-04,2028-05-30,126.99866664314554,37.57148290446832
2007-09-07,2028-05-30,127.01502975856934,37.577378988033786
2010-02-18,2028-05-30,126.99706339339052,37.57228587511994
2011-08-16,2028-05-30,127.01617777455024,37.57385172281614
2011-12-20,2028-05-30,126.97475334215235,37.570487513068045
1955-07-05,2028-05-30,126.9989474724974,37.57005466605422
1987-10-30,2028-05-30,127.01138777155863,37.57044905096186
2019-09-17,2028-05-30,126.987644582699,37.57221699285638
2019-09-17,2028-05-30,126.987644582699,37.57221699285638
1971-03-25,2028-05-30,127.02034480125528,37.572668686469996
1987-10-30,2028-05-30,127.02034480125528,37.572668686469996
1970-01-29,2028-05-30,127.00679116284725,37.56895556070812
1971-12-30,2028-05-30,126.99593916504612,37.56240267273545
1977-06-23,2028-05-30,126.98657605966358,37.56737724283774
1980-10-16,2028-05-30,127.01199029811018,37.568145333507516
2009-09-08,2028-05-30,127.01652842458952,37.56743002553783
2000-05-30,2028-05-30,126.98451968835946,37.56105248480946
1979-04-20,2028-05-30,127.01091275228643,37.56917993273494
1980-12-20,2028-05-30,126.97623958403584,37.559421999275784
1978-12-22,2028-05-30,126.9810895166794,37.56480980267952
2002-06-12,2028-05-30,127.01246335318402,37.568118269011066
1962-11-02,2028-05-30,127.01980449988699,37.566781192338944
2008-07-04,2015-08-27,127.02143375230517,37.57097824068418
1985-11-09,2015-08-27,127.00358864203479,37.564453983892264
1996-08-31,2015-08-27,126.98269734701074,37.564648919017955
2002-02-01,2015-08-27,126.98289052815613,37.56341330089293
2002-02-01,2015-08-27,126.96934987222181,37.560552765009206
2002-03-28,2015-08-27,127.00603503579146,37.55674999515243
2006-08-07,2015-08-27,126.97961692068593,37.56037704616326
1971-05-18,2015-08-27,126.96725728304195,37.55958754315929
2000-08-21,2025-02-14,126.97961692068593,37.56037704616326
2011-10-07,2024-08-04,127.00778691555173,37.54944902894124
2011-10-06,2023-04-20,126.98227869350177,37.561059655208275
2002-07-22,2028-05-30,127.00814274454117,37.5674926091252
2004-06-01,2028-05-30,126.96958512331359,37.558200744995275
1983-06-03,2028-05-30,127.01494699186773,37.569465092779254
1973-10-30,2028-05-30,126.9817223373676,37.56351197636452
2006-04-14,2028-05-30,127.01477889241201,37.56913747265061
2006-04-21,2028-05-30,127.01209961258442,37.56717366781075
2006-06-07,2028-05-30,127.00840553545372,37.56527160934832
2008-06-26,2028-05-30,127.02143375230517,37.57097824068418
2008-07-18,2028-05-30,127.02143375230517,37.57097824068418
2008-08-27,2028-05-30,126.9851617353538,37.56249977933322
2008-09-16,2028-05-30,127.00728091458602,37.56687323605641
1962-02-23,2028-05-30,127.00808515737326,37.56946500900096
2002-01-15,2028-05-30,126.98289052815613,37.56341330089293
1972-09-18,2028-05-30,126.99551698487758,37.5667577749292
1973-04-10,2028-05-30,126.98113873429625,37.560922626681275
2006-10-23,2028-05-30,127.01256391428204,37.568955099402295
2010-10-08,2028-05-30,127.0105631185638,37.56882317584218
1970-01-29,2028-05-30,127.00773233798803,37.568643465142
1981-10-27,2028-05-30,127.01141126952733,37.56846741085866
1979-12-27,2028-05-30,126.9810895166794,37.56480980267952
2012-08-31,2028-05-30,127.00699104011684,37.56576134080221
2012-12-27,2028-05-30,126.969436282357,37.55603122313692
1999-09-01,2028-05-30,126.969436282357,37.55603122313692
1979-05-25,2028-05-30,127.0119113872505,37.56864198799326
2014-01-10,2028-05-30,127.00928041286774,37.54901359113069
1998-08-11,2028-05-30,127.0083104122651,37.56832225828572
1976-11-02,2028-05-30,126.97923607267217,37.560736187246555
1968-07-30,2028-05-30,127.00691879316982,37.56861597256664
1996-07-05,2028-05-30,127.0127710889678,37.567195165332244
1999-01-05,2028-05-30,127.008752390732,37.568814080252
1985-11-28,2028-05-30,126.978978966968,37.56016510067754
1959-02-24,2028-05-30,127.00183110008504,37.56496024292963
1976-11-29,2028-05-30,127.00082129009877,37.56869783991347
1990-06-04,2028-05-30,127.01291061889067,37.56915774305282
2000-07-07,2028-05-30,127.00928041286774,37.54901359113069
2000-07-07,2028-05-30,127.00928041286774,37.54901359113069
2006-03-17,2028-05-30,126.98535284001672,37.56132835172584
2006-06-07,2028-05-30,127.00840553545372,37.56527160934832
1994-08-31,2028-05-30,127.01314083042352,37.56743161048317
1995-04-01,2028-05-30,126.98649926727963,37.56201481372997
1997-02-24,2028-05-30,127.01247147101668,37.56876770229332
2002-07-22,2028-05-30,126.97638488899594,37.5587286179485
2016-03-07,2028-05-30,127.00840553545372,37.56527160934832
2016-10-07,2028-05-30,127.015598415197,37.56284808170774
2017-03-23,2028-05-30,127.01209961258442,37.56717366781075
2017-10-31,2028-05-30,126.96340909121992,37.554217863879735
2019-10-17,2028-05-30,126.99536827404398,37.568047994194465
2021-07-16,2028-05-30,126.98269734701074,37.564648919017955
2025-06-05,2028-05-30,126.98271372478672,37.56171800623528
1964-10-13,2028-05-30,126.97795983647669,37.55939315418519
1996-07-04,2028-05-30,127.01348004037493,37.56764303067039
1970-11-30,2012-08-02,126.97194610417708,37.52016370049229
2025-02-20,2025-12-30,126.98521125509583,37.51725567571077
2001-08-04,2014-04-02,126.95040852544868,37.53402785850161
1975-07-01,2024-06-03,127.00028404948141,37.527212850404915
2012-03-13,2024-12-29,126.96473380993156,37.5331790005105
2014-07-31,2028-05-30,126.97186502620991,37.54221784620512
2014-07-31,2028-05-30,126.96736299144034,37.538275701386695
2020-08-13,2028-05-30,126.96238357873034,37.5328115344554
2021-04-15,2028-05-30,126.96749169812368,37.52592822540516
2022-06-29,2028-05-30,126.96341860229238,37.533621309236196
2022-08-08,2028-05-30,126.96935716788693,37.52094968777191
2024-10-28,2028-05-30,126.96540939620462,37.53388410512622
2025-05-29,2028-05-30,126.98986447268778,37.54027951032255
2004-09-21,2028-05-30,126.96415655958724,37.52955744385021
2012-03-20,2022-10-11,126.98521125509583,37.51725567571077
2014-08-05,2018-06-12,126.97266223474611,37.53662616570631
2022-05-02,2025-05-30,126.96376401634883,37.533053974774965
1985-07-01,2028-05-30,126.97416107052227,37.53342572855655
1993-04-13,2028-05-30,126.96430773803257,37.53410386100124
2004-12-22,2028-05-30,126.9679732028217,37.528193666550614
1993-04-13,2028-05-30,126.96430773803257,37.53410386100124
1960-02-17,2028-05-30,126.99005304092047,37.53382956200797
1987-11-26,2028-05-30,126.96503238893654,37.53301025821248
2006-08-25,2028-05-30,126.96415655958724,37.52955744385021
1968-11-09,2028-05-30,126.96362614988048,37.55129388203696
1987-02-13,2028-05-30,126.99358785249896,37.53470674075299
1987-10-31,2028-05-30,126.95972748576513,37.5328144871724
1987-11-10,2028-05-30,126.96341860229238,37.533621309236196
1988-06-23,2028-05-30,126.95989089044792,37.53368394668006
1985-11-12,2028-05-30,126.98521125509583,37.51725567571077
2012-03-23,2028-05-30,127.00566608352679,37.532116468174685
1985-11-12,2025-12-30,126.98521125509583,37.51725567571077
2001-05-24,2013-12-20,126.9624423354954,37.53192027796235
2018-02-28,2024-09-30,127.04019096729617,37.55648527618073
2013-02-19,2023-08-18,127.04425556297033,37.54753493648557
1962-01-25,2028-05-30,127.05481940940678,37.53780035503216
1962-01-21,2028-05-30,127.02273307010284,37.548564954517246
1980-09-05,2028-05-30,127.06626088378854,37.56021072095335
1982-10-16,2028-05-30,127.0141577879176,37.539739834786104
1998-08-03,2028-05-30,127.02711843767709,37.557901684665815
2000-03-31,2028-05-30,127.02920737287552,37.55588046832114
2001-09-13,2028-05-30,127.06031223148257,37.537837039622154
2006-03-20,2028-05-30,127.03841116012343,37.56974328768618
2007-03-23,2028-05-30,127.0349363578706,37.56439313281235
2008-06-27,2028-05-30,127.03805010090275,37.56368448270742
2008-08-28,2028-05-30,127.03838180360596,37.561288989190025
2012-02-14,2028-05-30,127.0325474059773,37.5627186202607
2012-02-24,2028-05-30,127.01643891949536,37.54996305439416
2012-03-21,2028-05-30,127.02085104718266,37.55452220203741
2014-12-09,2028-05-30,127.04019096729617,37.55648527618073
2023-06-16,2028-05-30,127.02764654296867,37.566110451490786
2023-06-16,2028-05-30,127.02764654296867,37.566110451490786
2023-07-21,2028-05-30,127.02471548756118,37.56936273953531
2023-09-14,2028-05-30,127.04425556297033,37.54753493648557
2025-08-04,2028-05-30,127.01384615991613,37.54496005822659
1969-01-09,2015-11-30,127.02347302573415,37.555973213465386
1979-08-10,2008-05-22,127.02256347838714,37.547810128959476
2005-03-31,2023-05-19,127.05299802040652,37.53970994757082
1968-12-07,2025-05-12,127.05545564904097,37.54754754571766
2005-11-11,2014-04-10,127.04127326917516,37.57065554228616
2011-10-04,2012-05-04,127.04912054991497,37.54094417325575
2012-03-22,2023-03-27,127.04896674343355,37.546965548721445
2012-04-02,2022-04-05,127.01733358793085,37.54095083650735
2026-03-11,2028-05-30,127.0559103699712,37.5403061218158
1979-07-09,2011-12-29,127.10655137409039,37.55052489311548
2011-09-22,2020-04-30,127.08268182385697,37.5618998411493
2011-10-05,2020-07-19,127.08452823103732,37.54260437896207
2012-03-21,2018-03-19,127.09229739963442,37.538575264595416
1970-12-23,2028-05-30,127.06486241701927,37.536486933730586
1971-05-01,2028-05-30,127.06738998970377,37.538890979021375
1971-05-08,2028-05-30,127.08131353994482,37.56391831673466
1977-01-31,2028-05-30,127.08847575222997,37.55799512610839
1979-07-16,2028-05-30,127.07643573557439,37.531994111937955
1980-04-07,2028-05-30,127.06990025967433,37.54350266462557
1980-06-18,2028-05-30,127.08113771520573,37.563597650069354
1989-08-23,2028-05-30,127.09358546447395,37.533917649584474
1990-11-17,2028-05-30,127.09860427994668,37.540620856460556
1992-11-05,2028-05-30,127.09587402591677,37.538627492316074
1997-01-30,2028-05-30,127.097621027477,37.53739772412874
1998-03-23,2028-05-30,127.09576477877151,37.53569972088515
1998-03-23,2028-05-30,127.09576477877151,37.53569972088515
2006-02-28,2028-05-30,127.08415341852718,37.53090626575643
2006-12-14,2028-05-30,127.07263204924841,37.53780315327302
2008-08-22,2028-05-30,127.07113672241749,37.53878864041637
2008-09-03,2028-05-30,127.0710869590308,37.548437897892086
2011-09-22,2028-05-30,127.08131353994482,37.56391831673466
2011-10-04,2028-05-30,127.06990025967433,37.54350266462557
2011-10-05,2028-05-30,127.0888205410568,37.554546209072114
2012-03-06,2028-05-30,127.08003217134156,37.55762635606199
2012-03-21,2028-05-30,127.0921766780891,37.55197770259599
2012-03-29,2028-05-30,127.09426973105491,37.540533634993594
2015-04-03,2028-05-30,127.06594961896838,37.541151667951155
2021-06-08,2028-05-30,127.08877775149712,37.54549983916145
2022-07-13,2028-05-30,127.08452823103732,37.54260437896207
2024-01-05,2028-05-30,127.08870185001213,37.535396838752185
2024-07-04,2028-05-30,127.08123800327968,37.554917639214736
2025-06-12,2028-05-30,127.08537329837097,37.538052374779895
2025-09-03,2028-05-30,127.08237774352992,37.55643160191793
1979-09-13,2017-12-27,127.04602635573723,37.57981784747906
2025-12-24,2028-05-30,127.06353492843016,37.5984958283707
1972-09-01,2001-05-02,127.05745279658026,37.568601701067784
1974-07-10,2008-01-14,127.056056791377,37.59081804962611
1962-03-12,2006-03-02,127.06189469636743,37.598488373179414
1961-10-23,2001-02-05,127.05777090308707,37.57317828751622
1999-01-26,2003-04-01,127.03560016375678,37.5785614740031
2002-10-22,2007-01-02,127.06985965548623,37.571670772174464
2002-11-12,2003-04-01,127.03560016375678,37.5785614740031
2004-09-08,2008-01-14,127.05616370088367,37.59113321460448
2004-11-22,2005-03-02,127.06189469636743,37.598488373179414
2004-11-22,2005-03-02,127.06189469636743,37.598488373179414
2007-02-05,2021-11-01,127.04299104089878,37.57729888783834
2011-09-26,2014-08-28,127.06197929553994,37.59928636798543
2012-05-07,2014-12-31,127.07238912043266,37.571926233642095
2012-05-21,2025-05-24,127.05933904930157,37.59466804794663
2013-08-14,2014-12-31,127.07238912043266,37.571926233642095
2026-03-11,2028-05-30,127.05286618540165,37.59327681776669
2026-03-11,2028-05-30,127.06353492843016,37.5984958283707
2003-10-23,2025-12-29,127.03878899561964,37.57451024751665
2014-09-25,2026-01-31,127.05286618540165,37.59327681776669
1977-12-26,2028-05-30,127.02951988606237,37.578404037996464
1960-06-29,2028-05-30,127.0393127766243,37.579163004415186
1972-10-12,2028-05-30,127.04151882725205,37.57979461978887
1948-09-21,2028-05-30,127.04438984325353,37.58143958326397
1978-12-28,2028-05-30,127.04699785485755,37.57454062006256
1974-04-02,2028-05-30,127.0570616103433,37.5779585374823
1971-03-11,2028-05-30,127.05230943542615,37.56762799572115
1975-09-05,2028-05-30,127.0685683485677,37.57788465786354
1974-07-11,2028-05-30,127.06603158967864,37.59460578978664
1972-07-12,2028-05-30,127.06189469636743,37.598488373179414
2004-07-22,2028-05-30,127.03560016375678,37.5785614740031
2005-04-29,2028-05-30,127.07238912043266,37.571926233642095
2005-04-29,2028-05-30,127.07238912043266,37.571926233642095
2006-04-24,2028-05-30,127.03767464475749,37.57779706944532
2007-05-09,2028-05-30,127.03651040597127,37.578523105755444
2006-04-24,2028-05-30,127.03767464475749,37.57779706944532
2009-03-20,2028-05-30,127.06189469636743,37.598488373179414
2010-07-23,2028-05-30,127.04699237620608,37.58097731296299
2010-08-11,2028-05-30,127.04699237620608,37.58097731296299
2011-03-15,2028-05-30,127.06218115448041,37.56627371894412
2021-08-26,2028-05-30,127.06189469636743,37.598488373179414
2011-09-07,2028-05-30,127.06046586102632,37.576642138437144
2011-09-07,2028-05-30,127.0707094155519,37.58151271232202
2011-09-26,2028-05-30,127.05329126361198,37.567571368011706
2011-12-28,2028-05-30,127.06218115448041,37.56627371894412
2013-11-27,2028-05-30,127.056056791377,37.59081804962611
2008-08-06,2028-05-30,127.02553836882228,37.57283160828369
2009-03-20,2028-05-30,127.06189469636743,37.598488373179414
2018-01-25,2028-05-30,127.0393127766243,37.579163004415186
2022-07-11,2028-05-30,127.04299104089878,37.57729888783834
2023-03-14,2028-05-30,127.07257533945074,37.575041813742246
2025-01-20,2028-05-30,127.06023024432932,37.60008366980657
2025-06-23,2028-05-30,127.06263222542037,37.59296829357671
1963-01-31,2015-07-24,127.03471648032064,37.586234570775254
2000-05-03,2024-05-14,127.09345374818088,37.59648193110617
2012-01-06,2028-05-30,127.08629636643842,37.57954757521555
1995-08-23,2012-11-08,127.08672976934163,37.59367936935986
2001-03-28,2028-05-30,127.0972792973745,37.608053174458924
1975-09-09,2028-05-30,127.07746402222061,37.59929302707515
2013-11-28,2028-05-30,127.090513696467,37.59810117786604
1971-12-10,2028-05-30,127.08989085424572,37.58983597397475
2021-11-25,2028-05-30,127.09267740611489,37.61632567248335
2023-04-04,2028-05-30,127.10926937540938,37.60221989643916
2024-02-08,2028-05-30,127.09683547329495,37.60175659567061
2025-11-25,2028-05-30,127.07566696896247,37.60297410781344
2026-04-27,2028-05-30,127.0775218364142,37.61541735336195
2001-04-18,2028-05-30,127.09021231387109,37.596863859821774
2006-08-28,2028-05-30,127.09376325764806,37.61579464889895
2006-10-26,2028-05-30,127.0810630882418,37.57992801181852
2010-07-21,2028-05-30,127.07755259762108,37.613845905603895
2010-12-29,2028-05-30,127.090513696467,37.59810117786604
2010-07-21,2028-05-30,127.07755259762108,37.613845905603895
2011-07-04,2028-05-30,127.07746402222061,37.59929302707515
2011-08-09,2028-05-30,127.08805846070565,37.584002801477205
2011-08-09,2028-05-30,127.1002281220932,37.594939187551276
2011-10-07,2021-03-31,127.07711496939042,37.59294659342008
1968-08-14,2008-04-22,127.05765092201356,37.613375447497404
1974-05-10,2007-02-13,127.00725447103348,37.589195854671104
1970-02-27,2007-03-30,127.00918873814507,37.60855466338448
1972-07-04,2018-07-12,127.05075513076035,37.61310572856682
2003-12-24,2008-07-29,127.05025178273243,37.61292084157664
2008-06-20,2025-08-08,127.05765092201356,37.613375447497404
2011-09-21,2022-02-23,127.01617414319426,37.59226270549778
2012-04-12,2020-06-30,127.01797280888924,37.610872065841754
2012-04-20,2024-04-08,127.03876803680798,37.60420777256109
2017-04-27,2022-02-23,127.01617414319426,37.59226270549778
2017-04-27,2024-04-08,127.01914957417902,37.60877891327971
2012-05-21,2022-02-23,127.01882884096686,37.60977638733782
2023-06-08,2024-04-08,127.03876803680798,37.60420777256109
2026-05-13,2028-05-30,127.00730505560466,37.61858596931108
1998-05-22,2028-05-30,127.05025178273243,37.61292084157664
1971-05-22,2028-05-30,127.05268740343102,37.60821570658386
1972-09-30,2028-05-30,127.04794005299388,37.621319065784554
1994-04-29,2028-05-30,127.05025178273243,37.61292084157664
1988-05-14,2028-05-30,127.02972785700298,37.61085636630366
2001-08-11,2028-05-30,127.02872463659102,37.60837444619133
2003-02-10,2028-05-30,127.02176698670556,37.60271205081034
2003-02-10,2028-05-30,127.0220381774757,37.60330383954434
2008-05-29,2028-05-30,127.02972785700298,37.61085636630366
2004-09-22,2028-05-30,127.02972785700298,37.61085636630366
2008-10-27,2028-05-30,127.03348908142692,37.60196395509332
2010-04-28,2028-05-30,127.02972785700298,37.61085636630366
2010-05-19,2028-05-30,127.04044516263977,37.60182099468299
2010-06-30,2028-05-30,127.03099593928009,37.60505242118463
2011-09-02,2028-05-30,127.01031865619247,37.59480784799897
2011-09-08,2028-05-30,127.01778977719724,37.59787214274796
2012-04-12,2028-05-30,127.01794473678456,37.607561323203015
2012-04-25,2028-05-30,127.01717656382603,37.59260511526554
2012-05-14,2028-05-30,127.00655813276502,37.587862699016554
2012-05-21,2028-05-30,127.04846046201183,37.62293509265502
2012-05-21,2028-05-30,127.01832344051402,37.60326102246074
2012-05-21,2028-05-30,127.02146005605303,37.580758970468274
2012-05-21,2028-05-30,127.01882884096686,37.60977638733782
2012-10-16,2028-05-30,127.01031865619247,37.59480784799897
2008-05-29,2028-05-30,127.02972785700298,37.61085636630366
2012-02-24,2028-05-30,127.03099593928009,37.60505242118463
2017-04-26,2028-05-30,127.01847759673791,37.58012927193481
2019-05-24,2028-05-30,127.01031865619247,37.59480784799897
2022-04-18,2028-05-30,127.02600169134219,37.6080757424732
2023-04-18,2028-05-30,127.02244516526333,37.60430589277738
2023-04-18,2028-05-30,127.02244516526333,37.60430589277738
2025-01-15,2028-05-30,127.01858611100751,37.58586874570958
2009-09-22,2014-12-22,127.02646000022919,37.621567387691506
2011-08-23,2028-05-30,127.01893931549452,37.61794948399367
2011-09-16,2022-01-15,127.02294816184707,37.630781162757245
2011-09-16,2020-07-04,127.02040151041328,37.61731167923513
2012-03-20,2019-02-27,127.02072627643977,37.61394230249384
2011-09-09,2028-05-30,127.01771824860666,37.62557412553903
2011-12-02,2028-05-30,127.02700445873168,37.622739002353136
2012-03-22,2028-05-30,127.02646000022919,37.621567387691506
2012-03-22,2028-05-30,127.0273406966217,37.62421941126645
1962-08-21,2028-05-30,127.01996894929079,37.64598746017267
2014-12-24,2028-05-30,127.03051401320702,37.61370134770077
2024-02-07,2028-05-30,127.03485851280048,37.61361118377402
2025-04-07,2028-05-30,127.01616583116707,37.631106771586005
2025-08-29,2028-05-30,127.02294816184707,37.630781162757245
1966-12-19,2028-05-30,127.02294816184707,37.630781162757245
1971-07-19,2028-05-30,127.03034508465481,37.63623649685997
1971-11-18,2028-05-30,127.02132757252862,37.640346470671595
1975-02-11,2028-05-30,127.01879486997137,37.62024700693145
1975-02-11,2028-05-30,127.01879486997137,37.62024700693145
1998-10-12,2028-05-30,127.02345066046935,37.631696571997814
1998-06-25,2028-05-30,127.02345066046935,37.631696571997814
2003-12-09,2028-05-30,127.02345066046935,37.631696571997814
2003-04-25,2028-05-30,127.02976571961703,37.61272003848492
2006-12-14,2028-05-30,127.03052586763404,37.61421600242491
2008-07-10,2028-05-30,127.01613359490307,37.63621705962416
2009-09-10,2028-05-30,127.03071530021,37.612056611724206
2011-01-24,2028-05-30,127.03034508465481,37.63623649685997
2011-08-23,2016-11-30,127.03350983598467,37.63513056368228
2002-06-20,2020-11-30,127.04522234229411,37.667860250299015
2026-04-10,2028-05-30,127.04689606059188,37.67325871940759
2003-02-03,2028-05-30,127.04806031906456,37.68573653406902
2003-06-25,2028-05-30,127.04374229622633,37.66484191765441
2006-09-04,2028-05-30,127.03728042761226,37.64008081461145
2010-04-02,2028-05-30,127.04732811309458,37.652021745906644
2010-11-30,2028-05-30,127.04767628356151,37.674550091526
2011-09-26,2028-05-30,127.03509192075012,37.64348259072194
2012-01-05,2028-05-30,127.03509192075012,37.64348259072194
2012-03-15,2028-05-30,127.03533746188704,37.659188590617575
2012-03-18,2028-05-30,127.03713283011089,37.64646800191151
2012-03-15,2028-05-30,127.02715023425392,37.6614319227706
2012-03-26,2028-05-30,127.03509192075012,37.64348259072194
1995-11-29,2028-05-30,127.03753132785643,37.64237063178082
1989-08-04,2028-05-30,127.02715023425392,37.6614319227706
2019-03-28,2028-05-30,127.03814340837685,37.66140606466197
2021-03-02,2028-05-30,127.02737500054204,37.66008935599656
2024-07-08,2028-05-30,127.04145843449494,37.65366101320205
2025-10-16,2028-05-30,127.04522234229411,37.667860250299015
2026-04-09,2028-05-30,127.0476815383458,37.65337801891677
2012-03-26,2019-11-11,127.02880123402099,37.6510077643044
1996-09-18,2028-05-30,127.0769289217823,37.64837735573649
2025-05-28,2028-05-30,127.07415958476138,37.62632632692008
1998-12-31,2028-05-30,127.07196812158179,37.66038737689708
2001-12-07,2028-05-30,127.06860828008952,37.639918619962145
1999-12-29,2028-05-30,127.06107838266948,37.65514414560184
2002-11-14,2028-05-30,127.06870679906628,37.63786620538064
2004-02-26,2028-05-30,127.05488868472831,37.68027004862583
2004-09-06,2028-05-30,127.06185806092482,37.62734056937597
2004-12-13,2028-05-30,127.07027469354219,37.64729551768379
2004-06-01,2028-05-30,127.0743316234699,37.649827566405094
2005-03-29,2028-05-30,127.06185806092482,37.62734056937597
2005-03-29,2028-05-30,127.06185806092482,37.62734056937597
2005-05-27,2028-05-30,127.06870679906628,37.63786620538064
2005-08-26,2028-05-30,127.06107838266948,37.65514414560184
2005-12-02,2028-05-30,127.06376123799637,37.655339228844866
2007-04-19,2028-05-30,127.0647544451985,37.638826734358425
2007-08-06,2028-05-30,127.06927172455039,37.63658858850927
2009-09-21,2028-05-30,127.06798749459061,37.641304308466914
2010-07-09,2028-05-30,127.06915959734353,37.65978392843565
2011-06-21,2028-05-30,127.06556525162152,37.66411846826417
2011-06-21,2028-05-30,127.07954060726037,37.6226499793567
2011-12-29,2028-05-30,127.0685680037159,37.61780287044791
2004-01-02,2016-03-31,127.08662030099863,37.62198679072843
2011-12-29,2028-05-30,127.08360208977597,37.6208108686455
2012-03-26,2028-05-30,127.0712726267071,37.62814131429262
2022-03-18,2028-05-30,127.0757692997101,37.65917276818597
2024-01-02,2028-05-30,127.07784597696723,37.66495291279866
2024-10-18,2028-05-30,127.0678197214183,37.6640328833684
1997-11-20,2028-05-30,127.07530948401002,37.62194845058151
2007-04-11,2028-05-30,126.92900366369415,37.60972139183688
2001-10-31,2028-05-30,126.92019251863375,37.60035756580947
2009-11-05,2028-05-30,126.91895685859708,37.602972653552165
2011-07-25,2028-05-30,126.91656797272222,37.61143298533831
2011-08-11,2028-05-30,126.91783596112401,37.594261902444224
2011-09-16,2028-05-30,126.92189932056401,37.61860695272373
2011-12-19,2028-05-30,126.93287138445334,37.61766623699478
2012-02-06,2028-05-30,126.91033527944549,37.5988832367825
2012-03-23,2028-05-30,126.90965570694925,37.614947068042994
2012-03-20,2026-04-14,126.92246175564189,37.60610260178994
2016-04-27,2028-05-30,126.91802306891302,37.63748270230912
2024-05-01,2028-05-30,126.90844388654524,37.5964562314536
2005-09-01,2028-05-30,126.92900366369415,37.60972139183688
1965-05-31,2018-04-17,126.91742329261437,37.623608517132254
1966-12-07,2017-04-04,126.93050655817461,37.60059403067314
1971-09-23,2009-10-26,126.91895685859708,37.602972653552165
2011-09-20,2012-10-04,126.93210882534558,37.612377655425874
2011-09-16,2017-06-30,126.9193413577304,37.6177886754871
2011-09-16,2016-09-28,126.91990473625286,37.620226290002286
2012-03-21,2021-01-21,126.92061302602782,37.608265556156674
1970-09-12,2028-05-30,126.91856330563999,37.59439514602438
1970-12-24,2028-05-30,126.93286067153845,37.61475431534669
1975-03-04,2028-05-30,126.92198043118307,37.619449029597085
2003-07-22,2028-05-30,126.90506775358931,37.581458741441395
1991-04-18,2028-05-30,126.92189932056401,37.61860695272373
2001-11-01,2028-05-30,126.92019251863375,37.60035756580947
2002-04-09,2028-05-30,126.92147825568915,37.61963453751897
2001-11-01,2028-05-30,126.92019251863375,37.60035756580947
2009-09-28,2028-05-30,126.89864895233556,37.579593311292804
2022-08-16,2028-05-30,126.91569121362488,37.571549437967974
2024-01-31,2028-05-30,126.94795758900945,37.559518366022466
2024-01-31,2028-05-30,126.94795758900945,37.559518366022466
2024-07-25,2028-05-30,126.91569121362488,37.571549437967974
2024-11-12,2028-05-30,126.94856412435695,37.5900205563416
1970-08-14,2028-05-30,126.9420431160186,37.59100216020124
1987-10-24,2028-05-30,126.91592661474185,37.57071872635978
1992-11-19,2028-05-30,126.93588375224026,37.556157279737306
2006-09-19,2028-05-30,126.94191742505407,37.55979471782844
2007-08-09,2028-05-30,126.9449223974206,37.55764123075712
1999-04-29,2028-05-30,126.92966305825414,37.56714457747954
2012-03-26,2028-05-30,126.91023338045106,37.57789295570272
2013-06-16,2028-05-30,126.91362635421214,37.58245502816389
2012-02-07,2028-05-30,126.94736485955369,37.58520954176131
2011-07-01,2028-05-30,126.94247991126487,37.59139604533183
2021-12-20,2022-10-11,126.94640517565257,37.586174696859096
2021-12-16,2028-05-30,126.91565911367293,37.57597385731098
2018-04-12,2028-05-30,126.94247991126487,37.59139604533183
2021-07-16,2028-05-30,126.91748282911765,37.57613286228368
2021-07-29,2028-05-30,126.94734707516456,37.599043969033815
2021-12-20,2028-05-30,126.9265269114799,37.58158421010519
2021-12-20,2028-05-30,126.92862643105256,37.558523112166355
2022-04-05,2028-05-30,126.92312036094825,37.58022670299388
2005-10-07,2015-04-16,126.91678914308625,37.55737028369269
1971-05-20,2019-02-15,126.93467750598576,37.55471054214024
1974-06-05,2025-04-23,126.92672789040905,37.56238466693305
2006-05-16,2015-11-18,126.94722315617155,37.54144039961446
2011-12-13,2014-01-07,126.91045320121337,37.55627861557627
2009-06-18,2022-01-19,126.93536524851069,37.555372397299315
1977-07-15,2028-05-30,126.95331382577508,37.54519720186444
1998-07-18,2028-05-30,126.89813862485606,37.56508637775626
2005-02-24,2028-05-30,126.89813862485606,37.56508637775626
2007-05-07,2028-05-30,126.9318225944661,37.546593688855694
2008-03-31,2028-05-30,126.92475845226167,37.557192018068385
1974-04-14,2028-05-30,126.9533764866465,37.54481398731252
1970-07-29,2028-05-30,126.91317157635329,37.54822090141168
1972-06-22,2028-05-30,126.91267860846474,37.5534681424397
1972-09-13,2026-04-15,126.93557254909153,37.545430556095624
1972-07-19,2028-05-30,126.92167356381529,37.55352210297153
1994-05-10,2028-05-30,126.93598120145995,37.55512149362935
2009-11-12,2028-05-30,126.90630246266758,37.55848972765168
2010-12-23,2028-05-30,126.95336471552253,37.542444061176376
2010-12-23,2028-05-30,126.95336471552253,37.542444061176376
2011-01-06,2028-05-30,126.91378228321018,37.55093477820674
2011-07-29,2028-05-30,126.92492424803761,37.55731512052126
2011-12-12,2028-05-30,126.95178721413218,37.53778453181956
2012-03-22,2028-05-30,126.93268178049208,37.545956253903626
2012-04-17,2028-05-30,126.92042130372616,37.564499572145614
2009-05-29,2028-05-30,126.95059611328745,37.54493136738706
2008-08-12,2028-05-30,126.94023493412914,37.545398397377575
2018-08-14,2028-05-30,126.92479475087727,37.55952823076742
2018-08-13,2028-05-30,126.92479475087727,37.55952823076742
2019-07-24,2028-05-30,126.93441123007098,37.551071118062005
2021-04-22,2028-05-30,126.94772168253975,37.5529777149255
1981-09-23,2028-05-30,126.8663386343088,37.53915319991223
2025-01-20,2028-05-30,126.87016700772475,37.54420218163546
2002-08-09,2028-05-30,126.87503470974518,37.52685435543441
2004-06-04,2028-05-30,126.87608367264926,37.52937344939226
2006-03-28,2028-05-30,126.86448496578437,37.54902616511313
2008-10-16,2028-05-30,126.86454898153468,37.508257316133395
1976-06-16,2028-05-30,126.86448496578437,37.54902616511313
2011-05-20,2028-05-30,126.87127177719786,37.52585376143453
2011-06-30,2028-05-30,126.85299057934495,37.519168364179606
2011-09-15,2028-05-30,126.86454898153468,37.508257316133395
2011-09-15,2028-05-30,126.86261051707078,37.5450201427885
2012-04-05,2028-05-30,126.87294902673635,37.534359202364236
2012-04-10,2028-05-30,126.86075641906636,37.515054688150954
2012-05-23,2028-05-30,126.83292445213517,37.54093963205404
2012-05-23,2028-05-30,126.84325773779716,37.50979714021213
2012-05-31,2028-05-30,126.82876821647803,37.53975653411449
2012-05-31,2028-05-30,126.87159139360848,37.53193183083985
2020-05-26,2028-05-30,126.87068788431172,37.546588114896956
2006-11-01,2008-10-31,126.87327656138908,37.5303277855918
2008-11-03,2024-06-01,126.87327656138908,37.5303277855918
2010-04-05,2011-05-19,126.87127177719786,37.52585376143453
2011-09-15,2020-09-30,126.86377840322523,37.52832586409648
2011-09-15,2014-11-30,126.86243303301013,37.525642034948945
2011-09-15,2022-04-13,126.86130735212083,37.52543034961848
2012-05-23,2013-10-14,126.85965678398358,37.51982485009271
2015-04-22,2018-01-31,126.8767114732636,37.52371345372552
2001-03-01,2021-09-28,126.87131883199757,37.522479202400234
2026-03-03,2028-05-30,126.8763701726466,37.51576503381028
2020-05-29,2028-05-30,126.87068788431172,37.546588114896956
2021-08-26,2028-05-30,126.86423818240272,37.524839574971196
2022-10-04,2028-05-30,126.87143270703316,37.522922045268345
1988-09-19,2028-05-30,126.8336148867298,37.52266236712918
1987-10-30,2022-10-04,126.83951242444762,37.53540107796825
2011-10-05,2028-05-30,126.8392646287184,37.54234713298673
1999-12-16,2012-02-01,126.83930828719329,37.56012610247845
2003-01-23,2014-10-16,126.7986585358708,37.56181073703493
2010-04-15,2018-12-26,126.85326728972488,37.56161088928245
2011-08-19,2012-07-27,126.80956365957763,37.567952322743764
2012-03-12,2012-07-30,126.83600549435879,37.551436984977684
2012-03-29,2021-11-12,126.86861248649132,37.5516282013294
2012-03-29,2014-08-22,126.87136854889546,37.55563512050627
2003-04-03,2016-04-01,126.80537596988061,37.566445332300496
2002-10-25,2018-02-01,126.84226603508951,37.5665445304653
2017-06-17,2025-01-01,126.82543031843723,37.568106730209195
2017-08-14,2025-01-01,126.84036380975147,37.56829203645718
2026-02-19,2028-05-30,126.80988514713485,37.559669614782976
1995-05-01,2028-05-30,126.85125022310072,37.554854664820546
2000-10-06,2028-05-30,126.85010522449795,37.56426917246749
2002-08-01,2028-05-30,126.81192430506982,37.571975066367415
2004-05-03,2028-05-30,126.85125022310072,37.554854664820546
2005-08-26,2028-05-30,126.85501556143946,37.5584083077676
2005-09-07,2028-05-30,126.81192430506982,37.571975066367415
2006-02-10,2028-05-30,126.85501556143946,37.5584083077676
2006-05-19,2028-05-30,126.87282325111173,37.54949339749977
2008-10-31,2028-05-30,126.85010522449795,37.56426917246749
2009-03-05,2028-05-30,126.83592086954441,37.549582392930475
2011-01-18,2028-05-30,126.80299177996905,37.56505959423036
2011-07-01,2028-05-30,126.83876823661723,37.541465071700834
2011-07-14,2028-05-30,126.85896226749492,37.53306031139079
2011-09-19,2028-05-30,126.84034993609394,37.55996285818643
2011-10-04,2028-05-30,126.80772660609443,37.57199763873918
2011-10-05,2028-05-30,126.84653822632778,37.53162222877258
2012-03-12,2028-05-30,126.84752274617959,37.548973149335275
2012-03-29,2028-05-30,126.83592086954441,37.549582392930475
2012-03-29,2028-05-30,126.82083777775043,37.57102683098152
2012-04-10,2028-05-30,126.84931647414062,37.547496063918445
2013-06-17,2028-05-30,126.83541514362646,37.53910595999454
2015-03-23,2028-05-30,126.87269053176159,37.55066329405065
2017-03-30,2028-05-30,126.84656462791355,37.56506175214169
2017-10-11,2028-05-30,126.84323161192961,37.56992201071576
2018-07-30,2028-05-30,126.82360760974488,37.56268715300835
2023-01-27,2028-05-30,126.85326728972488,37.56161088928245
2023-12-28,2028-05-30,126.8676747135324,37.55502205362341
2024-01-10,2028-05-30,126.82478817317178,37.56128201073509
2024-10-25,2028-05-30,126.82540551173334,37.56370118489876
2024-10-25,2028-05-30,126.82560538680809,37.56593943946833
2025-05-27,2028-05-30,126.81856661171105,37.56671271739397
2025-09-23,2028-05-30,126.86619695905924,37.55239292690521
1999-12-28,2022-09-27,126.86227382582288,37.55795417414097
2007-11-19,2012-05-02,126.87265626754741,37.49823479148564
1993-08-30,2019-10-14,126.88283926181812,37.50117652346087
2005-11-17,2024-11-20,126.8626637433459,37.49810091148319
1986-12-10,2024-02-08,126.8426529468868,37.495016614109595
2011-08-10,2025-06-30,126.88889752194498,37.50858482472635
2005-06-01,2028-05-30,126.87265626754741,37.49823479148564
2005-06-01,2028-05-30,126.87265626754741,37.49823479148564
2005-11-15,2028-05-30,126.86233726225808,37.49779145675339
2005-11-18,2028-05-30,126.8626637433459,37.49810091148319
2007-08-13,2028-05-30,126.88774360185636,37.5094208577634
2007-09-27,2028-05-30,126.89031910017455,37.50697389460416
2007-11-08,2028-05-30,126.8841128372782,37.49989665473903
2007-11-19,2028-05-30,126.89031910017455,37.50697389460416
1999-07-27,2028-05-30,126.89792181703947,37.4843488883446
1989-03-20,2028-05-30,126.87698705207787,37.495874682978176
1998-05-12,2028-05-30,126.87458587539376,37.50090412995104
1996-06-27,2028-05-30,126.87952533288367,37.504195999143086
1994-03-30,2028-05-30,126.87533969943732,37.50623520817151
1986-11-01,2028-05-30,126.8607805615262,37.49980866274303
1993-01-15,2028-05-30,126.86190462217516,37.498639362370156
1998-01-14,2028-05-30,126.87790710422988,37.50061896077233
1998-11-26,2028-05-30,126.86312697559761,37.49745623940571
1993-05-27,2028-05-30,126.85116385493922,37.5020159593472
1971-10-19,2028-05-30,126.86280053770307,37.50380050508011
1976-12-28,2028-05-30,126.85344234651404,37.485969219929245
2011-09-19,2028-05-30,126.85390051953912,37.49167942072531
2012-04-20,2028-05-30,126.83972535428738,37.49150311343814
2012-04-20,2028-05-30,126.85556958007413,37.497690749852694
2012-06-20,2028-05-30,126.87272262746242,37.495881136951404
2020-06-26,2028-05-30,126.88283926181812,37.50117652346087
2022-03-18,2028-05-30,126.85917693494035,37.49853067421133
2007-08-28,2020-12-27,126.87265626754741,37.49823479148564
1986-12-10,2028-05-30,126.8426529468868,37.495016614109595
1986-11-01,2028-05-30,126.8607805615262,37.49980866274303
1989-03-20,2028-05-30,126.87698705207787,37.495874682978176
1993-08-30,2028-05-30,126.88283926181812,37.50117652346087
1993-01-07,2028-05-30,126.86190462217516,37.498639362370156
1998-05-12,2028-05-30,126.87458587539376,37.50090412995104
1998-11-26,2028-05-30,126.86312697559761,37.49745623940571
2005-03-31,2028-05-30,126.89792181703947,37.4843488883446
2005-03-31,2028-05-30,126.89792181703947,37.4843488883446
2005-06-01,2028-05-30,126.87265626754741,37.49823479148564
1980-09-13,2017-06-30,126.90471308791544,37.44016425637891
2007-05-01,2028-05-30,126.901608230975,37.455347925701375
2007-02-08,2023-07-01,126.88770549001829,37.477320940254685
2011-09-28,2021-02-16,126.89792777480952,37.47596577881333
2012-04-10,2015-01-21,126.90234015443357,37.46574902644574
2012-05-07,2016-12-26,126.90944487931284,37.45041727990018
2015-12-29,2025-09-30,126.88459009154906,37.4794184179579
2007-07-19,2028-05-30,126.90141870850125,37.47806309797872
2017-04-07,2028-05-30,126.90164319310026,37.4433316321699
2008-10-24,2028-05-30,126.90079712432107,37.451900365784354
2012-04-10,2028-05-30,126.89370522845607,37.475497755687485
2012-09-13,2028-05-30,126.88501594177896,37.47845605678904
2013-03-19,2028-05-30,126.88908445035035,37.477582140010746
2013-09-06,2028-05-30,126.88709116975669,37.478188969784206
2017-12-05,2028-05-30,126.89417645571366,37.458239784459344
2018-04-30,2028-05-30,126.89723599122351,37.459972096931615
2019-04-10,2028-05-30,126.8967993599506,37.46109417587101
2023-12-29,2028-05-30,126.8869495985866,37.476677070563895
2024-04-29,2028-05-30,126.90079712432107,37.451900365784354
1973-09-12,2028-05-30,126.90837626193077,37.451629227762794
1977-12-10,2028-05-30,126.90179536208154,37.45435943787323
1982-01-14,2028-05-30,126.89937744152925,37.450421902579116
1987-03-31,2028-05-30,126.90350951383965,37.43762541206883
1987-06-26,2028-05-30,126.90343139030536,37.44398976396091
1994-03-14,2028-05-30,126.89647225589376,37.466767756888785
2002-06-18,2028-05-30,126.89571299545388,37.47059377848994
2002-06-18,2028-05-30,126.90079712432107,37.451900365784354
2003-10-02,2028-05-30,126.89689813950677,37.468684687964455
2003-10-02,2028-05-30,126.89689813950677,37.468684687964455
2003-10-17,2028-05-30,126.89689813950677,37.468684687964455
2004-10-02,2028-05-30,126.89745264204865,37.46940741318185
2005-08-26,2028-05-30,126.90048613988601,37.47297241805218
2002-10-24,2012-11-23,126.90837626193077,37.451629227762794
2008-04-24,2028-05-30,126.89997733274457,37.517603127896734
2007-03-22,2028-05-30,126.90679991138646,37.51989344804304
1994-08-26,2028-05-30,126.90334092163012,37.51707545285829
1982-12-15,2028-05-30,126.90556285319965,37.517169642175716
1982-04-22,2028-05-30,126.90806846052024,37.49645742092034
2011-05-23,2028-05-30,126.92605363733999,37.51817233170882
2011-06-30,2028-05-30,126.9007767149675,37.5067519214162
2011-10-02,2028-05-30,126.909589156427,37.506147902800734
2011-10-02,2028-05-30,126.9183625289615,37.51412763495168
2011-11-22,2028-05-30,126.895853603487,37.50331269433297
2012-03-26,2028-05-30,126.91343420776249,37.49719405121456
2012-06-13,2028-05-30,126.92529827586957,37.52497860197023
2013-09-02,2028-05-30,126.89807556885593,37.49529575133123
2017-04-25,2028-05-30,126.89164603568584,37.526048842208716
2020-01-02,2028-05-30,126.92829586210509,37.52605011281695
2020-10-12,2028-05-30,126.88627500538051,37.52339807428118
2021-12-28,2028-05-30,126.91154139579712,37.50668085967145
2023-05-25,2028-05-30,126.88569623226601,37.52134478939295
2024-10-16,2028-05-30,126.90921287096661,37.499590178998616
2025-05-28,2028-05-30,126.89114398427657,37.522867098433224
2025-09-22,2028-05-30,126.89823500849543,37.52523078686208
1982-10-20,2009-08-25,126.90205189315157,37.52578095892256
1968-02-20,2025-05-27,126.89114398427657,37.522867098433224
1965-06-21,2019-03-04,126.91077418141144,37.50614553517503
1967-12-26,2019-03-04,126.91024743307958,37.50658080189279
2011-10-02,2014-05-08,126.88524074131506,37.523350907289945
1991-05-01,2028-05-30,126.907372505246,37.51592322310583
1985-07-27,2028-05-30,126.940072221585,37.51983362704
1994-10-07,2028-05-30,126.89227901319498,37.52787287002193
1971-08-09,2028-05-30,126.90566454609895,37.52059902486223
2011-11-22,2020-10-14,126.90806846052024,37.49645742092034
2018-06-14,2020-03-20,126.91663068328118,37.500284523795
1987-04-23,2028-05-30,126.92923015041673,37.52788508476363
1965-05-28,2028-05-30,126.9175847301612,37.511076471231405
1984-08-23,2028-05-30,126.89807556885593,37.49529575133123
1999-05-31,2028-05-30,126.89395272344454,37.52247557667423
2001-06-20,2028-05-30,126.90097153325765,37.53389583346493
2001-09-25,2028-05-30,126.9046655194725,37.52780732800951
2001-12-03,2028-05-30,126.89592407301703,37.518227007147956
2003-03-31,2028-05-30,126.89495978815388,37.51712557633252
2005-11-11,2028-05-30,126.89227901319498,37.52787287002193
2005-12-01,2028-05-30,126.9055507496997,37.5190789424996
2008-05-07,2028-05-30,126.92605363733999,37.51817233170882
1979-12-18,2028-05-30,126.93176358671646,37.499958047777405
2018-08-27,2022-01-28,126.98160682763445,37.48687586779419
2004-12-18,2028-05-30,126.93938253491298,37.51432478706539
2005-01-19,2028-05-30,126.94205898201919,37.51532504129386
1993-11-30,2028-05-30,126.92471177373699,37.50729469282909
2011-07-13,2028-05-30,126.96218821261908,37.506666245370035
2011-08-26,2028-05-30,126.97261096053103,37.48442785258213
2011-10-04,2028-05-30,126.9295335878927,37.49990589204777
2011-10-04,2028-05-30,126.98046490051514,37.48443231883111
2011-10-04,2028-05-30,126.94382424551046,37.506004491405264
2012-01-31,2028-05-30,126.97594011021104,37.48963896697908
2012-03-27,2028-05-30,126.92606182479855,37.51239757683391
2012-04-24,2028-05-30,126.94977406634636,37.50716800267916
2012-04-24,2028-05-30,126.9435797628426,37.49682530070738
2014-09-05,2028-05-30,126.95087331200118,37.49540972674473
2016-06-03,2028-05-30,126.91224832247168,37.49456535777657
1995-10-20,2028-05-30,126.98160682763445,37.48687586779419
2022-07-22,2028-05-30,126.93938253491298,37.51432478706539
2023-11-01,2028-05-30,126.94277534175711,37.50388002616368
2025-03-31,2028-05-30,126.94405892225379,37.51179922731838
2011-07-14,2025-05-31,126.93367123434162,37.49899827496545
2011-10-04,2018-10-25,126.93576775664393,37.5032034013852
2012-04-06,2022-01-28,126.97594011021104,37.48963896697908
2012-04-13,2015-06-30,126.98110640922422,37.477448808587326
1989-12-01,2028-05-30,126.91160702528995,37.492266913024196
1999-12-07,2028-05-30,126.91797898926308,37.47432670900842
2012-05-21,2016-09-26,126.97580599918949,37.473262133464374
2013-06-27,2028-05-30,126.98241292834484,37.47147868996984
1978-08-07,2028-05-30,126.9114273553226,37.48321028214631
2014-01-23,2028-05-30,126.9344971818354,37.470419058341335
2022-03-25,2028-05-30,126.95990869864119,37.487596041819735
1977-01-08,2028-05-30,126.92045244308312,37.47028388887091
1980-08-28,2028-05-30,126.96588832755809,37.474406547820024
2024-01-30,2028-05-30,126.93920969165153,37.48665379961051
2025-07-29,2028-05-30,126.94434437220735,37.48707296252374
2015-07-09,2028-05-30,126.95948472346701,37.48863872885658
1970-12-03,2028-05-30,126.93844636938502,37.48587003185354
1971-12-22,2028-05-30,126.93844636938502,37.48587003185354
1972-01-29,2028-05-30,126.94658425035968,37.486629423926104
1975-12-26,2028-05-30,126.93012985996812,37.486953255914806
1988-10-23,2028-05-30,126.95514854747678,37.48361685302871
1992-08-26,2028-05-30,126.9584733017994,37.4922663054524
1993-07-01,2028-05-30,126.93248262956033,37.47510248023146
2004-09-22,2028-05-30,126.93008680122976,37.48476880591527
2005-02-15,2028-05-30,126.93008680122976,37.48476880591527
2005-02-15,2028-05-30,126.93008680122976,37.48476880591527
2005-11-29,2028-05-30,126.92820785010204,37.48146905132776
2006-08-25,2028-05-30,126.95220728936927,37.4810257314995
2009-02-04,2028-05-30,126.93017354506969,37.48383565703023
2011-08-10,2028-05-30,126.94913806778288,37.47924238424413
2011-09-01,2028-05-30,126.96123298726789,37.47694576999523
2011-10-19,2028-05-30,126.94735669725577,37.486154024182255
2011-10-26,2028-05-30,126.94165882441214,37.486271403265825
1977-05-26,2024-03-19,126.91709086857021,37.48465069570757
2011-11-02,2020-03-05,126.93813409306439,37.47035546086147
1997-11-07,2028-05-30,126.92505008350423,37.49053914030443
1979-02-16,2028-05-30,127.02617763553906,37.489087505518164
2016-12-01,2022-03-25,126.98914653475536,37.49352152202442
1995-06-01,2028-05-30,127.00731005479679,37.50939765380889
2005-03-30,2028-05-30,127.0370133820732,37.46339531476614
2015-09-22,2028-05-30,127.00362094045613,37.50436410196331
2007-07-20,2028-05-30,126.98712468854387,37.50174541196515
1980-08-02,2028-05-30,127.02584708206152,37.492367553177495
2012-04-24,2028-05-30,126.98930427148224,37.491268507235226
2012-05-14,2028-05-30,127.00495044726364,37.509089290232815
2012-05-14,2028-05-30,127.00731005479679,37.50939765380889
2012-05-18,2028-05-30,126.98564227505328,37.49690596492825
1997-03-29,2028-05-30,127.01776745177608,37.48474240907103
1997-10-29,2028-05-30,126.9869473534989,37.5021026599209
1981-07-23,2028-05-30,127.02453101970515,37.490444807458644
1989-06-05,2028-05-30,127.0174427465194,37.499948573941445
1982-11-12,2028-05-30,127.01323534013392,37.50160028976165
1983-04-30,2028-05-30,126.9837480434022,37.48198238052764
1976-12-11,2028-05-30,126.98930427148224,37.491268507235226
1977-11-05,2028-05-30,126.99455133791615,37.50542105873433
1982-05-31,2028-05-30,127.01470913228488,37.516159589099516
1978-11-14,2028-05-30,127.01544022818265,37.49347296544884
2005-02-25,2028-05-30,127.01331435061164,37.49819931918448
2005-02-28,2028-05-30,127.0370133820732,37.46339531476614
2003-05-01,2028-05-30,127.02407095705972,37.503775839645456
2000-12-09,2028-05-30,127.03609847762026,37.46202665702946
1997-10-29,2028-05-30,126.9869473534989,37.5021026599209
2015-02-03,2028-05-30,127.00576401327477,37.49032153000079
2025-04-21,2028-05-30,126.98663458272455,37.49151577462696
2026-03-25,2028-05-30,127.03858218080943,37.482859193047425
2011-08-02,2020-11-04,127.01237595099917,37.51165371602298
2016-01-29,2019-08-17,127.01954977329389,37.51029607536468
1980-01-21,2020-09-24,127.02261407786773,37.49734563095759
2014-09-29,2019-04-30,126.98619407044168,37.48558642016136
1982-04-08,2028-05-30,127.00706247189451,37.505518568293304
2011-04-12,2019-08-31,127.04365764612126,37.52339383135421
2012-04-05,2017-03-13,127.03802979554996,37.518452692779164
2013-12-04,2022-08-19,127.0391171527819,37.49300157535366
2011-11-24,2021-11-16,127.04196332649293,37.49689401217254
2011-12-02,2021-11-16,127.03422911498517,37.493137307898046
2012-07-02,2021-12-30,127.03034435047586,37.52349338360511
2012-07-02,2021-11-16,127.04889704230517,37.486889892368424
2000-05-01,2028-05-30,127.05881929973503,37.51252115496182
2000-05-03,2028-05-30,127.0611933146357,37.510397900080754
1999-07-14,2028-05-30,127.04843959075467,37.49921737833401
2003-01-28,2028-05-30,127.02890457639919,37.529933916740454
2003-04-18,2028-05-30,127.02890457639919,37.529933916740454
1988-05-13,2028-05-30,127.05969992874361,37.493606254280635
2006-10-24,2028-05-30,127.04843959075467,37.49921737833401
2009-09-30,2028-05-30,127.03802979554996,37.518452692779164
2005-08-29,2028-05-30,127.05210218727476,37.48867259728632
2010-12-30,2028-05-30,127.05340584497014,37.510388992730235
2011-04-12,2028-05-30,127.04365764612126,37.52339383135421
2011-06-23,2028-05-30,127.0236737894384,37.50994548384259
2012-07-26,2028-05-30,127.03689128527027,37.52805217061036
2012-05-18,2028-05-30,127.02530246305612,37.5235065982985
2013-02-15,2028-05-30,127.02352257389533,37.51053310504281
2013-06-04,2028-05-30,127.03019125400627,37.513524265101246
2014-03-25,2028-05-30,127.04966699324389,37.526432664432285
2012-01-19,2028-05-30,127.03836939108783,37.512535000998646
2012-07-02,2028-05-30,127.04236734449843,37.515555544711106
2012-07-02,2028-05-30,127.06141491312641,37.514994986581385
2014-09-16,2028-05-30,127.0236737894384,37.50994548384259
2014-11-25,2028-05-30,127.05927363531747,37.50959124747711
2015-12-11,2028-05-30,127.02647926184287,37.501267999942655
2016-12-29,2028-05-30,127.0511878598726,37.516453073552654
2018-08-03,2028-05-30,127.02334406791154,37.50804408755395
2021-03-19,2028-05-30,127.04149158215341,37.50321166394403
2022-04-12,2028-05-30,127.02066860429736,37.518771617862434
2022-09-15,2028-05-30,127.03551349002524,37.52875739378905
2024-07-30,2028-05-30,127.05174576727245,37.52673212548352
1984-03-07,2028-05-30,127.02890457639919,37.529933916740454
1984-02-08,2028-05-30,127.06734998772491,37.49339315758811
1996-11-15,2028-05-30,127.04843959075467,37.49921737833401
1974-11-10,2028-05-30,127.02066860429736,37.518771617862434
1979-01-17,2028-05-30,127.03477713065826,37.51001850960684
1987-02-02,2028-05-30,127.03529805026311,37.51907521525466
1979-04-10,2028-05-30,127.02890457639919,37.529933916740454
1976-08-07,2028-05-30,127.02839758936318,37.53228556354967
1985-07-08,2028-05-30,127.04156932056536,37.52808058201548
1980-05-19,2028-05-30,127.05773590499582,37.5223050100243
1985-02-06,2028-05-30,127.05724071554444,37.49083919682402
1979-04-16,2028-05-30,127.05907640986165,37.49314853030718
1984-05-25,2028-05-30,127.06364587554184,37.5010038043909
1994-06-15,2028-05-30,127.07521539401591,37.494184811283915
1994-06-15,2028-05-30,127.07521539401591,37.494184811283915
1994-06-15,2028-05-30,127.08840512890126,37.49133728216118
1994-06-15,2028-05-30,127.0868860131766,37.49184372816959
1997-06-30,2028-05-30,127.02970354160853,37.49503904291086
1985-11-30,2028-05-30,127.0274700342024,37.52733428976068
1988-10-10,2028-05-30,127.05971847792408,37.50859530026903
1985-03-18,2028-05-30,127.04005459356938,37.52856183010993
2000-06-16,2028-05-30,127.05359375262299,37.49705816399829
1988-10-19,2028-05-30,127.06089284405361,37.50904780086484
1973-08-01,2013-02-14,127.02352257389533,37.51053310504281
1978-05-26,2014-03-24,127.04966699324389,37.526432664432285
1983-10-11,2010-12-30,127.05261373368032,37.51001661281434
1981-04-14,2013-02-20,127.04794875967056,37.49852945987735
1974-12-27,2013-02-20,127.04794875967056,37.49852945987735
1992-12-26,2021-05-13,127.1001776013878,37.49113264297893
1997-05-24,2009-09-22,127.07961586766422,37.49434795190433
1997-09-02,2012-12-20,127.04889704230517,37.486889892368424
1991-12-30,2010-02-10,127.04315978724321,37.50385994932464
2006-10-18,2019-08-31,127.04843959075467,37.49921737833401
2009-11-09,2025-08-31,127.04335440234215,37.48275982782091
2011-10-25,2028-05-30,127.1330225639195,37.49366101397431
2011-11-08,2028-05-30,127.11877647066301,37.50358317359115
2011-11-08,2028-05-30,127.09339661233636,37.51249591310637
2014-07-17,2028-05-30,127.10343320905342,37.513101175419045
2014-07-17,2028-05-30,127.10343320905342,37.513101175419045
2014-07-17,2028-05-30,127.10343320905342,37.513101175419045
2014-07-18,2028-05-30,127.10343320905342,37.513101175419045
2020-01-29,2028-05-30,127.08985761519844,37.50423527402613
2020-07-24,2028-05-30,127.10722635067371,37.49751935973151
2020-07-24,2028-05-30,127.1344749743599,37.49541013628994
1978-03-07,2028-05-30,127.09954217223249,37.515331877270086
1998-03-17,2028-05-30,127.15095821891651,37.49518269471025
1978-03-28,2028-05-30,127.09339661233636,37.51249591310637
1989-06-07,2028-05-30,127.13221802422505,37.515826056815115
1998-08-19,2028-05-30,127.09793903665238,37.5112866282424
1988-11-12,2028-05-30,127.09793903665238,37.5112866282424
2000-07-13,2028-05-30,127.1177512677974,37.491738588899175
2005-02-24,2028-05-30,127.09391862365281,37.51110381805153
2005-12-09,2028-05-30,127.10073500259675,37.51445422873522
2007-07-09,2028-05-30,127.10303308806797,37.516256425331235
1973-12-14,2028-05-30,127.15059593932921,37.49829957664566
1982-01-29,2028-05-30,127.07314186895603,37.50686532164999
1983-07-16,2028-05-30,127.10755458151306,37.501489877100575
2009-05-11,2028-05-30,127.11927511268898,37.47862642474564
2009-05-11,2028-05-30,127.12499617929814,37.47764867664673
2009-06-30,2028-05-30,127.12765722762522,37.51016164768787
1984-02-08,2028-05-30,127.114539782848,37.5050682184633
1997-02-18,2028-05-30,127.12811784784094,37.4955429278081
2011-08-29,2028-05-30,127.08301969965856,37.51214816344586
2011-08-29,2028-05-30,127.08622683394096,37.5106417899682
2011-09-05,2028-05-30,127.10910965888263,37.5141889748182
2012-01-20,2028-05-30,127.11829847209454,37.49631280133094
2012-04-05,2028-05-30,127.114539782848,37.5050682184633
2012-03-30,2028-05-30,127.11702101955619,37.52795365310881
2012-04-05,2028-05-30,127.09890500778302,37.50218710835944
2012-04-05,2028-05-30,127.12765722762522,37.51016164768787
2011-12-02,2028-05-30,127.14553591864919,37.49268986906329
2011-09-05,2028-05-30,127.0917802632622,37.50767405279798
2011-09-05,2028-05-30,127.11674713096063,37.50639000984304
2012-03-30,2028-05-30,127.11821335245502,37.533434073562724
2013-06-19,2028-05-30,127.09793903665238,37.5112866282424
2011-08-10,2028-05-30,127.12811784784094,37.4955429278081
2011-10-25,2028-05-30,127.12416914161761,37.50754133488081
2011-10-25,2028-05-30,127.10615094306505,37.52053658059379
1980-06-14,2016-03-22,127.09928050163445,37.518884965964375
1996-11-05,2001-07-12,127.12244280428017,37.49510966709326
1988-06-14,2001-05-26,127.09391862365281,37.51110381805153
2010-04-24,2016-05-31,127.14518236357003,37.493258575070215
2011-11-02,2018-05-29,127.08978331725841,37.50409082092627
2011-08-31,2016-03-22,127.12911652759567,37.48307872037584
2011-10-25,2016-06-01,127.10848576329903,37.506504027850504
2010-10-25,2017-03-08,127.09427412663594,37.50679862682912
2014-07-17,2016-11-30,127.10343320905342,37.513101175419045
2016-10-20,2022-10-31,127.12366622766889,37.48060475305709
2016-12-29,2021-11-18,127.1217481534535,37.47986828965687
2026-05-19,2028-05-30,127.12740229238764,37.47939859288537
2023-02-27,2028-05-30,127.12366622766889,37.48060475305709
2023-12-07,2028-05-30,127.09860383134183,37.505083045603484
2024-04-19,2028-05-30,127.11209879888784,37.51252860599712
2024-08-27,2028-05-30,127.12305501896404,37.48635334235298
2025-11-26,2028-05-30,127.1107408028187,37.518379355765695
2023-02-01,2028-05-30,127.14948579129896,37.495461967277286
1968-10-23,2019-02-01,127.12747321970967,37.54069383956013
2025-09-15,2028-05-30,127.13684461944375,37.521544031091885
2011-09-27,2017-10-12,127.13630749936951,37.52455452542926
2011-09-27,2017-03-29,127.15349584352413,37.55252021695955
2011-09-27,2017-03-19,127.13495733654199,37.54805400536168
2011-09-27,2012-03-22,127.13056000808206,37.55457860205713
2011-10-07,2017-11-07,127.13630749936951,37.52455452542926
2011-10-07,2017-12-13,127.13126840867993,37.53582199975776
2011-10-07,2014-05-31,127.14033876259968,37.53172367146101
2011-11-28,2023-03-24,127.13625587103844,37.554971227807414
1970-12-31,2019-08-26,127.12804427248105,37.54265243101871
1982-01-18,2018-05-29,127.13630749936951,37.52455452542926
2019-10-30,2023-04-14,127.12178895292189,37.53252897424561
1990-05-28,2028-05-30,127.12905450697328,37.53919597941897
1999-04-12,2028-05-30,127.12445756745625,37.539026172049894
2000-06-14,2028-05-30,127.13374137195008,37.53599985277336
2001-03-27,2028-05-30,127.12554321179117,37.538644659801434
2002-11-20,2028-05-30,127.15584252426933,37.55467282379479
2002-11-20,2028-05-30,127.15584252426933,37.55467282379479
2004-05-24,2028-05-30,127.13471476279182,37.52692615461604
2005-01-12,2028-05-30,127.128114499078,37.54159907388721
2005-03-31,2028-05-30,127.12554321179117,37.538644659801434
2005-05-09,2028-05-30,127.128114499078,37.54159907388721
2005-05-09,2026-02-12,127.128114499078,37.54159907388721
2005-06-02,2028-05-30,127.12804427248105,37.54265243101871
2005-07-20,2028-05-30,127.12588204898881,37.54127076949957
2005-07-20,2028-05-30,127.12588204898881,37.54127076949957
2005-07-20,2028-05-30,127.12588204898881,37.54127076949957
2005-07-20,2028-05-30,127.12588204898881,37.54127076949957
2005-07-20,2028-05-30,127.12588204898881,37.54127076949957
2005-07-20,2028-05-30,127.12588204898881,37.54127076949957
2005-09-27,2028-05-30,127.12747321970967,37.54069383956013
2006-05-25,2028-05-30,127.12588204898881,37.54127076949957
2006-05-25,2028-05-30,127.12588204898881,37.54127076949957
2006-07-21,2028-05-30,127.12794501045039,37.53553735315593
2007-06-05,2028-05-30,127.13747658711553,37.53605410676972
2008-11-07,2028-05-30,127.14225070782315,37.54571782822171
2008-11-07,2028-05-30,127.14225070782315,37.54571782822171
2010-05-06,2028-05-30,127.14364256208555,37.54261225529956
2011-09-27,2028-05-30,127.1442394175019,37.55137880883058
2011-09-27,2028-05-30,127.14038543988755,37.555310900806845
2011-09-27,2028-05-30,127.13509829701876,37.552375850048804
2011-09-27,2028-05-30,127.12733624800717,37.53121554480756
2011-09-27,2028-05-30,127.14845895887717,37.55329476189944
2011-10-07,2028-05-30,127.14051711629297,37.53836594484837
2011-10-07,2028-05-30,127.12033359897394,37.52880613045929
2011-10-07,2028-05-30,127.13637407499803,37.53853097649424
1982-05-27,2028-05-30,127.13752285412153,37.55533227938065
1992-05-02,2028-05-30,127.15349584352413,37.55252021695955
1996-12-12,2028-05-30,127.12840783485494,37.539124823898455
2019-06-04,2028-05-30,127.16262579475433,37.557906007881726
2024-06-18,2028-05-30,127.1269609488304,37.541435841338746
2024-11-11,2028-05-30,127.12554942278771,37.53155412304346
2024-11-14,2028-05-30,127.15753081931668,37.566260644034095
2025-01-23,2028-05-30,127.14223160155223,37.53140027453326
2025-03-11,2028-05-30,127.1387507307534,37.52693591872848
2025-03-11,2028-05-30,127.1387507307534,37.52693591872848
2025-03-11,2028-05-30,127.13684461944375,37.521544031091885
2025-09-15,2028-05-30,127.1387507307534,37.52693591872848
1990-05-28,2020-05-14,127.12905450697328,37.53919597941897
2001-01-06,2028-05-30,126.62848961704111,37.46659162676335
2007-09-12,2021-01-18,126.62219365539801,37.44801020139421
2007-01-02,2028-05-30,126.49123214861186,37.492668157405596
2012-05-10,2028-05-30,126.63131662893181,37.47555540589062
2017-07-31,2028-05-30,126.62705428888901,37.470938178889156
2021-06-29,2028-05-30,126.49243229404807,37.492272624787795
2021-08-31,2028-05-30,126.56003618810976,37.48628247905735
2023-10-27,2028-05-30,126.3881081715776,37.46260781301831
1974-12-02,2028-05-30,126.63131662893181,37.47555540589062
1978-03-23,2028-05-30,126.63131662893181,37.47555540589062
1981-10-19,2028-05-30,126.60655680254997,37.45411697507498
1982-04-21,2028-05-30,126.63131662893181,37.47555540589062
1995-08-17,2028-05-30,126.63638481115598,37.46699613729993
1975-08-14,2019-07-08,126.63131662893181,37.47555540589062
2010-12-28,2022-05-17,126.63145307075493,37.47538744252904
2005-04-25,2028-05-30,126.46137929318583,37.4406371254938
1972-02-22,2028-05-30,126.64647598678692,37.47659500308148
1994-06-28,2028-05-30,126.6613517558271,37.48402271146412
1996-01-13,2028-05-30,126.66056397426249,37.48309070282051
2008-01-09,2011-05-23,126.66056397426249,37.48309070282051
2002-05-10,2028-05-30,126.6613517558271,37.48402271146412
2005-04-27,2028-05-30,126.66056397426249,37.48309070282051
2005-06-15,2028-05-30,126.63466063176374,37.47621351922989
2010-07-05,2028-05-30,126.63534576061693,37.48226717584423
1997-08-14,2028-05-30,126.65507535532495,37.48592184940125
1994-11-17,2028-05-30,126.68023061380245,37.46125776559995
1978-02-20,2028-05-30,126.65642772403895,37.46704287782498
1969-12-31,2028-05-30,126.66763668965807,37.47510270306994
1992-02-21,2028-05-30,126.68229733564161,37.46060518812685
2025-04-02,2025-12-22,126.63984271568378,37.4615259832613
1984-02-14,2002-07-18,126.63560273435773,37.453909388609794
2005-05-03,2008-10-27,126.65077603405675,37.44768626314391
2011-10-05,2012-09-07,126.68984792430216,37.4584330908282
1989-04-18,2028-05-30,126.6804417342601,37.464426260679765
1994-11-17,2028-05-30,126.68023061380245,37.46125776559995
1975-06-10,2028-05-30,126.66594327197559,37.45186671164578
1975-05-28,2028-05-30,126.68099025404386,37.452435276356255
2004-01-27,2028-05-30,126.68981474263866,37.45425592406021
2005-10-11,2028-05-30,126.65077603405675,37.44768626314391
2008-07-03,2028-05-30,126.68984792430216,37.4584330908282
2008-11-06,2028-05-30,126.65077603405675,37.44768626314391
1997-11-08,2028-05-30,126.70132990201711,37.4414182227778
2011-06-30,2028-05-30,126.69665058954502,37.46139621927438
2011-08-05,2028-05-30,126.66423087483865,37.442254815189024
2011-10-05,2028-05-30,126.66016532626335,37.450495481478775
2012-01-27,2028-05-30,126.67518178071822,37.438897519226785
2012-01-26,2028-05-30,126.68720558260462,37.44789526983923
2013-01-22,2028-05-30,126.6902629800817,37.46216441069246
2020-08-25,2028-05-30,126.66347544929613,37.46912128699475
2021-03-23,2028-05-30,126.6651591496508,37.47004860134402
2023-02-27,2028-05-30,126.65188757600663,37.44122331864593
2023-05-02,2028-05-30,126.66016532626335,37.450495481478775
2023-10-16,2028-05-30,126.67865130477769,37.453113657145735
2024-03-04,2028-05-30,126.65077603405675,37.44768626314391
2024-06-28,2028-05-30,126.69175481036304,37.45670300346629
2024-10-03,2028-05-30,126.65154883896155,37.440059982747165
2025-04-22,2028-05-30,126.66423087483865,37.442254815189024
2025-04-24,2028-05-30,126.70132990201711,37.4414182227778
2020-10-28,2028-05-30,126.63983091164218,37.38782270579387
2025-05-12,2028-05-30,126.67516738590078,37.41508733354514
2025-05-12,2028-05-30,126.64338116796982,37.38824055397255
2013-04-11,2021-12-31,126.64031261947457,37.402297541514336
2004-05-06,2028-05-30,126.67255234830544,37.40544649370106
2005-04-15,2028-05-30,126.68114498460365,37.4042829136286
2005-09-26,2028-05-30,126.64682102951625,37.424620556262425
2008-01-26,2028-05-30,126.66896790130515,37.41941951588003
2011-05-30,2028-05-30,126.68370265396206,37.40597893169834
2003-05-16,2028-05-30,126.67516738590078,37.41508733354514
2012-04-30,2028-05-30,126.67761781842214,37.41960942108056
2012-04-30,2028-05-30,126.67516738590078,37.41508733354514
2012-04-30,2028-05-30,126.67761781842214,37.41960942108056
2012-06-11,2028-05-30,126.68370265396206,37.40597893169834
2013-12-02,2028-05-30,126.64338116796982,37.38824055397255
2014-06-27,2028-05-30,126.65641513684815,37.38012554968393
2014-12-01,2028-05-30,126.65855743198131,37.38237839481974
2016-01-13,2028-05-30,126.63330168808342,37.38972452521465
2017-03-13,2028-05-30,126.6591786742387,37.380894244507246
2020-02-26,2028-05-30,126.67516738590078,37.41508733354514
1970-11-04,2028-05-30,126.71506521535122,37.464153098269406
1980-03-11,2028-05-30,126.70886157125867,37.460956977668374
1980-06-27,2028-05-30,126.70704979697904,37.4642173204014
1980-09-29,2028-05-30,126.70975615412046,37.46077446512519
1981-07-30,2028-05-30,126.7105854112657,37.46078533567921
1990-04-14,2028-05-30,126.72816931140214,37.457124840428456
1990-11-12,2028-05-30,126.69811421840636,37.46739033493473
1991-09-13,2028-05-30,126.7270994440388,37.44969237040929
1992-01-08,2028-05-30,126.706273164656,37.46902022960424
1994-03-16,2028-05-30,126.70654202992002,37.46429908469923
1997-12-03,2028-05-30,126.701887373809,37.451930264780486
2010-03-24,2028-05-30,126.69407734996304,37.4097292028374
1995-07-05,2028-05-30,126.69353630422471,37.40708660531695
1995-07-18,2028-05-30,126.69594086262389,37.40836166499525
2001-06-13,2028-05-30,126.68901424100524,37.46955445203681
2003-01-22,2028-05-30,126.71967390713058,37.45552362016383
2004-10-01,2028-05-30,126.7007534753536,37.44426751029973
2004-12-27,2028-05-30,126.70886157125867,37.460956977668374
2005-09-13,2028-05-30,126.73246392245284,37.46024959657498
2013-06-03,2028-05-30,126.68901424100524,37.46955445203681
2010-06-24,2028-05-30,126.72560107470218,37.40054575956209
2013-06-03,2028-05-30,126.72560107470218,37.40054575956209
2011-08-12,2028-05-30,126.73631333962152,37.45904125294887
2011-09-16,2028-05-30,126.71181346162327,37.454553852642874
2011-09-23,2028-05-30,126.7371282108838,37.39876269898713
2013-06-03,2028-05-30,126.71147677235825,37.45260964331583
2012-04-30,2028-05-30,126.72786872226499,37.45093760886148
2012-02-14,2028-05-30,126.72945598588674,37.41952897933811
2012-10-29,2028-05-30,126.73775731941592,37.46474760047811
2019-10-10,2028-05-30,126.73560275296377,37.44692722818738
2019-10-10,2028-05-30,126.73560275296377,37.44692722818738
2020-07-22,2028-05-30,126.73930381881546,37.39792720062548
2023-06-12,2028-05-30,126.70783117611859,37.43968727701501
2024-03-04,2028-05-30,126.70783117611859,37.43968727701501
2024-03-04,2028-05-30,126.71453860322383,37.4592952518042
1995-01-01,2016-12-19,126.7007534753536,37.44426751029973
1990-06-27,2011-02-01,126.69448532697079,37.46680490830886
2007-03-21,2025-07-02,126.70157864778221,37.44706551850625
2012-03-29,2014-09-19,126.70886157125867,37.460956977668374
2012-03-29,2024-09-05,126.72795909202009,37.451935254399594
2017-10-30,2019-11-13,126.7033614349228,37.45478998389107
1979-01-26,2028-05-30,126.72666965591509,37.49696917736452
2018-08-24,2020-05-01,126.70397410490912,37.50805897484275
1982-01-29,2028-05-30,126.69560923018369,37.47345737472214
1982-11-17,2028-05-30,126.74328623930874,37.484701987426554
1992-11-19,2028-05-30,126.71025028811073,37.50315682290175
1998-11-27,2028-05-30,126.72268683399881,37.4896765226313
1999-12-21,2028-05-30,126.72583438843485,37.51670808360701
2000-02-08,2028-05-30,126.72268683399881,37.4896765226313
2005-04-14,2028-05-30,126.72583438843485,37.51670808360701
2005-05-07,2028-05-30,126.72666965591509,37.49696917736452
2006-12-22,2028-05-30,126.70410832221226,37.504991837585386
2014-10-01,2028-05-30,126.71944757589044,37.493387494123084
2014-10-01,2028-05-30,126.73204616316208,37.507883351877396
2007-12-20,2028-05-30,126.73204616316208,37.507883351877396
2004-12-16,2028-05-30,126.71014873311488,37.490613874342124
2012-03-06,2028-05-30,126.73967664806422,37.48899926820251
2014-10-15,2028-05-30,126.72268683399881,37.4896765226313
2014-07-01,2028-05-30,126.70410832221226,37.504991837585386
2014-10-01,2028-05-30,126.71944757589044,37.493387494123084
2014-10-01,2028-05-30,126.73967633473254,37.504270740400536
2014-12-26,2028-05-30,126.71014873311488,37.490613874342124
2022-04-15,2028-05-30,126.69784747681868,37.47539832808813
2022-04-15,2028-05-30,126.69784747681868,37.47539832808813
2025-02-05,2028-05-30,126.72273015824678,37.48371038575923
1980-06-25,2018-06-19,126.72571124615943,37.49472398666764
1987-10-22,2005-12-31,126.71014873311488,37.490613874342124
1990-02-26,2007-02-12,126.70041203793497,37.47118324198169
1991-03-28,2008-10-20,126.72573845936763,37.49400663982469
1992-10-15,2015-12-22,126.72451697576122,37.5123327412993
1995-12-27,1996-12-27,126.72377847244451,37.49569998539785
1996-04-03,2006-04-25,126.72710456411973,37.496818651925004
2004-03-22,2006-01-06,126.70410832221226,37.504991837585386
2004-12-28,2005-12-31,126.71014873311488,37.490613874342124
2012-08-18,2022-07-20,126.71406332929882,37.50549150232551
2013-01-23,2018-08-01,126.72583438843485,37.51670808360701
2012-03-02,2021-06-25,126.74516139352606,37.555341824875406
1998-01-08,2028-05-30,126.73621006381391,37.53950416889316
2012-08-01,2028-05-30,126.73601440271,37.54086417646502
1998-01-08,2028-05-30,126.73621006381391,37.53950416889316
2001-06-27,2028-05-30,126.72127121594795,37.52617652269597
2002-04-19,2028-05-30,126.73689905722043,37.53104867793862
2002-04-19,2028-05-30,126.73689905722043,37.53104867793862
2002-04-19,2028-05-30,126.73689905722043,37.53104867793862
2002-04-19,2028-05-30,126.73689905722043,37.53104867793862
2013-04-15,2028-05-30,126.73497248548819,37.5275613238122
1990-01-31,2006-07-27,126.72534619326564,37.54481958070495
1994-09-07,2003-04-11,126.7370659245047,37.54525826478121
1995-05-12,2003-04-11,126.7280561201338,37.52623774158164
1996-05-12,2002-11-29,126.74041775429185,37.54591180440098
2006-09-11,2010-05-07,126.73451693031059,37.53385302775504
2010-04-26,2021-11-16,126.73057988794996,37.52616697090045
2010-06-21,2022-02-17,126.73451693031059,37.53385302775504
2011-07-18,2016-11-21,126.74342171862406,37.546499279657574
2026-04-28,2028-05-30,126.61784129226434,37.54873384314881
2009-12-22,2028-05-30,126.66451164846575,37.594543112994494
2010-05-25,2028-05-30,126.6471189846513,37.51543384003669
2011-06-27,2028-05-30,126.68656557865286,37.49394555743931
2011-06-27,2028-05-30,126.66817433678402,37.51615624741438
2012-01-06,2028-05-30,126.66451164846575,37.594543112994494
2012-06-11,2028-05-30,126.64863337319201,37.532316520483754
2012-12-28,2028-05-30,126.61270137066444,37.59396855516285
2015-11-05,2028-05-30,126.64776368517053,37.51028592255368
2018-06-22,2028-05-30,126.6416586013562,37.53229297340734
1994-03-16,2028-05-30,126.67256980417451,37.51792030785198
2023-01-12,2028-05-30,126.61680168248995,37.53962415995605
2024-06-27,2028-05-30,126.6557131536981,37.533686767738
2006-08-29,2028-05-30,126.67661380465135,37.58537686667396
2002-08-01,2028-05-30,126.67073053103879,37.49761859981799
2009-12-22,2028-05-30,126.66451164846575,37.594543112994494
1981-04-21,2028-05-30,126.48314147909662,37.74771527827218
2007-05-01,2028-05-30,126.49190896673409,37.742077127987436
2010-04-06,2028-05-30,127.92379212373179,36.972160654931294
1997-05-06,2019-11-12,127.93118900399097,36.97144459606597
2020-02-14,2028-05-30,127.83512923577814,37.001329936083984
2019-07-31,2028-05-30,127.89852205174476,36.96157630080822
2015-01-26,2028-05-30,127.91418814152769,36.98545654883098
2012-04-17,2028-05-30,127.94003709258607,36.961221256801444
2016-02-22,2028-05-30,127.93772528945497,36.99044408642013
2005-04-15,2028-05-30,127.92379212373179,36.972160654931294
2002-12-17,2028-05-30,127.92258940243707,36.98672128622302
2002-01-08,2028-05-30,127.9146012801515,36.98176175010781
1999-06-29,2028-05-30,127.9228339664942,36.98653588677822
2024-04-15,2028-05-30,128.22293648793178,37.123453707257625
2019-04-29,2028-05-30,128.21132583323003,37.13665035513697
2012-04-20,2028-05-30,128.2008049592533,37.14012230065803
2011-05-20,2028-05-30,128.22293648793178,37.123453707257625
2009-12-17,2028-05-30,128.22293648793178,37.123453707257625
2026-03-03,2028-05-30,128.2264269306727,37.15476098763214
2012-04-20,2023-12-01,128.21349996570905,37.145484249093506
2011-12-07,2028-05-30,127.443675791012,36.853749120514905
2012-04-23,2028-05-30,127.57843215655615,36.781124843753126
1997-06-09,2028-05-30,127.47465983168863,36.60109159530701
1999-06-05,2028-05-30,127.43198285764888,36.62678294704591
1981-12-30,2028-05-30,127.46285884410861,36.6335708757197
1980-06-02,2028-05-30,127.48918495440333,36.6393884218879
1980-10-31,2028-05-30,127.47886427880246,36.636243608758825
1980-11-28,2028-05-30,127.4488380417046,36.63499574825911
1981-08-17,2028-05-30,127.47766801835849,36.636360864190685
1986-10-16,2028-05-30,127.48833653041466,36.6400550348121
1991-10-17,2028-05-30,127.46520050181942,36.64202189985266
1991-10-17,2028-05-30,127.50295017029607,36.628750931492704
1993-03-30,2028-05-30,127.43729105116995,36.629138772711194
1995-07-15,2028-05-30,127.44895687084234,36.63384083713604
1996-03-08,2028-05-30,127.46270663222903,36.63460392210514
1999-03-13,2028-05-30,127.50368930303627,36.612743994745806
1999-06-05,2028-05-30,127.43066106649034,36.6269761510853
1999-06-10,2028-05-30,127.43066106649034,36.6269761510853
2000-05-02,2028-05-30,127.48809574298028,36.63524869966357
1999-06-05,2028-05-30,127.43066106649034,36.6269761510853
2002-08-22,2028-05-30,127.50838519740569,36.61841809829395
2002-09-12,2028-05-30,127.50167328357269,36.60797526659798
2002-11-11,2028-05-30,127.48597802441883,36.636293088696654
2004-02-09,2028-05-30,127.43123692080911,36.62617435926182
2004-02-09,2028-05-30,127.43123692080911,36.62617435926182
2004-05-20,2028-05-30,127.44230939687567,36.615437242397405
2004-05-20,2028-05-30,127.44230939687567,36.615437242397405
2006-04-10,2028-05-30,127.49503711459566,36.66671766211821
2006-05-22,2028-05-30,127.48867561065047,36.63341808582194
2007-10-29,2028-05-30,127.45506323564263,36.65371241474217
2008-12-04,2028-05-30,127.48949358831612,36.635916979677006
2008-09-24,2028-05-30,127.42821447101443,36.71301861461888
2009-06-11,2028-05-30,127.48949358831612,36.635916979677006
2002-08-22,2028-05-30,127.51614119780648,36.62041660542776
2011-06-27,2028-05-30,127.42994515205046,36.62432301317681
2012-04-06,2028-05-30,127.48841016329696,36.669325080009486
2012-04-10,2028-05-30,127.47241477417809,36.612063778652484
2012-04-10,2028-05-30,127.48798894215182,36.60807405564965
2012-04-10,2028-05-30,127.5007761302515,36.631861549453085
2012-04-10,2028-05-30,127.48507166627975,36.622057182540395
2012-04-10,2028-05-30,127.4838105621661,36.66828639701563
2012-04-10,2028-05-30,127.46116379014882,36.64193500339874
2012-04-19,2028-05-30,127.44694789563545,36.62123302554569
2012-04-19,2028-05-30,127.480209710693,36.618692258408515
2012-04-19,2028-05-30,127.46116379014882,36.64193500339874
2012-04-19,2028-05-30,127.50370323414853,36.610472567893616
2012-08-17,2028-05-30,127.42626271778884,36.644763719086804
2012-10-08,2028-05-30,127.42158192940218,36.64512990648555
2014-04-23,2028-05-30,127.42919318644935,36.643029973706206
2011-07-05,2028-05-30,127.47219203957714,36.61596274323902
2011-07-05,2028-05-30,127.46746514294446,36.6309558029471
2019-01-14,2028-05-30,127.50104579866198,36.60126802824978
2019-09-26,2026-02-19,127.49024727974167,36.65597545883318
2020-09-23,2028-05-30,127.45066813759004,36.73955561150198
2020-11-23,2028-05-30,127.43680845615542,36.66127935973243
2021-06-07,2028-05-30,127.45192161732861,36.7336747498012
2023-08-02,2028-05-30,127.42919318644935,36.643029973706206
2024-05-28,2028-05-30,127.43066106649034,36.6269761510853
2025-06-11,2028-05-30,127.42806075886277,36.642325335471284
2011-06-10,2017-05-01,127.49503711459566,36.66671766211821
1987-12-04,2018-12-07,127.4864818503506,36.636821624184996
1991-03-07,2015-08-06,127.48928929446363,36.63497416436339
2007-01-26,2020-05-25,127.49029523559878,36.63330199630372
2011-06-27,2022-10-05,127.42994515205046,36.62432301317681
2012-04-10,2017-11-24,127.45859617376811,36.653421462462696
2012-04-19,2023-01-07,127.4838105621661,36.66828639701563
2016-01-11,2020-02-10,127.45818355948789,36.61801613299199
1989-09-30,2010-04-23,127.15670871837267,36.82028316914206
2010-04-28,2010-11-23,127.15324074642109,36.81842069260431
2024-11-21,2028-05-30,127.1489055020979,36.79239219790168
2023-06-21,2028-05-30,127.11677245332943,36.800195625710714
2021-02-10,2028-05-30,127.11677245332943,36.800195625710714
2021-02-10,2028-05-30,127.11677245332943,36.800195625710714
2017-09-20,2028-05-30,127.11923478091254,36.83789604592899
2014-04-09,2028-05-30,127.15345852372386,36.81830677678911
2013-11-29,2028-05-30,127.10588508399297,36.8245714926305
2013-02-26,2028-05-30,127.10137535018004,36.7982884124054
2011-09-09,2016-08-22,127.12770389207564,36.91369933096135
2012-03-28,2024-04-02,127.10137535018004,36.7982884124054
2007-04-06,2028-05-30,127.14838795042614,36.8076962642105
2000-01-12,2028-05-30,127.12046291577693,36.78715281024298
1999-11-18,2028-05-30,127.15230223317391,36.86164273230936
1969-08-09,2028-05-30,127.15158409374754,36.812302326206215
1918-01-01,2028-05-30,127.30249418148043,36.766635571744494
1988-12-12,2028-05-30,127.14850664019943,36.809580605166325
2000-09-01,2028-05-30,127.15670871837267,36.82028316914206
2000-09-04,2028-05-30,127.11677245332943,36.800195625710714
1996-09-14,2028-05-30,127.19062171593656,36.83379484373986
1997-06-04,2028-05-30,127.19388031335916,36.77201702990284
1999-12-16,2028-05-30,127.14797850407729,36.806906386116545
1914-12-12,2028-05-30,127.1304607067433,36.91894928826766
2001-04-13,2028-05-30,127.12724558649388,36.79606150443239
2003-01-29,2028-05-30,127.12144924739607,36.78770815945758
2003-02-20,2028-05-30,127.12144924739607,36.78770815945758
2004-04-30,2028-05-30,127.13999986699724,36.826247192357954
2005-05-09,2028-05-30,127.15670871837267,36.82028316914206
2008-02-11,2028-05-30,127.15259006815862,36.818435087951755
2008-08-08,2028-05-30,127.16545657641427,36.799200983801185
2010-11-29,2028-05-30,127.10468903447308,36.80045875033381
2010-12-10,2028-05-30,127.15670871837267,36.82028316914206
2011-09-19,2028-05-30,127.1221785390465,36.83853957068713
2012-03-20,2028-05-30,127.15839398796481,36.805394818104276
2012-03-20,2028-05-30,127.15856568796981,36.815267014053255
2012-03-28,2028-05-30,127.10137535018004,36.7982884124054
2013-06-10,2028-05-30,127.10526868557594,36.84261125112901
2012-03-06,2028-05-30,127.13431205372503,36.45556681780163
2003-04-08,2028-05-30,126.50702949756125,36.32717103147894
2011-03-21,2028-05-30,126.61390143855508,36.34396560728706
2008-09-19,2028-05-30,126.58868628681887,36.34401787607107
2004-04-12,2028-05-30,126.50702949756125,36.32717103147894
2003-01-14,2028-05-30,126.59691309398467,36.34938182670775
2003-04-08,2028-05-30,126.50702949756125,36.32717103147894
2012-10-30,2028-05-30,127.01582047113409,36.78473538200721
2025-08-08,2028-05-30,127.00984512254622,36.77064503906028
2005-01-13,2013-08-19,126.98651185813341,36.78435326401144
1974-04-20,2028-05-30,127.00166772142795,36.78408111712276
1980-03-18,2028-05-30,127.00480517279615,36.78099909599303
1986-08-29,2028-05-30,127.00732891864479,36.78681598320773
1987-02-09,2028-05-30,127.00475010607656,36.780795836151
1994-12-17,2028-05-30,126.99909942849689,36.77971014937016
2005-01-11,2028-05-30,126.98651185813341,36.78435326401144
2011-06-09,2028-05-30,127.0218368654566,36.77654981121022
2011-09-14,2028-05-30,127.10567972052115,36.79651097615345
2011-12-26,2028-05-30,127.02766943050516,36.89709579482759
2012-01-05,2028-05-30,127.01582047113409,36.78473538200721
1956-07-18,2028-05-30,126.45536910038706,36.78241531914929
1999-04-09,2014-05-12,126.45052590933062,36.780109523194035
1924-09-08,2028-05-30,126.54546548314958,36.71097739371257
2002-03-06,2028-05-30,126.43815033988116,36.77346001817656
2002-03-06,2028-05-30,126.43815033988116,36.77346001817656
2011-07-22,2028-05-30,126.47874635935884,36.788320567796156
2002-03-06,2028-05-30,126.43885344055661,36.77370046191917
2022-03-23,2028-05-30,126.4732903746857,36.78665108141206
2000-01-13,2028-05-30,126.43391485263707,36.938035853943454
1999-05-01,2014-05-12,126.45612498545992,36.77868479979267
2007-08-30,2014-04-24,126.4533674632138,36.76632965614004
2013-01-15,2014-04-24,126.4494404423776,36.77969617344509
2013-06-07,2028-05-30,127.09823980088208,36.18358108127833
2004-02-10,2028-05-30,127.0854922600526,36.204541106785435
2011-11-22,2028-05-30,127.49891644062672,36.1003375500426
2011-07-05,2013-12-31,127.47268442235055,36.19060192420895
2004-08-26,2028-05-30,126.68731063183317,36.07480954098782
2011-04-19,2028-05-30,126.67628076850733,36.6010721696256
2019-04-22,2023-09-08,126.66956401225431,36.59199384169326
2022-02-17,2022-12-23,126.65642290944012,36.59525420442164
2012-03-21,2016-09-09,126.84845662749089,36.68089508098744
2013-01-11,2028-05-30,126.76980249017994,36.66315942158671
2008-10-22,2028-05-30,126.78039462661602,36.67110115773766
2018-04-05,2028-05-30,126.78016170804013,36.67131618373038
2011-08-30,2028-05-30,126.30421006399366,36.750689370211774
2011-07-26,2028-05-30,126.34334382195445,36.514089060358444
2007-12-26,2028-05-30,127.25714307688403,36.27399469676981
1998-07-06,2028-05-30,126.82371556551092,36.88835028245854
2008-11-10,2028-05-30,126.64593850738466,36.90570306526483
2012-04-06,2028-05-30,126.63406520135904,36.89699904137724
2015-05-07,2028-05-30,126.80829544028296,36.94731326198069
2016-07-06,2028-05-30,126.6296120397709,36.88990569936256
2020-01-10,2021-10-22,126.63597857539179,36.89679905635304
