시군구,연도,0~9,10~19,20~29,30~39,40~49,50~59
강원도 (4200000000),2011,132030,197384,183798,213295,255010,250600
강원도 (4200000000),2012,129660,191577,180716,208796,252053,256968
강원도 (4200000000),2013,126868,185598,180364,202244,253169,264144
강원도 (4200000000),2014,124511,178979,181760,194502,252750,267736
강원도 (4200000000),2015,123275,171073,184802,189754,250407,269286
강원도 (4200000000),2016,121381,163401,184869,185407,246372,271727
강원도 (4200000000),2017,116726,156946,185914,180188,242216,270839
강원도 (4200000000),2018,112664,150060,182891,175578,233996,271635
강원도 (4200000000),2019,109556,143799,181102,170669,228292,270588
강원도 (4200000000),2020,105598,137508,180015,166349,224378,267815
강원도 (4200000000),2021,100971,133885,175424,162817,219422,264586
강원도 (4200000000),2022,96036,132133,170194,160365,215872,262025
강원도 (4200000000),2023,110220,150552,178913,175526,231437,265389
강원도 (4200000000),2024,110220,150552,178913,175526,231437,265389
강원도 (4200000000),2025,110220,150552,178913,175526,231437,265389
강원도 강릉시,2011,18265,28431,24907,30887,36162,35792
강원도 강릉시,2012,17769,27970,24462,30035,35702,36526
강원도 강릉시,2013,17017,27107,24533,28280,35857,37166
강원도 강릉시,2014,16316,25907,24835,26705,35816,37313
강원도 강릉시,2015,15943,24320,24847,25494,35694,37118
강원도 강릉시,2016,15624,23125,24804,24580,35071,37300
강원도 강릉시,2017,14997,22104,25130,23851,34570,37069
강원도 강릉시,2018,14512,20922,25047,23140,33434,37198
강원도 강릉시,2019,14037,20214,25401,22294,32932,36860
강원도 강릉시,2020,13488,18974,25201,21691,32357,36652
강원도 강릉시,2021,12837,18449,24560,21221,31762,36670
강원도 강릉시,2022,12142,18011,23804,20625,30918,36193
강원도 강릉시,2023,14260,21087,24715,23350,33157,36669
강원도 강릉시,2024,14260,21087,24715,23350,33157,36669
강원도 강릉시,2025,14260,21087,24715,23350,33157,36669
강원도 고성군,2011,1835,3161,4114,3048,4348,5372
강원도 고성군,2012,1767,2961,4370,2932,4232,5448
강원도 고성군,2013,1668,2810,4910,2819,4058,5518
강원도 고성군,2014,1630,2680,4806,2697,4048,5483
강원도 고성군,2015,1579,2552,4594,2654,3963,5416
강원도 고성군,2016,1533,2453,4469,2554,3930,5500
강원도 고성군,2017,1492,2324,4372,2529,3865,5480
강원도 고성군,2018,1345,1985,3625,2359,3398,5241
강원도 고성군,2019,1348,1772,3169,2262,3198,4997
강원도 고성군,2020,1273,1621,2868,2219,3063,4822
강원도 고성군,2021,1354,1588,2678,2379,3077,4797
강원도 고성군,2022,1298,1591,2597,2317,3032,4718
강원도 고성군,2023,1427,2012,3390,2455,3431,5055
강원도 고성군,2024,1427,2012,3390,2455,3431,5055
강원도 고성군,2025,1427,2012,3390,2455,3431,5055
강원도 동해시,2011,8648,13003,10688,14052,16103,15564
강원도 동해시,2012,8317,12269,10068,13359,15737,15757
강원도 동해시,2013,8484,11972,10336,13079,16132,15955
강원도 동해시,2014,8330,11457,10112,12396,16259,15992
강원도 동해시,2015,8142,10931,9787,12042,16167,15840
강원도 동해시,2016,7981,10416,9710,11554,15973,15884
강원도 동해시,2017,7651,9948,9944,10927,15792,15753
강원도 동해시,2018,7306,9471,9631,10095,15236,15721
강원도 동해시,2019,6876,9084,9437,9555,14897,15706
강원도 동해시,2020,6625,8817,9419,9233,14569,15638
강원도 동해시,2021,6272,8535,9361,8677,14228,15731
강원도 동해시,2022,5828,8442,8928,8419,13868,15652
강원도 동해시,2023,7010,9631,9567,10147,14939,15715
강원도 동해시,2024,7010,9631,9567,10147,14939,15715
강원도 동해시,2025,7010,9631,9567,10147,14939,15715
강원도 삼척시,2011,5141,8606,9310,9079,10843,12144
강원도 삼척시,2012,4984,8393,9504,8785,10677,12359
강원도 삼척시,2013,4832,8121,9934,8539,10811,12498
강원도 삼척시,2014,4816,7856,9550,8044,10783,12442
강원도 삼척시,2015,4748,7241,9002,7553,10557,12312
강원도 삼척시,2016,4609,6775,8696,7127,10224,12211
강원도 삼척시,2017,4366,6455,8499,6738,9893,11954
강원도 삼척시,2018,4310,6012,8334,6697,9703,11986
강원도 삼척시,2019,4139,5610,7935,6344,9332,11767
강원도 삼척시,2020,3861,5134,7236,5795,8923,11331
강원도 삼척시,2021,3524,5018,6721,5210,8497,10920
강원도 삼척시,2022,3394,5010,6736,5082,8313,10742
강원도 삼척시,2023,4081,6012,7825,6390,9355,11534
강원도 삼척시,2024,4081,6012,7825,6390,9355,11534
강원도 삼척시,2025,4081,6012,7825,6390,9355,11534
강원도 속초시,2011,7184,11724,9151,11612,15333,13954
강원도 속초시,2012,7062,11255,8994,11260,15146,14418
강원도 속초시,2013,6772,10777,8848,10852,14950,14858
강원도 속초시,2014,6628,10230,8871,10285,14603,14962
강원도 속초시,2015,6543,9621,8836,10037,14292,14959
강원도 속초시,2016,6411,9086,8962,9746,13914,15077
강원도 속초시,2017,6171,8625,9170,9674,13753,15139
강원도 속초시,2018,6052,8201,8948,9448,13078,15201
강원도 속초시,2019,5961,7772,8912,9292,12650,15219
강원도 속초시,2020,5859,7478,9018,9199,12482,15176
강원도 속초시,2021,5621,7220,8958,9112,12149,15068
강원도 속초시,2022,5398,7054,8647,9115,12005,15045
강원도 속초시,2023,6023,8317,8918,9626,13073,14985
강원도 속초시,2024,6023,8317,8918,9626,13073,14985
강원도 속초시,2025,6023,8317,8918,9626,13073,14985
강원도 양구군,2011,2079,2689,3357,2839,3259,3340
강원도 양구군,2012,2107,2789,3384,2916,3163,3586
강원도 양구군,2013,2140,2789,3639,2950,3231,3809
강원도 양구군,2014,2104,2745,3758,2947,3252,3876
강원도 양구군,2015,2075,2664,4001,2909,3159,3824
강원도 양구군,2016,2039,2522,4020,2829,3064,3869
강원도 양구군,2017,1984,2449,3822,2814,2970,3845
강원도 양구군,2018,1935,2312,3605,2777,2822,3742
강원도 양구군,2019,1887,2135,3276,2683,2646,3688
강원도 양구군,2020,1702,2047,3171,2547,2556,3547
강원도 양구군,2021,1649,1929,2856,2471,2428,3407
강원도 양구군,2022,1552,1884,2614,2390,2432,3269
강원도 양구군,2023,1820,2218,3230,2641,2736,3549
강원도 양구군,2024,1820,2218,3230,2641,2736,3549
강원도 양구군,2025,1820,2218,3230,2641,2736,3549
강원도 양양군,2011,1879,2792,2937,3200,4129,5107
강원도 양양군,2012,1789,2676,2794,3089,4059,5127
강원도 양양군,2013,1682,2546,2839,2919,4016,5173
강원도 양양군,2014,1617,2482,2641,2769,4013,5180
강원도 양양군,2015,1573,2393,2600,2658,3896,5135
강원도 양양군,2016,1494,2242,2540,2547,3752,5155
강원도 양양군,2017,1417,2145,2445,2453,3703,5117
강원도 양양군,2018,1356,2068,2376,2426,3617,5098
강원도 양양군,2019,1384,1960,2362,2431,3599,5128
강원도 양양군,2020,1350,1845,2411,2340,3524,5101
강원도 양양군,2021,1269,1770,2327,2244,3444,4938
강원도 양양군,2022,1169,1753,2191,2140,3417,4876
강원도 양양군,2023,1399,2047,2435,2452,3637,5043
강원도 양양군,2024,1399,2047,2435,2452,3637,5043
강원도 양양군,2025,1399,2047,2435,2452,3637,5043
강원도 영월군,2011,2553,4296,3905,4256,6267,7457
강원도 영월군,2012,2481,4182,3764,4200,6034,7548
강원도 영월군,2013,2403,4050,3670,4024,6014,7685
강원도 영월군,2014,2241,4015,3647,3761,5967,7769
강원도 영월군,2015,2152,3779,3750,3618,5840,7853
강원도 영월군,2016,2081,3600,3714,3445,5643,7882
강원도 영월군,2017,1981,3429,3724,3306,5496,7840
강원도 영월군,2018,1873,3260,3646,3176,5191,7730
강원도 영월군,2019,1779,3032,3440,3009,4882,7604
강원도 영월군,2020,1677,2869,3311,2780,4614,7364
강원도 영월군,2021,1549,2748,3136,2620,4322,7097
강원도 영월군,2022,1467,2683,2966,2492,4252,6867
강원도 영월군,2023,1833,3195,3403,3081,4988,7389
강원도 영월군,2024,1833,3195,3403,3081,4988,7389
강원도 영월군,2025,1833,3195,3403,3081,4988,7389
강원도 원주시,2011,31542,46515,40016,49538,57848,47800
강원도 원주시,2012,31393,45063,40196,49057,58006,49756
강원도 원주시,2013,30629,43629,40020,47572,58603,52094
강원도 원주시,2014,30382,42306,40384,46416,59042,53802
강원도 원주시,2015,30771,41005,41380,46452,59232,55645
강원도 원주시,2016,30769,39711,42547,46372,59019,57365
강원도 원주시,2017,29848,38740,43863,45587,58914,58054
강원도 원주시,2018,29037,37615,44367,45313,57667,59403
강원도 원주시,2019,28801,36767,45028,45276,57401,60168
강원도 원주시,2020,28302,35918,45576,45323,57215,60829
강원도 원주시,2021,27420,35362,44938,45429,56864,61255
강원도 원주시,2022,26437,35196,43982,45454,56740,61580
강원도 원주시,2023,28710,38036,43636,46019,57580,58455
강원도 원주시,2024,28710,38036,43636,46019,57580,58455
강원도 원주시,2025,28710,38036,43636,46019,57580,58455
강원도 인제군,2011,3059,3466,4282,4573,4745,5303
강원도 인제군,2012,3122,3384,4325,4624,4655,5477
강원도 인제군,2013,3103,3251,4134,4598,4661,5701
강원도 인제군,2014,3041,3129,4144,4517,4610,5697
강원도 인제군,2015,3023,2989,4901,4442,4496,5726
강원도 인제군,2016,2936,2811,4569,4392,4336,5702
강원도 인제군,2017,2872,2661,4451,4345,4278,5577
강원도 인제군,2018,2699,2563,4293,4126,4148,5544
강원도 인제군,2019,2592,2392,4190,3920,3987,5476
강원도 인제군,2020,2499,2314,4067,3902,3998,5255
강원도 인제군,2021,2499,2236,4209,3981,3938,5107
강원도 인제군,2022,2386,2315,4026,3948,3987,4973
강원도 인제군,2023,2668,2582,4227,4134,4171,5321
강원도 인제군,2024,2668,2582,4227,4134,4171,5321
강원도 인제군,2025,2668,2582,4227,4134,4171,5321
강원도 정선군,2011,2628,3824,4421,5148,6088,7504
강원도 정선군,2012,2601,3728,4083,5057,5948,7582
강원도 정선군,2013,2595,3620,3879,4939,5932,7771
강원도 정선군,2014,2509,3400,3609,4636,5863,7791
강원도 정선군,2015,2439,3289,3498,4393,5791,7720
강원도 정선군,2016,2361,3120,3332,4103,5679,7630
강원도 정선군,2017,2177,2999,3209,3837,5484,7497
강원도 정선군,2018,2032,2856,3050,3648,5261,7402
강원도 정선군,2019,1896,2694,2953,3373,5102,7268
강원도 정선군,2020,1736,2544,2820,3078,4978,6986
강원도 정선군,2021,1628,2412,2625,2755,4626,6682
강원도 정선군,2022,1439,2333,2490,2498,4453,6473
강원도 정선군,2023,1935,2806,3056,3468,5128,7101
강원도 정선군,2024,1935,2806,3056,3468,5128,7101
강원도 정선군,2025,1935,2806,3056,3468,5128,7101
강원도 철원군,2011,4386,5839,6194,6440,7306,7380
강원도 철원군,2012,4330,5645,5943,6398,7219,7647
강원도 철원군,2013,4225,5423,5570,6152,7143,7853
강원도 철원군,2014,4149,5226,5983,5857,7054,7853
강원도 철원군,2015,3975,4984,7443,5710,6895,7844
강원도 철원군,2016,3819,4789,7135,5497,6633,7821
강원도 철원군,2017,3638,4577,6885,5208,6453,7719
강원도 철원군,2018,3469,4330,6630,5042,6162,7615
강원도 철원군,2019,3446,4053,6138,4876,5960,7514
강원도 철원군,2020,3365,3795,5846,4687,5687,7227
강원도 철원군,2021,3155,3629,5242,4496,5483,6929
강원도 철원군,2022,2952,3408,4799,4412,5161,6712
강원도 철원군,2023,3491,4222,5866,5035,6023,7287
강원도 철원군,2024,3491,4222,5866,5035,6023,7287
강원도 철원군,2025,3491,4222,5866,5035,6023,7287
강원도 춘천시,2011,24700,37417,34594,39691,46947,42091
강원도 춘천시,2012,24304,36388,33970,38989,46653,43268
강원도 춘천시,2013,24056,35376,33649,38202,46959,44497
강원도 춘천시,2014,23976,34147,33830,37270,46915,45506
강원도 춘천시,2015,24022,32909,34843,36823,46563,45878
강원도 춘천시,2016,24054,31556,35805,36790,46236,46351
강원도 춘천시,2017,23272,30226,36418,36073,45081,46334
강원도 춘천시,2018,22634,29152,36518,35515,43878,46694
강원도 춘천시,2019,22272,27974,36965,34841,42827,46998
강원도 춘천시,2020,21669,26937,37345,34254,42476,47024
강원도 춘천시,2021,20826,26476,37437,34379,41949,46820
강원도 춘천시,2022,20035,26339,37416,34393,41649,46775
강원도 춘천시,2023,22135,29311,36495,35601,43659,46160
강원도 춘천시,2024,22135,29311,36495,35601,43659,46160
강원도 춘천시,2025,22135,29311,36495,35601,43659,46160
강원도 태백시,2011,4362,5622,5417,7383,7771,8838
강원도 태백시,2012,4240,5470,5002,7101,7688,8726
강원도 태백시,2013,4066,5311,4699,6673,7711,8643
강원도 태백시,2014,3940,5164,4615,6214,7656,8522
강원도 태백시,2015,3775,4947,4535,5805,7557,8283
강원도 태백시,2016,3627,4679,4511,5465,7414,8231
강원도 태백시,2017,3367,4425,4259,5071,7239,7958
강원도 태백시,2018,3113,4322,4067,4600,6952,7843
강원도 태백시,2019,2862,4060,3859,4224,6655,7610
강원도 태백시,2020,2574,3831,3679,3779,6434,7376
강원도 태백시,2021,2301,3665,3452,3296,6095,6981
강원도 태백시,2022,2007,3556,3210,2983,5781,6874
강원도 태백시,2023,2923,4217,3953,4454,6683,7623
강원도 태백시,2024,2923,4217,3953,4454,6683,7623
강원도 태백시,2025,2923,4217,3953,4454,6683,7623
강원도 평창군,2011,3097,4583,4300,5196,6932,8302
강원도 평창군,2012,3028,4411,4160,5014,6728,8492
강원도 평창군,2013,2906,4252,4018,4830,6772,8732
강원도 평창군,2014,2793,4108,3953,4583,6759,8784
강원도 평창군,2015,2636,3909,3883,4351,6631,8810
강원도 평창군,2016,2547,3731,3840,4122,6502,8745
강원도 평창군,2017,2381,3553,3769,3916,6247,8655
강원도 평창군,2018,2212,3377,3660,3650,5860,8612
강원도 평창군,2019,2036,3137,3468,3427,5526,8400
강원도 평창군,2020,1868,2907,3415,3098,5341,8080
강원도 평창군,2021,1715,2724,3240,2824,5053,7802
강원도 평창군,2022,1584,2704,3104,2717,4845,7644
강원도 평창군,2023,2123,3279,3542,3534,5684,8197
강원도 평창군,2024,2123,3279,3542,3534,5684,8197
강원도 평창군,2025,2123,3279,3542,3534,5684,8197
강원도 홍천군,2011,5361,7975,7547,8357,10910,12736
강원도 홍천군,2012,5148,7765,7298,8082,10595,13027
강원도 홍천군,2013,5113,7515,7604,8032,10495,13507
강원도 홍천군,2014,4937,7175,7457,7664,10295,13765
강원도 홍천군,2015,4903,6830,7263,7348,10038,13765
강원도 홍천군,2016,4735,6438,7056,7102,9748,13707
강원도 홍천군,2017,4536,6153,7073,6886,9494,13618
강원도 홍천군,2018,4401,5814,6796,6720,9001,13393
강원도 홍천군,2019,4061,5529,6583,6330,8567,13124
강원도 홍천군,2020,3800,5180,6875,6139,8297,12754
강원도 홍천군,2021,3535,4962,6495,5720,7973,12122
강원도 홍천군,2022,3381,4752,6126,5632,7706,11737
강원도 홍천군,2023,4130,5771,6773,6522,8840,12747
강원도 홍천군,2024,4130,5771,6773,6522,8840,12747
강원도 홍천군,2025,4130,5771,6773,6522,8840,12747
강원도 화천군,2011,2342,2518,4123,3347,3402,3629
강원도 화천군,2012,2340,2510,3981,3326,3402,3760
강원도 화천군,2013,2377,2479,3815,3320,3387,3901
강원도 화천군,2014,2364,2487,5318,3396,3454,4034
강원도 화천군,2015,2303,2333,5412,3269,3370,4034
강원도 화천군,2016,2220,2192,4899,3141,3203,4064
강원도 화천군,2017,2118,2102,4677,3053,3183,4072
강원도 화천군,2018,1975,1973,4053,2993,2970,4044
강원도 화천군,2019,1888,1921,3941,2882,2846,4016
강원도 화천군,2020,1791,1797,3906,2846,2745,3914
강원도 화천군,2021,1709,1721,3567,2763,2608,3758
강원도 화천군,2022,1575,1659,3144,2606,2507,3643
강원도 화천군,2023,1919,1966,3946,2932,2895,3855
강원도 화천군,2024,1919,1966,3946,2932,2895,3855
강원도 화천군,2025,1919,1966,3946,2932,2895,3855
강원도 횡성군,2011,2969,4923,4535,4649,6617,8287
강원도 횡성군,2012,2878,4718,4418,4572,6409,8464
강원도 횡성군,2013,2800,4570,4267,4464,6437,8783
강원도 횡성군,2014,2738,4465,4247,4345,6361,8965
강원도 횡성군,2015,2673,4377,4227,4196,6266,9124
강원도 횡성군,2016,2541,4155,4260,4041,6031,9233
강원도 횡성군,2017,2458,4031,4204,3920,5801,9158
강원도 횡성군,2018,2403,3827,4245,3853,5618,9168
강원도 횡성군,2019,2291,3693,4045,3650,5285,9045
강원도 횡성군,2020,2159,3500,3851,3439,5119,8739
강원도 횡성군,2021,2108,3441,3622,3240,4926,8502
강원도 횡성군,2022,1992,3443,3414,3142,4806,8252
강원도 횡성군,2023,2334,3841,3935,3684,5457,8704
강원도 횡성군,2024,2334,3841,3935,3684,5457,8704
강원도 횡성군,2025,2334,3841,3935,3684,5457,8704
강원특별자치도 (5100000000),2021,83528,126297,152518,158635,198657,258904
강원특별자치도 (5100000000),2022,83528,126297,152518,158635,198657,258904
강원특별자치도 (5100000000),2023,90872,129053,163610,158594,208819,262513
강원특별자치도 (5100000000),2024,85769,126637,156210,158524,200689,260847
강원특별자치도 (5100000000),2025,80673,125351,148129,158676,194973,257290
강원특별자치도 강릉시,2021,10507,16804,20837,20480,27814,36454
강원특별자치도 강릉시,2022,10507,16804,20837,20480,27814,36454
강원특별자치도 강릉시,2023,11413,17380,22654,20358,29591,36506
강원특별자치도 강릉시,2024,10800,16819,21391,20387,28251,36556
강원특별자치도 강릉시,2025,10151,16620,20130,20541,27149,36413
강원특별자치도 고성군,2021,1212,1583,2287,2369,2780,4535
강원특별자치도 고성군,2022,1212,1583,2287,2369,2780,4535
강원특별자치도 고성군,2023,1272,1593,2518,2373,2939,4648
강원특별자치도 고성군,2024,1205,1578,2332,2370,2794,4586
강원특별자치도 고성군,2025,1195,1581,2204,2368,2727,4487
강원특별자치도 동해시,2021,4868,7990,7845,8125,12270,15961
강원특별자치도 동해시,2022,4868,7990,7845,8125,12270,15961
강원특별자치도 동해시,2023,5426,8266,8485,8244,13245,15922
강원특별자치도 동해시,2024,5032,8067,8075,8173,12560,16041
강원특별자치도 동해시,2025,4652,7885,7588,8076,11893,15953
강원특별자치도 삼척시,2021,2855,4584,6092,4747,7129,10608
강원특별자치도 삼척시,2022,2855,4584,6092,4747,7129,10608
강원특별자치도 삼척시,2023,3196,4806,6589,4898,7831,10760
강원특별자치도 삼척시,2024,2966,4637,6324,4852,7313,10697
강원특별자치도 삼척시,2025,2721,4501,5878,4674,6864,10538
강원특별자치도 속초시,2021,4459,6666,7238,8723,11006,14592
강원특별자치도 속초시,2022,4459,6666,7238,8723,11006,14592
강원특별자치도 속초시,2023,5063,6826,8130,8946,11671,14927
강원특별자치도 속초시,2024,4680,6640,7493,8829,11197,14791
강원특별자치도 속초시,2025,4215,6623,6895,8627,10751,14438
강원특별자치도 양구군,2021,1292,1819,2200,2228,2291,3074
강원특별자치도 양구군,2022,1292,1819,2200,2228,2291,3074
강원특별자치도 양구군,2023,1454,1845,2412,2325,2380,3224
강원특별자치도 양구군,2024,1332,1804,2216,2233,2338,3114
강원특별자치도 양구군,2025,1231,1815,2130,2197,2252,3017
강원특별자치도 양양군,2021,1066,1666,1930,2036,3179,4711
강원특별자치도 양양군,2022,1066,1666,1930,2036,3179,4711
강원특별자치도 양양군,2023,1069,1694,2102,2079,3346,4861
강원특별자치도 양양군,2024,1060,1665,1976,2026,3210,4792
강원특별자치도 양양군,2025,1066,1657,1865,2025,3119,4644
강원특별자치도 영월군,2021,1250,2445,2515,2301,3714,6442
강원특별자치도 영월군,2022,1250,2445,2515,2301,3714,6442
강원특별자치도 영월군,2023,1420,2576,2799,2368,4034,6788
강원특별자치도 영월군,2024,1296,2481,2594,2296,3817,6600
강원특별자치도 영월군,2025,1185,2395,2407,2282,3589,6295
강원특별자치도 원주시,2021,24160,34478,39618,46615,54177,62463
강원특별자치도 원주시,2022,24160,34478,39618,46615,54177,62463
강원특별자치도 원주시,2023,25618,34679,42306,45545,55623,62537
강원특별자치도 원주시,2024,24560,34363,40481,46298,54306,62880
강원특별자치도 원주시,2025,23605,34444,38563,47028,53693,62335
강원특별자치도 인제군,2021,2030,2175,3509,3773,3746,4667
강원특별자치도 인제군,2022,2030,2175,3509,3773,3746,4667
강원특별자치도 인제군,2023,2289,2287,3888,3898,3906,4846
강원특별자치도 인제군,2024,2153,2170,3645,3854,3786,4726
강원특별자치도 인제군,2025,1918,2141,3356,3713,3686,4596
강원특별자치도 정선군,2021,1132,2153,2306,2269,4003,6466
강원특별자치도 정선군,2022,1132,2153,2306,2269,4003,6466
강원특별자치도 정선군,2023,1315,2239,2291,2316,4174,6336
강원특별자치도 정선군,2024,1168,2158,2139,2177,3871,6242
강원특별자치도 정선군,2025,1066,2125,2353,2277,3983,6563
강원특별자치도 철원군,2021,2361,3120,4155,4159,4549,6418
강원특별자치도 철원군,2022,2361,3120,4155,4159,4549,6418
강원특별자치도 철원군,2023,2659,3283,4532,4259,4890,6617
강원특별자치도 철원군,2024,2414,3166,4128,4162,4595,6543
강원특별자치도 철원군,2025,2255,3057,4044,4127,4431,6325
강원특별자치도 춘천시,2021,17696,25740,35645,34701,39279,46427
강원특별자치도 춘천시,2022,17696,25740,35645,34701,39279,46427
강원특별자치도 춘천시,2023,18917,26060,36972,34305,40807,46897
강원특별자치도 춘천시,2024,18017,25930,36582,34457,39478,46594
강원특별자치도 춘천시,2025,17234,25593,34996,34885,38751,46239
강원특별자치도 태백시,2021,1566,3269,2735,2735,5043,6733
강원특별자치도 태백시,2022,1566,3269,2735,2735,5043,6733
강원특별자치도 태백시,2023,1823,3385,3053,2844,5531,6860
강원특별자치도 태백시,2024,1654,3299,2790,2752,5206,6783
강원특별자치도 태백시,2025,1464,3226,2622,2696,4849,6681
강원특별자치도 평창군,2021,1257,2547,2770,2575,4174,7328
강원특별자치도 평창군,2022,1257,2547,2770,2575,4174,7328
강원특별자치도 평창군,2023,1413,2623,3034,2690,4496,7609
강원특별자치도 평창군,2024,1327,2577,2877,2670,4284,7423
강원특별자치도 평창군,2025,1191,2515,2661,2515,4046,7216
강원특별자치도 홍천군,2021,2894,4383,5118,5474,6896,10927
강원특별자치도 홍천군,2022,2894,4383,5118,5474,6896,10927
강원특별자치도 홍천군,2023,3193,4544,5752,5544,7349,11419
강원특별자치도 홍천군,2024,3005,4362,5310,5529,6971,11094
강원특별자치도 홍천군,2025,2773,4338,4872,5438,6735,10731
강원특별자치도 화천군,2021,1274,1610,2793,2466,2259,3432
강원특별자치도 화천군,2022,1274,1610,2793,2466,2259,3432
강원특별자치도 화천군,2023,1459,1618,2928,2595,2347,3616
강원특별자치도 화천군,2024,1364,1629,2827,2535,2319,3535
강원특별자치도 화천군,2025,1193,1603,2742,2409,2216,3348
강원특별자치도 횡성군,2021,1649,3265,2925,2860,4348,7665
강원특별자치도 횡성군,2022,1649,3265,2925,2860,4348,7665
강원특별자치도 횡성군,2023,1873,3349,3165,3007,4659,8140
강원특별자치도 횡성군,2024,1736,3292,3030,2924,4393,7850
강원특별자치도 횡성군,2025,1558,3232,2823,2798,4239,7471
경기도 (4100000000),2011,1255168,1660148,1558886,2088455,2227890,1637339
경기도 (4100000000),2012,1258575,1619150,1562100,2071071,2249470,1731415
경기도 (4100000000),2013,1251576,1580802,1576139,2039007,2288932,1816573
경기도 (4100000000),2014,1243973,1533881,1608430,1991551,2303367,1896033
경기도 (4100000000),2015,1251234,1479739,1644870,1969170,2302937,1962003
경기도 (4100000000),2016,1251110,1439515,1687250,1955946,2312530,2025958
경기도 (4100000000),2017,1226500,1410636,1721524,1934989,2313960,2077756
경기도 (4100000000),2018,1209856,1384896,1749054,1949571,2291231,2145977
경기도 (4100000000),2019,1184990,1355462,1770695,1925827,2290198,2198828
경기도 (4100000000),2020,1145984,1328214,1807848,1907459,2299423,2234920
경기도 (4100000000),2021,1099927,1321005,1798269,1900447,2296173,2274844
경기도 (4100000000),2022,1040954,1327726,1737291,1882300,2284603,2293422
경기도 (4100000000),2023,989550,1320631,1682138,1878734,2256931,2335999
경기도 (4100000000),2024,939988,1318307,1627548,1907383,2214874,2357607
경기도 (4100000000),2025,889965,1326501,1557604,1925447,2183467,2355969
경기도 가평군,2011,4427,6388,6208,7247,9377,10877
경기도 가평군,2012,4482,6383,6335,7208,9371,11237
경기도 가평군,2013,4418,6125,6241,6991,9298,11502
경기도 가평군,2014,4184,5977,6136,6672,9249,11746
경기도 가평군,2015,4201,5761,6207,6530,9101,11814
경기도 가평군,2016,4166,5467,6326,6469,8915,11819
경기도 가평군,2017,4031,5296,6413,6404,8779,11803
경기도 가평군,2018,3836,5095,6288,6310,8475,11766
경기도 가평군,2019,3607,4857,6174,5992,8097,11668
경기도 가평군,2020,3344,4634,6212,5742,7910,11364
경기도 가평군,2021,3155,4458,6125,5504,7780,11107
경기도 가평군,2022,2901,4429,5920,5400,7569,10891
경기도 가평군,2023,2763,4349,5700,5437,7459,10845
경기도 가평군,2024,2651,4205,5548,5518,7066,10744
경기도 가평군,2025,2485,4074,5267,5390,6789,10487
경기도 고양시,2011,46482,73430,60608,76316,98640,65038
경기도 고양시,2012,45822,70728,62479,73856,98892,69975
경기도 고양시,2013,45864,68901,64939,73303,100196,75290
경기도 고양시,2014,45838,66382,67510,72032,100256,80010
경기도 고양시,2015,46534,63589,70373,72386,99615,84138
경기도 고양시,2016,46154,60770,72599,71772,98712,87268
경기도 고양시,2017,44441,58542,73408,70123,96838,89398
경기도 고양시,2018,42670,56268,73513,69491,93632,92036
경기도 고양시,2019,42406,54500,74840,70808,92760,95562
경기도 고양시,2020,41061,52504,75462,71390,91200,97252
경기도 고양시,2021,38969,51177,73285,71377,88682,98533
경기도 고양시,2022,36964,50556,70114,71560,86427,98800
경기도 고양시,2023,35168,49474,67203,71796,84292,99370
경기도 고양시,2024,33142,48462,64036,72560,81290,98877
경기도 고양시,2025,30802,47936,59992,72164,79004,97188
경기도 과천시,2011,6734,11154,9306,10055,14624,10622
경기도 과천시,2012,6394,10640,9356,9611,14093,11093
경기도 과천시,2013,6175,10095,9539,9237,13759,11449
경기도 과천시,2014,5901,9586,9657,9019,13298,11895
경기도 과천시,2015,5600,8901,9730,8754,12560,12060
경기도 과천시,2016,5035,7990,8929,7968,11431,11111
경기도 과천시,2017,4463,7015,7983,6940,9977,10083
경기도 과천시,2018,4489,6713,8051,7415,9510,10359
경기도 과천시,2019,4507,6366,8023,7806,9209,10278
경기도 과천시,2020,5175,6319,8732,8787,9526,11093
경기도 과천시,2021,6488,7014,9710,10669,10892,12677
경기도 과천시,2022,7306,7511,9778,11633,11900,13009
경기도 과천시,2023,7995,7890,9503,12022,12474,13229
경기도 과천시,2024,8872,8241,9438,13270,13313,13249
경기도 과천시,2025,8165,8168,8117,12158,12884,11904
경기도 광명시,2011,38553,45047,48198,68352,61257,50263
경기도 광명시,2012,38241,43814,46849,66857,61739,52055
경기도 광명시,2013,37179,42671,45541,63955,62877,53112
경기도 광명시,2014,35735,41196,44731,60260,62855,53444
경기도 광명시,2015,34755,39396,43944,57342,62288,53786
경기도 광명시,2016,32762,38030,43374,53942,61437,53681
경기도 광명시,2017,30358,36483,42946,50804,59987,53218
경기도 광명시,2018,27919,35084,42235,48619,57639,53409
경기도 광명시,2019,25724,33063,40950,45227,55010,52573
경기도 광명시,2020,23283,30581,38256,41208,51599,49677
경기도 광명시,2021,21820,29533,36783,39974,49814,48957
경기도 광명시,2022,20317,29179,34871,38407,48544,48636
경기도 광명시,2023,18632,28172,33150,36706,46273,48513
경기도 광명시,2024,17377,27463,31948,36952,44539,48494
경기도 광명시,2025,18123,27910,32694,42135,45740,50523
경기도 광주시,2011,29305,32978,32153,48096,47736,39472
경기도 광주시,2012,30318,32650,32686,49412,49551,42254
경기도 광주시,2013,31153,32857,33346,51286,51805,44652
경기도 광주시,2014,32074,32882,34842,52537,54017,47302
경기도 광주시,2015,33229,32758,36547,54276,55843,49943
경기도 광주시,2016,34239,32803,38531,56232,58000,52921
경기도 광주시,2017,35309,33575,40916,58580,60803,55804
경기도 광주시,2018,36442,33909,43128,60651,62905,59453
경기도 광주시,2019,36223,33577,43885,59830,64543,61520
경기도 광주시,2020,35190,33619,45220,57844,66823,63534
경기도 광주시,2021,33239,33989,44958,55722,68000,65287
경기도 광주시,2022,31671,34875,43536,54344,68878,66732
경기도 광주시,2023,29868,35005,41450,52357,68498,68090
경기도 광주시,2024,28865,35688,40442,52824,68257,69733
경기도 광주시,2025,26638,36297,38390,51721,67288,69921
경기도 구리시,2011,19157,27907,25654,33025,37837,27859
경기도 구리시,2012,18569,26462,25051,31576,37221,28920
경기도 구리시,2013,17634,25211,24784,29801,36817,29920
경기도 구리시,2014,16711,23672,25109,27959,35854,30820
경기도 구리시,2015,16400,22421,25538,27046,35151,31512
경기도 구리시,2016,16971,21799,26815,27858,35405,33554
경기도 구리시,2017,17430,21421,27814,28766,35683,34867
경기도 구리시,2018,17603,20516,28195,29488,34837,36063
경기도 구리시,2019,16345,19116,27505,27578,33603,35905
경기도 구리시,2020,15199,18151,27281,26372,32845,35772
경기도 구리시,2021,13946,17311,25915,25118,31306,34889
경기도 구리시,2022,12734,17084,24346,24278,30589,34358
경기도 구리시,2023,11817,16744,23177,23913,29694,34526
경기도 구리시,2024,10957,16449,22403,24606,28884,34089
경기도 구리시,2025,10110,16297,21323,25159,28087,33444
경기도 군포시,2011,31383,39029,40038,51953,52639,39972
경기도 군포시,2012,30809,37551,39503,50415,52305,42252
경기도 군포시,2013,30079,36156,39134,49162,52395,43973
경기도 군포시,2014,29899,34899,39553,48375,52277,45703
경기도 군포시,2015,29206,33330,39593,47010,51307,46695
경기도 군포시,2016,28017,31909,39182,45050,50430,47205
경기도 군포시,2017,26028,30647,38822,42904,49179,47465
경기도 군포시,2018,23909,29230,38334,41206,46918,47986
경기도 군포시,2019,22602,28069,38214,39877,45760,48316
경기도 군포시,2020,20630,26654,38232,38258,44520,48202
경기도 군포시,2021,18634,25451,36836,37102,42586,47483
경기도 군포시,2022,17241,24869,35175,37033,41224,46906
경기도 군포시,2023,15408,23938,33421,35657,39333,47043
경기도 군포시,2024,13642,23038,31677,34992,37048,46401
경기도 군포시,2025,12349,22309,29914,34264,35495,45161
경기도 김포시,2011,27796,35214,29160,42945,48624,36047
경기도 김포시,2012,32858,36983,32058,49963,53019,40850
경기도 김포시,2013,36779,38234,34228,54958,57147,45066
경기도 김포시,2014,41854,39596,36976,60419,61890,48991
경기도 김포시,2015,43169,39484,37926,59764,63858,50829
경기도 김포시,2016,44453,39753,39433,60148,66351,53508
경기도 김포시,2017,48479,41534,42123,65819,71470,56632
경기도 김포시,2018,52060,43624,45695,71963,76472,60486
경기도 김포시,2019,52071,44797,47422,71134,80358,62744
경기도 김포시,2020,55253,47723,52038,76392,88432,66885
경기도 김포시,2021,53677,49972,52405,75094,92370,69269
경기도 김포시,2022,49239,51750,50386,70147,93601,70517
경기도 김포시,2023,45831,53091,49355,66699,94373,72951
경기도 김포시,2024,41806,54600,48173,64695,93293,75064
경기도 김포시,2025,37812,56081,46337,62571,91533,76396
경기도 남양주시,2011,68398,78692,65015,103965,106810,77412
경기도 남양주시,2012,69906,79462,66730,103918,111698,83480
경기도 남양주시,2013,70728,80094,69467,102596,116766,89019
경기도 남양주시,2014,71261,80282,72114,101008,120866,94141
경기도 남양주시,2015,72156,79108,75096,100024,123219,98746
경기도 남양주시,2016,70991,77865,76916,97335,124550,101882
경기도 남양주시,2017,67690,77012,78430,92692,124617,104445
경기도 남양주시,2018,67867,77431,79807,92988,125765,108868
경기도 남양주시,2019,67577,77825,82728,92256,128868,113759
경기도 남양주시,2020,64926,77268,85023,89472,130172,117021
경기도 남양주시,2021,63527,78293,86336,90426,132228,122453
경기도 남양주시,2022,59370,79526,84144,88466,131877,124804
경기도 남양주시,2023,54337,79299,81665,85052,128329,127403
경기도 남양주시,2024,50251,78832,79928,84763,124216,129700
경기도 남양주시,2025,46368,78800,76830,84385,120052,130266
경기도 동두천시,2011,9542,11878,11286,15614,16657,13930
경기도 동두천시,2012,9433,11698,11112,15217,16852,14550
경기도 동두천시,2013,9175,11520,11054,14611,17051,15102
경기도 동두천시,2014,8994,11159,11175,13907,16975,15545
경기도 동두천시,2015,8938,10603,11243,13396,16839,15887
경기도 동두천시,2016,8697,10281,11337,12864,16681,16168
경기도 동두천시,2017,8021,9895,11221,12056,16263,16255
경기도 동두천시,2018,7495,9494,11202,11532,15553,16344
경기도 동두천시,2019,6922,9005,11201,10633,14939,16317
경기도 동두천시,2020,6298,8604,11303,10215,14334,16481
경기도 동두천시,2021,5830,8392,11053,10009,13815,16452
경기도 동두천시,2022,5300,8221,10400,9488,13164,16243
경기도 동두천시,2023,4521,7788,9650,8855,12232,16052
경기도 동두천시,2024,3908,7555,9072,8422,11502,15876
경기도 동두천시,2025,3584,7403,8525,8350,11196,15765
경기도 부천시,2011,39702,58969,65501,74088,80186,68064
경기도 부천시,2012,38946,55599,64638,72924,78465,71239
경기도 부천시,2013,37578,52698,63682,70958,77754,73290
경기도 부천시,2014,36402,49359,63541,68157,75926,75115
경기도 부천시,2015,35638,46147,63052,66490,73594,75865
경기도 부천시,2016,70745,87291,126300,131986,144794,153297
경기도 부천시,2017,68797,83281,125656,129900,141881,153500
경기도 부천시,2018,66236,79043,122888,127606,137064,153512
경기도 부천시,2019,61998,74557,119747,121226,132971,150997
경기도 부천시,2020,57224,70576,117408,116034,129151,147596
경기도 부천시,2021,53029,67956,112129,112466,125249,144782
경기도 부천시,2022,48779,66472,104368,108853,121846,140974
경기도 부천시,2023,45444,64437,98528,106793,118285,139754
경기도 부천시,2024,20890,31524,46100,52869,57129,68468
경기도 부천시,2025,19364,30990,42724,52102,55685,66333
경기도 성남시,2011,44125,65004,69532,85980,90646,70915
경기도 성남시,2012,43477,62317,68498,84582,90371,73278
경기도 성남시,2013,43017,59802,67797,83287,90358,75602
경기도 성남시,2014,42085,56914,67828,80668,89303,77128
경기도 성남시,2015,41580,53978,67870,78930,87730,77709
경기도 성남시,2016,41506,51844,68380,77638,87230,78414
경기도 성남시,2017,40136,49870,68195,75115,85546,78238
경기도 성남시,2018,37833,47706,67210,72796,82426,78280
경기도 성남시,2019,36002,45630,66194,69784,80155,78204
경기도 성남시,2020,34418,43920,66139,68504,78582,77896
경기도 성남시,2021,32836,42777,63760,67582,76538,77676
경기도 성남시,2022,31310,42360,60603,66901,75049,77180
경기도 성남시,2023,30013,41676,58292,67072,73686,77398
경기도 성남시,2024,28498,40846,55946,67270,71778,76606
경기도 성남시,2025,27080,40618,52736,67214,70462,75343
경기도 송탄출장소,2016,0,0,0,0,0,0
경기도 송탄출장소,2017,0,0,0,0,0,0
경기도 송탄출장소,2018,0,0,0,0,0,0
경기도 송탄출장소,2019,0,0,0,0,0,0
경기도 송탄출장소,2020,0,0,0,0,0,0
경기도 송탄출장소,2021,0,0,0,0,0,0
경기도 송탄출장소,2022,0,0,0,0,0,0
경기도 송탄출장소,2023,0,0,0,0,0,0
경기도 송탄출장소,2024,0,0,0,0,0,0
경기도 송탄출장소,2025,0,0,0,0,0,0
경기도 수원시,2011,44175,64910,64093,78277,82965,55850
경기도 수원시,2012,45720,63555,65501,80052,84478,60235
경기도 수원시,2013,46585,62148,67476,80714,86741,64282
경기도 수원시,2014,47520,60272,70002,81074,87576,68358
경기도 수원시,2015,47642,57310,71593,80181,87074,70904
경기도 수원시,2016,47110,54889,73181,79195,86699,73342
경기도 수원시,2017,45779,53226,74411,78378,86044,75458
경기도 수원시,2018,43830,51413,75034,76812,83793,77298
경기도 수원시,2019,41722,49556,74644,74047,82389,78372
경기도 수원시,2020,38846,47332,74642,71435,81135,78598
경기도 수원시,2021,36415,46148,73703,70882,79690,78995
경기도 수원시,2022,34712,46084,71953,72256,79310,79550
경기도 수원시,2023,33054,45353,70336,73737,78005,80932
경기도 수원시,2024,30938,44527,68171,74543,75640,80892
경기도 수원시,2025,29059,44343,64801,75110,73897,80102
경기도 시흥시,2011,45119,62143,50751,74390,84343,48160
경기도 시흥시,2012,43356,59805,50844,71259,83872,52359
경기도 시흥시,2013,41435,57241,51453,67319,83858,56006
경기도 시흥시,2014,39746,54580,52639,63304,83118,59729
경기도 시흥시,2015,39608,52071,54284,61631,82246,63605
경기도 시흥시,2016,39103,50140,55996,60375,81529,67422
경기도 시흥시,2017,40499,49401,59295,62661,82128,72189
경기도 시흥시,2018,44256,49757,63173,69260,83885,78222
경기도 시흥시,2019,46800,49958,66027,73824,86398,83034
경기도 시흥시,2020,48317,50147,69580,77446,90660,87624
경기도 시흥시,2021,47577,50216,68964,77837,92511,90045
경기도 시흥시,2022,45126,51077,66399,75905,92791,90352
경기도 시흥시,2023,43910,51516,64220,76407,93191,92668
경기도 시흥시,2024,41235,51548,61011,75463,91237,93120
경기도 시흥시,2025,38137,52141,57658,74274,89256,92440
경기도 안산시,2011,47349,75469,67230,82640,97424,62103
경기도 안산시,2012,45838,72146,67877,79829,96585,67035
경기도 안산시,2013,44393,68688,68661,77053,96366,71223
경기도 안산시,2014,42649,64677,70031,73171,94573,74725
경기도 안산시,2015,40953,60005,70915,69289,91177,77645
경기도 안산시,2016,39247,56046,71799,66342,87812,80091
경기도 안산시,2017,36428,52489,72007,62825,84040,81669
경기도 안산시,2018,33013,48807,70798,59394,78319,83125
경기도 안산시,2019,30959,45421,70079,57241,74191,84093
경기도 안산시,2020,29755,42697,70991,57162,72239,85181
경기도 안산시,2021,27851,40825,70220,56811,69261,85417
경기도 안산시,2022,25639,39201,66484,56018,66223,84132
경기도 안산시,2023,23485,37361,62460,55011,62699,83605
경기도 안산시,2024,21519,35882,58789,55225,59433,82380
경기도 안산시,2025,19760,34910,54955,55344,56773,80323
경기도 안성시,2011,19410,22545,22260,31210,29814,25292
경기도 안성시,2012,19231,22294,21457,30740,30116,26060
경기도 안성시,2013,18910,21782,21076,29788,30821,27000
경기도 안성시,2014,18497,21153,20705,28581,31029,27832
경기도 안성시,2015,17767,20270,20519,26857,30664,28259
경기도 안성시,2016,17680,19746,21025,26631,30862,29122
경기도 안성시,2017,16698,19307,21183,25489,30679,29509
경기도 안성시,2018,15844,18779,21554,24849,30269,30230
경기도 안성시,2019,14940,18265,21456,23632,29912,30832
경기도 안성시,2020,14048,17999,22544,23127,30171,31465
경기도 안성시,2021,13123,17717,23111,22791,30184,31990
경기도 안성시,2022,12196,17505,22585,21976,29805,32124
경기도 안성시,2023,11213,17415,22134,21541,29265,32821
경기도 안성시,2024,10946,17480,22162,22925,29219,33628
경기도 안성시,2025,10447,17531,21814,23570,29058,33967
경기도 안양시,2011,37195,58449,59074,66989,76972,62655
경기도 안양시,2012,36551,55161,58607,65577,75123,64961
경기도 안양시,2013,35567,52307,58103,64300,74445,66536
경기도 안양시,2014,34385,49135,58045,61517,72659,68059
경기도 안양시,2015,33953,46268,58043,60161,70864,68610
경기도 안양시,2016,33508,44023,58231,59494,69557,69368
경기도 안양시,2017,31807,41771,57337,57320,67323,68847
경기도 안양시,2018,30043,39383,55744,55817,63871,68495
경기도 안양시,2019,28511,37181,54240,53775,61309,67485
경기도 안양시,2020,26196,34905,51836,50902,58537,65009
경기도 안양시,2021,25213,33890,49915,51556,57107,64036
경기도 안양시,2022,24654,33323,47655,52677,56351,63405
경기도 안양시,2023,23608,32314,45431,52299,55219,63358
경기도 안양시,2024,23621,32500,44431,55516,55264,63633
경기도 안양시,2025,23443,32785,42738,57795,55437,62916
경기도 안중출장소,2016,0,0,0,0,0,0
경기도 안중출장소,2017,0,0,0,0,0,0
경기도 안중출장소,2018,0,0,0,0,0,0
경기도 안중출장소,2019,0,0,0,0,0,0
경기도 안중출장소,2020,0,0,0,0,0,0
경기도 안중출장소,2021,0,0,0,0,0,0
경기도 안중출장소,2022,0,0,0,0,0,0
경기도 안중출장소,2023,0,0,0,0,0,0
경기도 안중출장소,2024,0,0,0,0,0,0
경기도 안중출장소,2025,0,0,0,0,0,0
경기도 양주시,2011,22957,26342,22797,34446,36110,28161
경기도 양주시,2012,22409,25927,22216,33030,36508,29262
경기도 양주시,2013,21594,25370,21874,30679,37146,30304
경기도 양주시,2014,21355,25191,22515,29554,37832,31520
경기도 양주시,2015,21222,24754,23060,28622,38090,32638
경기도 양주시,2016,20527,24337,23290,27239,37977,33287
경기도 양주시,2017,20306,24349,24412,27440,38519,34477
경기도 양주시,2018,19974,24104,25228,27704,38295,35687
경기도 양주시,2019,19814,23932,26280,27614,38583,36809
경기도 양주시,2020,19940,24057,27449,28048,39444,38089
경기도 양주시,2021,19651,24277,27716,28102,39910,39530
경기도 양주시,2022,19281,25067,27708,28948,40406,41257
경기도 양주시,2023,21638,26848,29681,34043,43977,45437
경기도 양주시,2024,23065,28215,31251,39185,46423,48793
경기도 양주시,2025,22635,28936,30973,40316,46649,50047
경기도 양평군,2011,7531,10621,10380,12179,15539,18501
경기도 양평군,2012,7791,10436,10284,12314,15799,19042
경기도 양평군,2013,7924,10222,10182,12108,16027,19451
경기도 양평군,2014,7971,10127,10405,11801,16078,19836
경기도 양평군,2015,8146,10015,10634,11633,16284,20091
경기도 양평군,2016,8309,9872,10777,11822,16492,20438
경기도 양평군,2017,8283,9985,10936,11993,16723,21000
경기도 양평군,2018,7963,9872,10729,11778,16438,20988
경기도 양평군,2019,7620,9758,10456,11218,16328,21018
경기도 양평군,2020,7298,9708,10597,10775,16312,20910
경기도 양평군,2021,7074,9720,10589,10701,16311,20936
경기도 양평군,2022,6631,9853,10125,10391,16149,21091
경기도 양평군,2023,6482,9996,9822,10549,16122,21442
경기도 양평군,2024,6096,9909,9432,10717,15795,21585
경기도 양평군,2025,5630,9919,8968,10505,15283,21284
경기도 여주군,2011,9687,13668,12526,15239,18090,17716
경기도 여주군,2012,9614,13158,12245,15168,17815,18032
경기도 여주군,2013,9672,13566,12470,15225,18035,17779
경기도 여주군,2014,9672,13566,12470,15225,18035,17779
경기도 여주군,2015,9672,13566,12470,15225,18035,17779
경기도 여주시,2011,8434,11208,11980,13278,17002,19452
경기도 여주시,2012,8434,11208,11980,13278,17002,19452
경기도 여주시,2013,9347,12667,12094,14580,17822,18459
경기도 여주시,2014,9395,12314,12188,14364,17742,19011
경기도 여주시,2015,9186,11799,12303,13887,17590,19421
경기도 여주시,2016,9045,11344,12321,13528,17329,19669
경기도 여주시,2017,8592,10890,12333,13064,17291,19929
경기도 여주시,2018,8206,10346,12281,12607,16634,20031
경기도 여주시,2019,7716,9952,12067,12009,16168,20203
경기도 여주시,2020,7414,9592,12177,11539,16033,20117
경기도 여주시,2021,6845,9405,11956,11129,15713,20087
경기도 여주시,2022,6560,9368,11510,11110,15757,20001
경기도 여주시,2023,6231,9285,11209,11324,15462,20384
경기도 여주시,2024,5783,9080,10704,11320,15156,20266
경기도 여주시,2025,5282,8962,9909,11380,14606,19981
경기도 연천군,2011,3387,4916,5114,5350,6832,7642
경기도 연천군,2012,3498,4756,5365,5392,6746,7891
경기도 연천군,2013,3530,4455,5462,5234,6646,8083
경기도 연천군,2014,3463,4280,5427,4957,6395,8190
경기도 연천군,2015,3454,4087,5889,4926,6079,8108
경기도 연천군,2016,3521,3880,6001,4945,5837,7997
경기도 연천군,2017,3434,3671,5839,4802,5625,7781
경기도 연천군,2018,3204,3556,5527,4647,5345,7617
경기도 연천군,2019,2939,3329,5468,4336,5081,7405
경기도 연천군,2020,2730,3193,5364,4259,4978,7132
경기도 연천군,2021,2541,3048,5114,4099,4727,6946
경기도 연천군,2022,2280,2917,4807,3980,4553,6788
경기도 연천군,2023,2071,2832,4498,3976,4342,6579
경기도 연천군,2024,1912,2699,4184,3906,4073,6340
경기도 연천군,2025,1871,2735,4278,4135,4183,6474
경기도 오산시,2011,27592,25202,26710,43554,32661,20515
경기도 오산시,2012,28404,25323,26538,44707,34218,22181
경기도 오산시,2013,28867,25647,26062,44947,36329,23650
경기도 오산시,2014,28865,25520,26114,44124,37836,24956
경기도 오산시,2015,27759,24737,25969,42001,37945,25751
경기도 오산시,2016,27155,24375,26496,40765,38859,26822
경기도 오산시,2017,26649,24650,27494,40172,40001,28314
경기도 오산시,2018,26142,25008,28893,40498,40721,30242
경기도 오산시,2019,25263,24982,30421,40103,42013,32211
경기도 오산시,2020,23784,24873,31321,38973,43237,33266
경기도 오산시,2021,21682,24904,31150,37349,43914,34049
경기도 오산시,2022,19824,25358,29902,35964,44585,34917
경기도 오산시,2023,18139,25482,28851,34992,44413,36503
경기도 오산시,2024,18486,26379,29046,38362,45910,39142
경기도 오산시,2025,17987,27011,28713,40285,46549,40927
경기도 용인시,2011,56682,63753,49060,85368,84358,51436
경기도 용인시,2012,57090,63691,49629,84435,87700,54316
경기도 용인시,2013,57576,63904,51368,83791,91766,57586
경기도 용인시,2014,57446,63732,53724,81410,94804,60966
경기도 용인시,2015,57129,62770,55655,78854,96378,63868
경기도 용인시,2016,56151,62366,58688,76400,97852,66493
경기도 용인시,2017,54046,62031,60742,73758,98958,69800
경기도 용인시,2018,53724,62010,63376,75404,99254,74716
경기도 용인시,2019,52728,61550,66126,74738,100112,78946
경기도 용인시,2020,50386,60582,68881,72652,100008,82536
경기도 용인시,2021,47304,60210,68943,70268,98696,85767
경기도 용인시,2022,43758,60607,67351,68052,97131,88348
경기도 용인시,2023,40612,60178,66316,66510,95064,91568
경기도 용인시,2024,38356,60268,65549,67904,92744,94489
경기도 용인시,2025,36280,60484,63672,68958,90630,96011
경기도 의왕시,2011,15008,20088,21002,24743,27512,22851
경기도 의왕시,2012,15548,19876,21429,25474,28011,24535
경기도 의왕시,2013,16012,19539,22096,25724,28674,26213
경기도 의왕시,2014,15418,18778,22030,24526,28109,26839
경기도 의왕시,2015,15031,17762,21978,23637,27412,27352
경기도 의왕시,2016,14323,16695,22261,22615,26964,27651
경기도 의왕시,2017,13418,16077,22114,21521,26273,28077
경기도 의왕시,2018,12522,15355,21878,20803,24760,28377
경기도 의왕시,2019,13101,15162,22732,22132,24966,29639
경기도 의왕시,2020,13162,14596,23532,22922,24616,29455
경기도 의왕시,2021,12631,14070,22666,22916,24033,29275
경기도 의왕시,2022,11940,13758,21076,22280,23486,28501
경기도 의왕시,2023,11620,13402,19759,22979,22715,27898
경기도 의왕시,2024,10894,12886,18223,22517,21620,26659
경기도 의왕시,2025,11082,13279,17663,24323,22345,26838
경기도 의정부시,2011,40735,59717,54252,70272,81109,62766
경기도 의정부시,2012,39631,57429,54077,67330,80450,65522
경기도 의정부시,2013,38864,55419,54738,65297,80563,68475
경기도 의정부시,2014,37778,52904,55932,62571,80161,70425
경기도 의정부시,2015,37339,50455,57605,61116,79135,72219
경기도 의정부시,2016,37215,48454,59071,60502,78242,74288
경기도 의정부시,2017,36425,46894,60291,59830,77367,75250
경기도 의정부시,2018,36043,45391,61542,60448,75561,76950
경기도 의정부시,2019,35273,43855,62512,59773,74630,78773
경기도 의정부시,2020,34453,42539,64571,60147,74794,80387
경기도 의정부시,2021,32996,41616,64284,60071,73614,81152
경기도 의정부시,2022,31470,41067,62143,60456,72239,81428
경기도 의정부시,2023,30270,40369,59680,60343,71137,82385
경기도 의정부시,2024,28456,39680,56279,60287,68885,82459
경기도 의정부시,2025,26925,39692,53671,60818,67748,81759
경기도 이천시,2011,22922,28201,27179,34718,34869,27845
경기도 이천시,2012,22727,27558,26370,34284,34779,28864
경기도 이천시,2013,22433,26900,25908,33556,35346,29882
경기도 이천시,2014,21823,25926,25775,32301,35233,30991
경기도 이천시,2015,21471,24923,25640,31398,34840,31821
경기도 이천시,2016,22030,24616,26759,31818,35350,32875
경기도 이천시,2017,21562,24250,27446,31769,35509,33511
경기도 이천시,2018,20679,23487,28185,31165,35089,34220
경기도 이천시,2019,19997,22678,28788,30864,34846,34933
경기도 이천시,2020,18823,22231,30105,30526,34690,35246
경기도 이천시,2021,17883,22148,31355,30906,35058,35688
경기도 이천시,2022,16610,22105,30248,30469,35020,35756
경기도 이천시,2023,15505,21877,28876,30294,34510,36450
경기도 이천시,2024,14454,21714,27437,30845,33901,36856
경기도 이천시,2025,13584,21517,26598,31190,33594,36798
경기도 파주시,2011,43765,48527,50094,66198,66688,48174
경기도 파주시,2012,46005,49364,50494,67779,70158,51693
경기도 파주시,2013,46236,49512,50547,67043,72684,54397
경기도 파주시,2014,46870,49302,51462,66856,74656,57635
경기도 파주시,2015,48035,49180,52378,67761,76478,60362
경기도 파주시,2016,48047,48861,52859,67652,77514,62507
경기도 파주시,2017,46810,48896,54042,67442,78210,64453
경기도 파주시,2018,47105,49178,55144,70019,79140,67703
경기도 파주시,2019,45350,48620,55277,67819,79134,69622
경기도 파주시,2020,44314,49062,56876,67035,80840,72852
경기도 파주시,2021,43432,50266,59462,68443,82974,77146
경기도 파주시,2022,42403,51677,58898,69773,84654,80079
경기도 파주시,2023,40067,51856,56512,69216,84109,82770
경기도 파주시,2024,39442,53490,55299,71842,85563,85870
경기도 파주시,2025,38384,55353,54657,73471,87496,88652
경기도 평택시,2011,45738,60226,52843,73030,78015,56860
경기도 평택시,2012,46190,59289,53158,73514,79131,60123
경기도 평택시,2013,46591,58223,54279,73230,81443,63157
경기도 평택시,2014,46773,56860,55989,72551,82838,66357
경기도 평택시,2015,47769,55003,58615,72915,84137,69686
경기도 평택시,2016,47972,54052,60850,73195,85492,72777
경기도 평택시,2017,47498,53409,63462,73437,87004,75848
경기도 평택시,2018,47583,53096,66225,74951,87964,79608
경기도 평택시,2019,48243,53078,68938,76803,90095,83462
경기도 평택시,2020,49153,53214,73430,80697,93800,86913
경기도 평택시,2021,50065,54204,77667,86448,97562,91369
경기도 평택시,2022,49207,55467,77857,89178,99956,94329
경기도 평택시,2023,48443,56196,76968,92619,100863,98139
경기도 평택시,2024,47212,57008,74975,95450,100006,99883
경기도 평택시,2025,46546,58656,72293,99412,100869,101404
경기도 포천시,2011,13529,20786,18816,21621,28883,26303
경기도 포천시,2012,13167,19932,18586,20712,28239,27618
경기도 포천시,2013,12483,19137,18453,19673,27868,28653
경기도 포천시,2014,12200,18104,18623,18689,27128,29369
경기도 포천시,2015,11946,16961,18942,17915,26133,29916
경기도 포천시,2016,11642,16069,18824,17530,25214,30335
경기도 포천시,2017,10982,15084,18595,16706,24024,30244
경기도 포천시,2018,10143,14068,18363,15819,22594,30238
경기도 포천시,2019,9318,13155,17892,15039,21459,29761
경기도 포천시,2020,8579,12243,17841,14576,20472,29176
경기도 포천시,2021,8110,11721,18190,14638,19751,29284
경기도 포천시,2022,7414,11285,17151,14359,18655,28548
경기도 포천시,2023,6646,10499,16074,13767,17319,27974
경기도 포천시,2024,6061,10082,14944,13689,16287,27132
경기도 포천시,2025,5634,9816,14063,13813,15641,26112
경기도 풍양출장소,2016,0,0,0,0,0,0
경기도 풍양출장소,2017,0,0,0,0,0,0
경기도 풍양출장소,2018,0,0,0,0,0,0
경기도 풍양출장소,2019,0,0,0,0,0,0
경기도 풍양출장소,2020,0,0,0,0,0,0
경기도 풍양출장소,2021,0,0,0,0,0,0
경기도 풍양출장소,2022,0,0,0,0,0,0
경기도 풍양출장소,2023,0,0,0,0,0,0
경기도 풍양출장소,2024,0,0,0,0,0,0
경기도 풍양출장소,2025,0,0,0,0,0,0
경기도 하남시,2011,13681,17325,20072,24738,25720,25002
경기도 하남시,2012,13262,16558,19223,23819,25210,25251
경기도 하남시,2013,12905,15960,18518,23102,25065,25440
경기도 하남시,2014,13411,15802,18565,23187,25707,26169
경기도 하남시,2015,16577,16566,20172,27166,28248,28273
경기도 하남시,2016,23477,19495,25352,36480,35452,33951
경기도 하남시,2017,25982,20992,27575,39791,39500,36439
경기도 하남시,2018,28362,22593,29925,43886,43116,38834
경기도 하남시,2019,29647,23632,32250,46837,47064,40433
경기도 하남시,2020,30194,25139,36407,50109,51423,42068
경기도 하남시,2021,32803,28465,38289,53476,57481,45575
경기도 하남시,2022,32150,30291,36980,52488,59761,46884
경기도 하남시,2023,30685,31773,35977,51573,61110,48250
경기도 하남시,2024,28593,32590,34586,50580,60415,49041
경기도 하남시,2025,26442,33650,33111,49121,59889,49567
경기도 화성시,2011,77579,66088,57979,111873,89476,57430
경기도 화성시,2012,78177,67285,56169,111535,92956,60096
경기도 화성시,2013,76654,68293,55655,107639,97508,62728
경기도 화성시,2014,75899,69620,57444,104775,101860,66077
경기도 화성시,2015,85045,73741,64741,115613,112110,73428
경기도 화성시,2016,90459,77106,70895,122634,121035,79780
경기도 화성시,2017,94709,81282,79448,129851,131628,87371
경기도 화성시,2018,101365,87383,88989,143132,142891,98046
경기도 화성시,2019,105609,92720,96872,149961,154886,107896
경기도 화성시,2020,104485,96749,104538,151181,164059,115447
경기도 화성시,2021,101318,101090,109069,151247,171781,122796
경기도 화성시,2022,96724,105971,109750,150262,178243,129461
경기도 화성시,2023,95153,110022,110981,155558,183476,138446
경기도 화성시,2024,92197,113387,110867,160578,185237,145352
경기도 화성시,2025,89239,117509,109052,164342,186620,150987
경기도 화성시동부출장소,2016,0,0,0,0,0,0
경기도 화성시동부출장소,2017,0,0,0,0,0,0
경기도 화성시동부출장소,2018,0,0,0,0,0,0
경기도 화성시동부출장소,2019,0,0,0,0,0,0
경기도 화성시동부출장소,2020,0,0,0,0,0,0
경기도 화성시동부출장소,2021,0,0,0,0,0,0
경기도 화성시동부출장소,2022,0,0,0,0,0,0
경기도 화성시동부출장소,2023,0,0,0,0,0,0
경기도 화성시동부출장소,2024,0,0,0,0,0,0
경기도 화성시동부출장소,2025,0,0,0,0,0,0
경기도 화성시동탄출장소,2016,0,0,0,0,0,0
경기도 화성시동탄출장소,2017,0,0,0,0,0,0
경기도 화성시동탄출장소,2018,0,0,0,0,0,0
경기도 화성시동탄출장소,2019,0,0,0,0,0,0
경기도 화성시동탄출장소,2020,0,0,0,0,0,0
경기도 화성시동탄출장소,2021,0,0,0,0,0,0
경기도 화성시동탄출장소,2022,0,0,0,0,0,0
경기도 화성시동탄출장소,2023,0,0,0,0,0,0
경기도 화성시동탄출장소,2024,0,0,0,0,0,0
경기도 화성시동탄출장소,2025,0,0,0,0,0,0
경상남도 (4800000000),2011,319852,448239,401522,517772,576519,492810
경상남도 (4800000000),2012,319389,433187,392545,511254,573563,512964
경상남도 (4800000000),2013,317065,418456,389509,499756,582410,529511
경상남도 (4800000000),2014,316462,402689,391686,486893,585426,542595
경상남도 (4800000000),2015,317867,384287,394794,476814,580967,551878
경상남도 (4800000000),2016,315476,367662,397368,466247,574855,561503
경상남도 (4800000000),2017,307415,356902,397268,454065,566645,569852
경상남도 (4800000000),2018,296642,345897,394180,441235,552404,579597
경상남도 (4800000000),2019,285500,333957,387562,422681,543280,585420
경상남도 (4800000000),2020,268766,324214,378436,399558,536223,582448
경상남도 (4800000000),2021,250669,319461,362661,379886,527396,579779
경상남도 (4800000000),2022,229942,318924,341089,362225,519743,576029
경상남도 (4800000000),2023,211999,315947,322711,350135,505303,582857
경상남도 (4800000000),2024,195007,314142,305683,345727,489536,584759
경상남도 (4800000000),2025,178917,314631,288774,342312,475747,578976
경상남도 거제시,2011,29458,32448,29530,46347,40551,29923
경상남도 거제시,2012,30264,32192,28618,47017,41536,31356
경상남도 거제시,2013,30895,31843,28386,47531,43742,32599
경상남도 거제시,2014,31650,31368,28977,48267,45602,33848
경상남도 거제시,2015,33205,30595,29713,49739,46874,35075
경상남도 거제시,2016,33408,29864,28596,48893,47601,36141
경상남도 거제시,2017,32328,29490,26965,46289,47450,36608
경상남도 거제시,2018,30656,28905,25861,43235,46882,37480
경상남도 거제시,2019,28840,28309,25190,40075,47265,38452
경상남도 거제시,2020,26716,27963,24350,36640,47635,39273
경상남도 거제시,2021,24145,27952,22796,32802,47254,40041
경상남도 거제시,2022,21388,28222,21131,29168,46680,41057
경상남도 거제시,2023,18932,28353,20126,26157,46089,43042
경상남도 거제시,2024,16772,28574,19360,24367,45373,44612
경상남도 거제시,2025,14480,29023,18502,22702,44530,45264
경상남도 거창군,2011,4726,7971,6454,6873,9372,9807
경상남도 거창군,2012,4610,7732,6225,6746,9236,10104
경상남도 거창군,2013,4597,7432,6193,6512,9383,10283
경상남도 거창군,2014,4569,7201,6099,6274,9392,10448
경상남도 거창군,2015,4520,6853,6242,6117,9222,10564
경상남도 거창군,2016,4566,6576,6179,5954,9034,10679
경상남도 거창군,2017,4368,6234,6100,5764,8792,10698
경상남도 거창군,2018,4261,6015,6036,5641,8350,10823
경상남도 거창군,2019,3991,5888,6129,5303,8035,10753
경상남도 거창군,2020,3761,5720,5951,5008,7739,10581
경상남도 거창군,2021,3496,5818,5667,4755,7444,10294
경상남도 거창군,2022,3203,5672,5391,4549,7200,10070
경상남도 거창군,2023,2984,5660,5098,4442,7015,10191
경상남도 거창군,2024,2803,5666,4716,4481,6715,10144
경상남도 거창군,2025,2621,5570,4379,4515,6552,9866
경상남도 고성군,2011,3973,5660,5786,7077,8366,9299
경상남도 고성군,2012,3998,5459,5399,6949,8196,9458
경상남도 고성군,2013,3898,5236,5151,6618,8196,9567
경상남도 고성군,2014,3847,5032,4938,6247,8135,9624
경상남도 고성군,2015,3752,4759,4764,5951,7977,9578
경상남도 고성군,2016,3676,4471,4661,5684,7677,9572
경상남도 고성군,2017,3445,4363,4527,5247,7411,9548
경상남도 고성군,2018,3149,4214,4353,4835,7093,9525
경상남도 고성군,2019,2901,4172,4159,4340,6728,9338
경상남도 고성군,2020,2570,4157,3906,3850,6374,9135
경상남도 고성군,2021,2277,4058,3688,3408,6031,8946
경상남도 고성군,2022,1975,4030,3577,3204,5982,8883
경상남도 고성군,2023,1733,3935,3268,2950,5657,8766
경상남도 고성군,2024,1481,3833,2913,2692,5271,8508
경상남도 고성군,2025,1241,3796,2641,2528,4993,8209
경상남도 김해시,2011,59772,79990,58581,89125,100079,64855
경상남도 김해시,2012,59385,78145,59167,87484,101632,69371
경상남도 김해시,2013,59582,76585,60649,86405,104441,73455
경상남도 김해시,2014,59221,74204,62829,83761,105725,77073
경상남도 김해시,2015,58416,71345,64166,80399,105372,80421
경상남도 김해시,2016,56891,68658,65608,77481,104162,83551
경상남도 김해시,2017,54732,66974,67291,74935,102731,86880
경상남도 김해시,2018,52453,65146,68370,72978,100004,90848
경상남도 김해시,2019,52118,63248,69424,72893,99618,94675
경상남도 김해시,2020,49309,61269,69111,69554,98471,96955
경상남도 김해시,2021,45854,60101,66584,66222,96078,98718
경상남도 김해시,2022,42380,60114,63280,64010,94384,100174
경상남도 김해시,2023,39679,59421,60080,63334,91804,102716
경상남도 김해시,2024,36742,58893,56775,63537,88557,104154
경상남도 김해시,2025,34282,59085,54011,64389,86394,104579
경상남도 남해군,2011,2621,4999,4838,4441,6514,7963
경상남도 남해군,2012,2323,4536,4231,4023,6144,8009
경상남도 남해군,2013,2216,4187,4025,3733,6053,8034
경상남도 남해군,2014,2141,3985,3876,3492,5920,8118
경상남도 남해군,2015,2111,3745,3700,3268,5710,7976
경상남도 남해군,2016,2025,3475,3584,3063,5500,7966
경상남도 남해군,2017,1899,3296,3567,2921,5308,7843
경상남도 남해군,2018,1755,3081,3457,2830,5056,7742
경상남도 남해군,2019,1675,3168,3376,2654,4793,7639
경상남도 남해군,2020,1591,2937,3314,2467,4596,7345
경상남도 남해군,2021,1512,2831,3033,2302,4341,7121
경상남도 남해군,2022,1434,2698,2792,2264,4106,6828
경상남도 남해군,2023,1326,2587,2592,2156,3901,6689
경상남도 남해군,2024,1179,2517,2302,2052,3644,6550
경상남도 남해군,2025,1045,2734,2344,2144,3594,6680
경상남도 밀양시,2011,7168,12394,11665,12586,16509,19519
경상남도 밀양시,2012,7048,11805,11206,12227,16111,19795
경상남도 밀양시,2013,6848,11130,10930,11758,15967,20144
경상남도 밀양시,2014,6732,10533,10731,11226,15691,20338
경상남도 밀양시,2015,6774,9937,10495,11043,15307,20383
경상남도 밀양시,2016,6838,9373,10421,10950,14860,20505
경상남도 밀양시,2017,6626,9024,10183,10510,14308,20149
경상남도 밀양시,2018,6212,8634,9900,9999,13686,19824
경상남도 밀양시,2019,5936,8155,9540,9334,13281,19394
경상남도 밀양시,2020,5620,7829,9214,8907,12942,18736
경상남도 밀양시,2021,5235,7470,8620,8397,12627,18230
경상남도 밀양시,2022,4849,7361,8149,8072,12420,17859
경상남도 밀양시,2023,4468,7302,7587,7855,12018,17551
경상남도 밀양시,2024,4038,7134,7015,7706,11440,17145
경상남도 밀양시,2025,3641,6954,6580,7514,10992,16561
경상남도 사천남양출장소,2016,0,0,0,0,0,0
경상남도 사천남양출장소,2017,0,0,0,0,0,0
경상남도 사천남양출장소,2018,0,0,0,0,0,0
경상남도 사천남양출장소,2019,0,0,0,0,0,0
경상남도 사천남양출장소,2020,0,0,0,0,0,0
경상남도 사천남양출장소,2021,0,0,0,0,0,0
경상남도 사천남양출장소,2022,0,0,0,0,0,0
경상남도 사천남양출장소,2023,0,0,0,0,0,0
경상남도 사천남양출장소,2024,0,0,0,0,0,0
경상남도 사천남양출장소,2025,0,0,0,0,0,0
경상남도 사천시,2011,11062,13286,12184,18001,17742,17096
경상남도 사천시,2012,11278,12966,11810,18015,17904,17750
경상남도 사천시,2013,11496,12797,11583,17840,18722,18100
경상남도 사천시,2014,11276,12352,11436,17026,18971,18149
경상남도 사천시,2015,10936,11847,11397,15934,18811,18100
경상남도 사천시,2016,10640,11421,11390,15113,18687,18291
경상남도 사천시,2017,10202,11037,11484,14357,18528,18308
경상남도 사천시,2018,9597,10809,11560,13679,18378,18546
경상남도 사천시,2019,8779,10506,11108,12669,17926,18613
경상남도 사천시,2020,8130,10281,10769,11891,17752,18502
경상남도 사천시,2021,7638,10123,10300,11135,17382,18340
경상남도 사천시,2022,6993,10160,9865,10657,17089,18385
경상남도 사천시,2023,6459,10113,9646,10399,16593,18971
경상남도 사천시,2024,5849,10122,9256,10311,16008,19380
경상남도 사천시,2025,5329,10097,8895,10333,15292,19477
경상남도 산청군,2011,2075,3074,3056,3270,4960,6043
경상남도 산청군,2012,1998,3047,2953,3181,4825,6196
경상남도 산청군,2013,2004,2954,2838,3108,4907,6391
경상남도 산청군,2014,1957,2764,2798,2935,4835,6459
경상남도 산청군,2015,1956,2678,2760,2831,4724,6538
경상남도 산청군,2016,1878,2551,2840,2721,4514,6652
경상남도 산청군,2017,1805,2527,2933,2671,4314,6721
경상남도 산청군,2018,1673,2375,2809,2549,4040,6730
경상남도 산청군,2019,1523,2219,2648,2347,3694,6764
경상남도 산청군,2020,1329,2088,2469,2127,3509,6529
경상남도 산청군,2021,1175,2006,2261,1935,3291,6304
경상남도 산청군,2022,1098,1950,2087,1836,3149,6050
경상남도 산청군,2023,965,1895,1980,1749,2952,6079
경상남도 산청군,2024,895,1824,1773,1714,2697,5972
경상남도 산청군,2025,770,1717,1633,1637,2555,5719
경상남도 양산시,2011,29140,37505,31182,46587,50015,37075
경상남도 양산시,2012,29244,36619,31239,46144,50572,39341
경상남도 양산시,2013,30049,35899,32183,46953,52368,42017
경상남도 양산시,2014,31586,35550,34011,47822,54390,45181
경상남도 양산시,2015,32623,34726,35653,47704,55221,47480
경상남도 양산시,2016,34329,34382,38229,49622,56878,50762
경상남도 양산시,2017,36920,34949,40722,53408,59435,54322
경상남도 양산시,2018,37299,35098,41716,54221,59942,56725
경상남도 양산시,2019,36334,34370,41373,52213,60142,57931
경상남도 양산시,2020,34597,34280,40831,49219,60781,58726
경상남도 양산시,2021,32841,34631,39334,47338,61525,59617
경상남도 양산시,2022,30422,35387,36712,45279,61899,60058
경상남도 양산시,2023,28534,35755,34950,44329,61629,61518
경상남도 양산시,2024,26922,36595,33627,44827,61381,63136
경상남도 양산시,2025,25026,37512,32063,44801,60404,63570
경상남도 양산시웅상출장소,2016,0,0,0,0,0,0
경상남도 양산시웅상출장소,2017,0,0,0,0,0,0
경상남도 양산시웅상출장소,2018,0,0,0,0,0,0
경상남도 양산시웅상출장소,2019,0,0,0,0,0,0
경상남도 양산시웅상출장소,2020,0,0,0,0,0,0
경상남도 양산시웅상출장소,2021,0,0,0,0,0,0
경상남도 양산시웅상출장소,2022,0,0,0,0,0,0
경상남도 양산시웅상출장소,2023,0,0,0,0,0,0
경상남도 양산시웅상출장소,2024,0,0,0,0,0,0
경상남도 양산시웅상출장소,2025,0,0,0,0,0,0
경상남도 의령군,2011,1790,2536,2770,2952,3940,4815
경상남도 의령군,2012,1817,2499,2740,2951,3878,4976
경상남도 의령군,2013,1660,2317,2492,2664,3792,5064
경상남도 의령군,2014,1591,2208,2435,2565,3759,5053
경상남도 의령군,2015,1514,2086,2319,2347,3636,4893
경상남도 의령군,2016,1423,1943,2279,2228,3490,4870
경상남도 의령군,2017,1349,1829,2231,2129,3343,4835
경상남도 의령군,2018,1278,1750,2214,2085,3132,4897
경상남도 의령군,2019,1156,1633,2128,1930,2983,4798
경상남도 의령군,2020,1074,1522,2064,1744,2869,4657
경상남도 의령군,2021,986,1444,1826,1620,2685,4488
경상남도 의령군,2022,925,1415,1600,1586,2603,4371
경상남도 의령군,2023,838,1348,1461,1500,2421,4289
경상남도 의령군,2024,786,1307,1381,1476,2294,4195
경상남도 의령군,2025,686,1283,1294,1385,2153,4054
경상남도 장유출장소,2016,0,0,0,0,0,0
경상남도 장유출장소,2017,0,0,0,0,0,0
경상남도 장유출장소,2018,0,0,0,0,0,0
경상남도 장유출장소,2019,0,0,0,0,0,0
경상남도 장유출장소,2020,0,0,0,0,0,0
경상남도 장유출장소,2021,0,0,0,0,0,0
경상남도 장유출장소,2022,0,0,0,0,0,0
경상남도 장유출장소,2023,0,0,0,0,0,0
경상남도 장유출장소,2024,0,0,0,0,0,0
경상남도 장유출장소,2025,0,0,0,0,0,0
경상남도 진주시,2011,30677,48399,43221,48722,57492,50636
경상남도 진주시,2012,30530,47209,42564,48104,57347,52511
경상남도 진주시,2013,29980,45674,41961,46503,58229,53645
경상남도 진주시,2014,30588,44052,42430,45679,58857,54426
경상남도 진주시,2015,31591,41981,43502,45636,58990,55070
경상남도 진주시,2016,31733,40276,44205,45500,58720,55656
경상남도 진주시,2017,30744,38863,44706,44383,57722,56248
경상남도 진주시,2018,29994,37502,44680,43470,56216,56737
경상남도 진주시,2019,29583,36203,44857,42617,55190,57919
경상남도 진주시,2020,28396,35225,45143,41648,54298,57791
경상남도 진주시,2021,26794,34686,44515,40721,53267,57288
경상남도 진주시,2022,25042,34399,42465,39634,52242,56956
경상남도 진주시,2023,23456,33860,40929,38981,50492,57815
경상남도 진주시,2024,21820,33603,39503,39104,48719,57999
경상남도 진주시,2025,20552,33416,37469,39189,47148,57274
경상남도 창녕군,2011,3674,6161,6284,6687,9092,10839
경상남도 창녕군,2012,3774,5914,6111,6761,8931,11199
경상남도 창녕군,2013,3867,5766,6108,6638,8838,11496
경상남도 창녕군,2014,3825,5565,5997,6371,8680,11767
경상남도 창녕군,2015,3841,5449,5930,6269,8521,11774
경상남도 창녕군,2016,3840,5204,6000,6172,8248,11800
경상남도 창녕군,2017,3829,4967,5873,6018,8074,11721
경상남도 창녕군,2018,3715,4585,5661,5858,7659,11680
경상남도 창녕군,2019,3594,4260,5284,5562,7295,11324
경상남도 창녕군,2020,3213,4118,4929,5097,7108,10913
경상남도 창녕군,2021,2865,4016,4443,4672,6842,10635
경상남도 창녕군,2022,2555,3842,3896,4278,6500,10096
경상남도 창녕군,2023,2224,3771,3452,3932,6209,9943
경상남도 창녕군,2024,1999,3794,3106,3728,5868,9562
경상남도 창녕군,2025,1784,3727,2812,3602,5563,9145
경상남도 창원시,2011,34901,51839,49729,59479,66147,56081
경상남도 창원시,2012,34902,49433,48683,58944,64943,58386
경상남도 창원시,2013,34013,46953,47924,56701,64870,59888
경상남도 창원시,2014,33215,44419,47549,54411,64084,60822
경상남도 창원시,2015,33002,41675,47379,53044,62589,61423
경상남도 창원시,2016,32482,39272,47301,51463,61234,61789
경상남도 창원시,2017,31392,37633,46712,49849,59706,62162
경상남도 창원시,2018,30515,36126,45976,48824,57978,62937
경상남도 창원시,2019,29276,34540,44648,46700,56717,63022
경상남도 창원시,2020,27823,33242,43347,44669,55931,62169
경상남도 창원시,2021,26318,32711,41789,43312,55435,61601
경상남도 창원시,2022,24246,32606,39252,41731,54920,60509
경상남도 창원시,2023,22352,32266,36908,40435,53315,60601
경상남도 창원시,2024,20704,31894,34836,40008,51704,60218
경상남도 창원시,2025,19111,31875,32679,39619,50387,59008
경상남도 통영시,2011,14181,16616,16530,23160,22789,22418
경상남도 통영시,2012,14161,16058,15338,22589,22545,23044
경상남도 통영시,2013,14017,15687,14826,22133,23075,23445
경상남도 통영시,2014,14050,15127,14155,21580,23276,23506
경상남도 통영시,2015,13991,14651,13714,20734,23402,23488
경상남도 통영시,2016,13707,14118,13404,19793,23245,23309
경상남도 통영시,2017,12816,13779,12787,18370,22816,23215
경상남도 통영시,2018,11854,13493,12477,16983,22184,23276
경상남도 통영시,2019,10852,13103,11940,15589,21691,23095
경상남도 통영시,2020,9660,12848,11223,13820,21331,22474
경상남도 통영시,2021,8547,12671,10479,12323,20816,21988
경상남도 통영시,2022,7447,12653,9830,11023,20232,21601
경상남도 통영시,2023,6657,12388,9231,10226,19387,21778
경상남도 통영시,2024,5709,12319,8907,9414,18505,21786
경상남도 통영시,2025,4926,12199,8574,8872,17511,21743
경상남도 하동군,2011,3303,5616,5565,5570,7782,8828
경상남도 하동군,2012,2959,4946,4728,4957,7193,8678
경상남도 하동군,2013,2796,4710,4525,4572,7168,8882
경상남도 하동군,2014,2642,4459,4346,4167,7034,8784
경상남도 하동군,2015,2650,4380,4668,4102,7102,9005
경상남도 하동군,2016,2583,3986,4648,3926,6766,9055
경상남도 하동군,2017,2408,3715,4542,3666,6333,9070
경상남도 하동군,2018,2231,3455,4184,3420,5917,8872
경상남도 하동군,2019,2117,3137,3938,3102,5557,8860
경상남도 하동군,2020,1829,2883,3460,2784,4970,8429
경상남도 하동군,2021,1633,2673,3037,2529,4549,8031
경상남도 하동군,2022,1458,2550,2715,2361,4243,7709
경상남도 하동군,2023,1355,2397,2490,2257,3860,7554
경상남도 하동군,2024,1199,2292,2241,2131,3612,7410
경상남도 하동군,2025,1074,2179,2027,2121,3325,7132
경상남도 함안군,2011,6005,7525,6700,9287,10531,10754
경상남도 함안군,2012,5957,7423,6572,9047,10620,11124
경상남도 함안군,2013,5896,7222,6526,8758,10746,11421
경상남도 함안군,2014,6003,7103,6718,8602,10865,11718
경상남도 함안군,2015,6104,6884,6658,8355,10899,11786
경상남도 함안군,2016,5920,6703,6550,7932,10788,11916
경상남도 함안군,2017,5568,6437,6518,7394,10493,11822
경상남도 함안군,2018,5053,6262,6276,6919,10080,11721
경상남도 함안군,2019,4618,6183,5905,6337,9704,11523
경상남도 함안군,2020,4098,5939,5523,5615,9386,11269
경상남도 함안군,2021,3586,5756,5058,5011,8880,11003
경상남도 함안군,2022,3175,5695,4659,4651,8513,10879
경상남도 함안군,2023,2795,5523,4355,4336,8112,10841
경상남도 함안군,2024,2438,5352,4006,4075,7576,10669
경상남도 함안군,2025,2083,5241,3644,3838,7138,10381
경상남도 함양군,2011,2798,4228,3570,4056,5748,6518
경상남도 함양군,2012,2709,4110,3385,3871,5640,6569
경상남도 함양군,2013,2668,4033,3249,3704,5698,6771
경상남도 함양군,2014,2605,3888,3241,3507,5661,6872
경상남도 함양군,2015,2541,3651,3208,3407,5464,6826
경상남도 함양군,2016,2378,3500,3275,3245,5318,6877
경상남도 함양군,2017,2205,3414,3263,3110,5168,6966
경상남도 함양군,2018,2091,3299,3322,2983,4956,7051
경상남도 함양군,2019,1943,3124,3300,2776,4650,7122
경상남도 함양군,2020,1804,2971,3096,2626,4387,6941
경상남도 함양군,2021,1695,2786,2892,2427,4100,6742
경상남도 함양군,2022,1532,2753,2619,2282,3948,6560
경상남도 함양군,2023,1376,2686,2413,2156,3666,6467
경상남도 함양군,2024,1229,2554,2197,2063,3425,6347
경상남도 함양군,2025,1111,2521,2007,1975,3257,6124
경상남도 합천군,2011,2725,4315,4419,4593,6597,8179
경상남도 합천군,2012,2627,4227,4211,4357,6423,8324
경상남도 합천군,2013,2556,4124,4112,4222,6476,8532
경상남도 합천군,2014,2535,4042,4023,4138,6380,8766
경상남도 합천군,2015,2335,3694,3769,3846,5969,8653
경상남도 합천군,2016,2194,3346,3597,3581,5666,8535
경상남도 합천군,2017,1994,3106,3439,3346,5301,8411
경상남도 합천군,2018,1826,2896,3375,3078,4896,8309
경상남도 합천군,2019,1712,2659,3320,2841,4578,8154
경상남도 합천군,2020,1599,2457,3043,2553,4283,7684
경상남도 합천군,2021,1437,2305,2761,2354,3980,7191
경상남도 합천군,2022,1329,2205,2564,2178,3793,6967
경상남도 합천군,2023,1163,2155,2328,2071,3554,6843
경상남도 합천군,2024,1034,2082,2097,2024,3340,6536
경상남도 합천군,2025,933,1953,1863,1909,3184,6174
경상북도 (4700000000),2011,228029,328739,328074,383977,438250,421404
경상북도 (4700000000),2012,226899,316082,319091,377505,434041,433173
경상북도 (4700000000),2013,224312,304539,314302,367719,435125,442666
경상북도 (4700000000),2014,222679,291169,312801,356199,433992,451711
경상북도 (4700000000),2015,223394,277327,311383,347557,428513,456781
경상북도 (4700000000),2016,222272,264658,308303,339593,421947,460007
경상북도 (4700000000),2017,215451,254396,305390,329087,414254,461486
경상북도 (4700000000),2018,207609,245099,300125,319542,399573,467650
경상북도 (4700000000),2019,200184,235748,294550,306807,391533,465268
경상북도 (4700000000),2020,189561,225924,284163,291117,383508,459662
경상북도 (4700000000),2021,178515,221964,276021,279475,377180,454427
경상북도 (4700000000),2022,165119,220579,261320,268368,369977,449269
경상북도 (4700000000),2023,151926,217311,248255,259154,357366,444707
경상북도 (4700000000),2024,140258,215753,235821,255763,344000,441289
경상북도 (4700000000),2025,128817,215139,220603,252742,333006,433655
경상북도 경산시,2011,23529,29912,31760,40881,41438,35405
경상북도 경산시,2012,23510,29222,31846,40144,41932,36949
경상북도 경산시,2013,23374,28525,32034,39309,42673,38149
경상북도 경산시,2014,23170,27668,33343,38842,43777,40083
경상북도 경산시,2015,23291,26495,34155,38256,43807,41054
경상북도 경산시,2016,23519,25346,34602,37297,43475,41707
경상북도 경산시,2017,22907,24757,35146,36273,42913,42570
경상북도 경산시,2018,22362,24018,35598,35636,41961,43982
경상북도 경산시,2019,21681,23434,35849,34705,41832,44492
경상북도 경산시,2020,20476,22700,36229,33192,41568,44853
경상북도 경산시,2021,19729,22857,36271,32967,41676,45856
경상북도 경산시,2022,18271,22925,35879,31913,40818,46022
경상북도 경산시,2023,16781,22718,35159,30931,39488,46646
경상북도 경산시,2024,15545,22791,34957,30912,38008,46807
경상북도 경산시,2025,14439,22909,33118,30509,36603,46113
경상북도 경주시,2011,21261,33178,30476,36907,44886,41988
경상북도 경주시,2012,20769,31742,29751,35305,44345,43446
경상북도 경주시,2013,20196,30265,29510,33911,44260,44460
경상북도 경주시,2014,19611,28631,29526,31989,43890,45187
경상북도 경주시,2015,19309,26987,29378,30395,42917,45554
경상북도 경주시,2016,19058,25591,29430,29344,41999,46110
경상북도 경주시,2017,18308,24386,29084,28187,40763,46401
경상북도 경주시,2018,17582,23227,28789,27546,38847,47328
경상북도 경주시,2019,16942,22060,27997,26584,37811,47073
경상북도 경주시,2020,16196,20836,26921,25460,36687,46852
경상북도 경주시,2021,15375,20189,25692,24522,35744,46590
경상북도 경주시,2022,14375,19958,23927,23745,34699,46206
경상북도 경주시,2023,13413,19526,22860,23061,33201,46090
경상북도 경주시,2024,12335,19096,21368,22902,31353,45805
경상북도 경주시,2025,11574,18886,20315,23095,30303,45011
경상북도 고령군,2011,2410,3246,3553,4321,5513,6034
경상북도 고령군,2012,2381,3091,3503,4132,5405,6142
경상북도 고령군,2013,2362,2960,3337,3926,5368,6330
경상북도 고령군,2014,2361,2842,3189,3710,5299,6458
경상북도 고령군,2015,2340,2686,3059,3418,5091,6488
경상북도 고령군,2016,2190,2588,2995,3246,4868,6507
경상북도 고령군,2017,2011,2467,2960,3018,4639,6454
경상북도 고령군,2018,1809,2313,2872,2741,4342,6400
경상북도 고령군,2019,1623,2174,2798,2561,4090,6147
경상북도 고령군,2020,1418,2041,2541,2265,3822,5899
경상북도 고령군,2021,1316,1908,2302,2055,3550,5716
경상북도 고령군,2022,1166,1847,2194,1933,3453,5570
경상북도 고령군,2023,1068,1770,2066,1842,3242,5534
경상북도 고령군,2024,966,1710,1892,1901,3106,5480
경상북도 고령군,2025,865,1657,1742,1852,2897,5257
경상북도 구미시,2011,48057,63494,64588,78534,75457,46755
경상북도 구미시,2012,48201,61317,63780,78431,76163,50329
경상북도 구미시,2013,47550,59384,63445,77557,77120,53575
경상북도 구미시,2014,47287,56883,63782,75603,77166,56662
경상북도 구미시,2015,47110,54063,63208,73982,76540,59387
경상북도 구미시,2016,46975,51972,61662,72600,76311,61669
경상북도 구미시,2017,46188,50148,61187,72014,76096,64045
경상북도 구미시,2018,44869,48831,59997,70842,74477,67005
경상북도 구미시,2019,43510,46848,58590,68344,73569,68769
경상북도 구미시,2020,41366,44917,56651,65718,73143,69803
경상북도 구미시,2021,38692,44170,54463,62965,72728,70065
경상북도 구미시,2022,35389,44256,51732,60328,72191,70291
경상북도 구미시,2023,32574,43706,49373,58854,71465,71204
경상북도 구미시,2024,30173,43884,46816,58341,70586,71761
경상북도 구미시,2025,27641,44561,43985,57715,69918,71710
경상북도 군위군,2011,935,1756,2038,2055,3194,4413
경상북도 군위군,2012,917,1641,2038,1949,3050,4435
경상북도 군위군,2013,938,1562,2038,1889,2983,4500
경상북도 군위군,2014,918,1435,2015,1867,2836,4575
경상북도 군위군,2015,933,1377,1904,1746,2702,4640
경상북도 군위군,2016,924,1288,1851,1727,2606,4613
경상북도 군위군,2017,893,1197,1805,1719,2499,4655
경상북도 군위군,2018,792,1119,1788,1590,2388,4669
경상북도 군위군,2019,751,1039,1712,1517,2284,4557
경상북도 군위군,2020,681,961,1522,1309,2159,4312
경상북도 군위군,2021,605,919,1379,1206,2006,4154
경상북도 군위군,2022,590,897,1348,1261,1922,4112
경상북도 군위군,2023,746,1127,1643,1506,2340,4378
경상북도 군위군,2024,746,1127,1643,1506,2340,4378
경상북도 군위군,2025,746,1127,1643,1506,2340,4378
경상북도 김천시,2011,10470,16376,16128,17346,21050,21931
경상북도 김천시,2012,10468,15496,15622,17094,20632,22187
경상북도 김천시,2013,10397,14825,15295,16591,20552,22589
경상북도 김천시,2014,10451,14250,15176,16104,20580,22866
경상북도 김천시,2015,11168,13859,15786,17091,21119,23592
경상북도 김천시,2016,11713,13339,15906,17355,21106,23965
경상북도 김천시,2017,11654,13025,15961,17064,20923,24026
경상북도 김천시,2018,11254,12514,15304,16413,20054,24233
경상북도 김천시,2019,10992,12238,15142,15969,19668,24045
경상북도 김천시,2020,10437,12245,14620,15142,19401,23907
경상북도 김천시,2021,9980,12209,14146,14498,19216,23564
경상북도 김천시,2022,9358,12281,13284,14095,19001,23274
경상북도 김천시,2023,8635,12176,12473,13607,18464,22980
경상북도 김천시,2024,7910,12009,11564,13342,17696,22719
경상북도 김천시,2025,7309,11949,10601,13066,17231,22374
경상북도 문경시,2011,5229,8308,8240,8554,10786,13153
경상북도 문경시,2012,5097,8103,7653,8328,10516,13174
경상북도 문경시,2013,5052,7902,7415,8083,10363,13304
경상북도 문경시,2014,5085,7621,7215,7901,10395,13482
경상북도 문경시,2015,5145,7443,7045,7671,10259,13337
경상북도 문경시,2016,4968,6926,6730,7277,10036,13026
경상북도 문경시,2017,4655,6455,6524,6821,9634,12704
경상북도 문경시,2018,4309,6142,6206,6433,9151,12479
경상북도 문경시,2019,4178,5949,6373,6210,9014,12400
경상북도 문경시,2020,4072,5580,6207,5726,8787,12037
경상북도 문경시,2021,3827,5427,6140,5416,8563,11824
경상북도 문경시,2022,3566,5325,5928,5191,8360,11599
경상북도 문경시,2023,3241,5160,5438,4958,7841,11285
경상북도 문경시,2024,2924,5004,4973,4655,7410,11015
경상북도 문경시,2025,2515,4840,4491,4351,6905,10697
경상북도 봉화군,2011,2039,2809,3041,3175,4632,6150
경상북도 봉화군,2012,1994,2733,2849,3088,4370,6272
경상북도 봉화군,2013,1997,2654,2669,3022,4327,6400
경상북도 봉화군,2014,2004,2549,2629,2894,4309,6465
경상북도 봉화군,2015,1983,2406,2538,2697,4183,6435
경상북도 봉화군,2016,1850,2311,2444,2678,4031,6374
경상북도 봉화군,2017,1772,2194,2413,2484,3851,6306
경상북도 봉화군,2018,1674,2110,2307,2357,3606,6248
경상북도 봉화군,2019,1532,1982,2184,2147,3415,6007
경상북도 봉화군,2020,1385,1867,2008,1944,3231,5769
경상북도 봉화군,2021,1227,1803,1820,1752,3024,5526
경상북도 봉화군,2022,1078,1721,1705,1611,2862,5169
경상북도 봉화군,2023,971,1718,1589,1496,2723,4992
경상북도 봉화군,2024,844,1685,1397,1415,2491,4819
경상북도 봉화군,2025,748,1668,1274,1368,2291,4600
경상북도 상주시,2011,6814,11059,10854,10861,14881,17881
경상북도 상주시,2012,6684,10653,10390,10556,14546,18047
경상북도 상주시,2013,6505,10302,9839,10032,14435,18280
경상북도 상주시,2014,6497,9794,9596,9605,14249,18482
경상북도 상주시,2015,6419,9403,9319,9222,13992,18399
경상북도 상주시,2016,6252,9013,9184,9010,13658,18268
경상북도 상주시,2017,6027,8520,9093,8725,13114,18070
경상북도 상주시,2018,5740,8180,9050,8454,12460,18008
경상북도 상주시,2019,5451,8223,9122,8125,12215,17722
경상북도 상주시,2020,5200,7541,8163,7445,11490,16728
경상북도 상주시,2021,4902,7295,7641,7029,10949,16169
경상북도 상주시,2022,4621,7245,7312,6789,10666,15768
경상북도 상주시,2023,4282,7215,6898,6501,10345,15483
경상북도 상주시,2024,3882,7089,6299,6229,9661,15102
경상북도 상주시,2025,3433,6882,5881,5971,9118,14574
경상북도 성주군,2011,2376,4223,4864,4593,6815,8391
경상북도 성주군,2012,2382,3869,4610,4473,6492,8546
경상북도 성주군,2013,2375,3674,4487,4341,6407,8660
경상북도 성주군,2014,2417,3361,4438,4225,6131,8939
경상북도 성주군,2015,2471,3165,4324,4132,5893,9075
경상북도 성주군,2016,2442,2958,4275,4070,5705,9151
경상북도 성주군,2017,2312,2742,4268,3884,5591,9227
경상북도 성주군,2018,2212,2598,4050,3771,5212,9222
경상북도 성주군,2019,2015,2486,3826,3500,4979,8861
경상북도 성주군,2020,1910,2257,3534,3290,4759,8521
경상북도 성주군,2021,1819,2182,3200,3149,4509,8085
경상북도 성주군,2022,1674,2133,2849,3039,4355,7764
경상북도 성주군,2023,1509,2125,2608,2952,4181,7562
경상북도 성주군,2024,1410,2078,2255,2921,3962,7280
경상북도 성주군,2025,1270,1976,2004,2746,3820,6883
경상북도 안동시,2011,14277,19476,18889,22464,25632,27004
경상북도 안동시,2012,14260,18924,18190,22198,25542,27367
경상북도 안동시,2013,14053,18511,17978,21517,25835,27506
경상북도 안동시,2014,13870,17959,18174,20865,25805,27794
경상북도 안동시,2015,14042,17281,18189,20208,25972,27957
경상북도 안동시,2016,13747,16588,18188,19420,25857,27920
경상북도 안동시,2017,12885,15865,17886,18215,25118,27652
경상북도 안동시,2018,11822,14958,17293,17075,23742,27468
경상북도 안동시,2019,11208,14193,17030,16155,22829,27107
경상북도 안동시,2020,10643,13736,16790,15481,22332,26500
경상북도 안동시,2021,9970,13343,16268,14980,21625,25727
경상북도 안동시,2022,9186,13211,15453,14286,21059,25388
경상북도 안동시,2023,8460,12906,14966,13941,20258,25529
경상북도 안동시,2024,7862,13001,15541,13942,19400,25434
경상북도 안동시,2025,7291,12915,15241,14094,18575,25402
경상북도 영덕군,2011,2221,3473,3439,3900,5497,7064
경상북도 영덕군,2012,2151,3267,3254,3787,5322,7037
경상북도 영덕군,2013,2105,3150,3187,3599,5276,7117
경상북도 영덕군,2014,2063,2982,3049,3412,5129,7032
경상북도 영덕군,2015,2052,2818,2990,3217,4953,6936
경상북도 영덕군,2016,1996,2674,2989,3125,4788,6957
경상북도 영덕군,2017,1937,2544,2903,2958,4592,6771
경상북도 영덕군,2018,1915,2384,2897,2849,4357,6700
경상북도 영덕군,2019,1849,2229,2676,2707,4146,6447
경상북도 영덕군,2020,1675,2117,2425,2406,3873,6165
경상북도 영덕군,2021,1458,2030,2232,2157,3631,5992
경상북도 영덕군,2022,1379,1936,2072,2069,3451,5841
경상북도 영덕군,2023,1215,1860,1959,1963,3262,5711
경상북도 영덕군,2024,1073,1828,1725,1869,3090,5467
경상북도 영덕군,2025,955,1737,1589,1827,2971,5295
경상북도 영양군,2011,953,1511,1485,1652,2468,3189
경상북도 영양군,2012,955,1441,1475,1604,2403,3246
경상북도 영양군,2013,964,1423,1465,1547,2419,3274
경상북도 영양군,2014,988,1316,1452,1464,2403,3299
경상북도 영양군,2015,963,1253,1400,1357,2270,3258
경상북도 영양군,2016,959,1180,1336,1318,2166,3218
경상북도 영양군,2017,885,1135,1273,1263,2087,3168
경상북도 영양군,2018,822,1086,1292,1196,1964,3164
경상북도 영양군,2019,799,1019,1210,1123,1831,3054
경상북도 영양군,2020,726,938,1145,1032,1729,2987
경상북도 영양군,2021,675,892,1065,993,1602,2846
경상북도 영양군,2022,609,872,963,949,1519,2731
경상북도 영양군,2023,528,871,866,882,1410,2668
경상북도 영양군,2024,454,864,787,857,1323,2582
경상북도 영양군,2025,421,895,915,943,1352,2643
경상북도 영주시,2011,8524,14023,12153,13755,17561,19574
경상북도 영주시,2012,8436,13492,11692,13376,17177,19791
경상북도 영주시,2013,8182,12962,11407,12713,17128,19739
경상북도 영주시,2014,7948,12157,10854,11920,16870,19481
경상북도 영주시,2015,7706,11529,10714,11302,16564,19354
경상북도 영주시,2016,7679,11018,10551,10915,16171,19272
경상북도 영주시,2017,7437,10432,10527,10375,15840,18925
경상북도 영주시,2018,7035,9873,10329,9866,15021,18908
경상북도 영주시,2019,6595,9374,10083,9181,14370,18439
경상북도 영주시,2020,6100,8883,9629,8488,13901,17941
경상북도 영주시,2021,5742,8608,9477,8121,13410,17337
경상북도 영주시,2022,5301,8535,9034,7822,13005,17084
경상북도 영주시,2023,4901,8784,8941,7577,12347,17184
경상북도 영주시,2024,4473,8675,8560,7406,11626,16985
경상북도 영주시,2025,4127,8539,7878,7397,10998,16573
경상북도 영천시,2011,6861,10643,11944,12580,15748,17248
경상북도 영천시,2012,6677,9860,10903,12024,15240,17297
경상북도 영천시,2013,6453,9365,10368,11510,15066,17431
경상북도 영천시,2014,6397,8876,10180,10948,14933,17850
경상북도 영천시,2015,6444,8340,10073,10591,14799,17864
경상북도 영천시,2016,6341,7892,10012,10289,14421,17903
경상북도 영천시,2017,6122,7530,10151,10094,13898,18068
경상북도 영천시,2018,5880,7281,10501,9952,13325,18679
경상북도 영천시,2019,5915,6987,10700,9780,13059,18497
경상북도 영천시,2020,5699,6692,10151,9440,12658,18310
경상북도 영천시,2021,5527,6547,9646,9149,12245,18106
경상북도 영천시,2022,5306,6475,8784,8968,11930,17862
경상북도 영천시,2023,4975,6291,8239,8640,11548,17716
경상북도 영천시,2024,4603,6126,7502,8197,10903,17185
경상북도 영천시,2025,4130,5950,6440,7771,10165,16565
경상북도 예천군,2011,2658,3862,4436,4308,5613,8182
경상북도 예천군,2012,2665,3780,4125,4230,5399,8061
경상북도 예천군,2013,2663,3572,3923,4080,5321,7991
경상북도 예천군,2014,2596,3367,3776,3905,5106,7946
경상북도 예천군,2015,2626,3187,3631,3778,4927,7748
경상북도 예천군,2016,3000,3210,3585,4115,5186,7766
경상북도 예천군,2017,3593,3570,3810,4668,5813,7865
경상북도 예천군,2018,4383,4090,4106,5427,6553,8117
경상북도 예천군,2019,4621,4341,4162,5623,6946,8171
경상북도 예천군,2020,4639,4346,4114,5471,7087,8090
경상북도 예천군,2021,4450,4455,4031,5272,7225,7901
경상북도 예천군,2022,4183,4587,3998,5129,7261,7781
경상북도 예천군,2023,3978,4693,3792,5046,7111,7752
경상북도 예천군,2024,3798,4671,3438,4977,6988,7599
경상북도 예천군,2025,3552,4719,3196,4935,6780,7486
경상북도 울릉군,2011,570,892,1288,1340,1797,2109
경상북도 울릉군,2012,567,846,1177,1343,1751,2175
경상북도 울릉군,2013,542,780,1125,1267,1693,2249
경상북도 울릉군,2014,534,708,1095,1208,1629,2200
경상북도 울릉군,2015,542,682,1096,1134,1559,2167
경상북도 울릉군,2016,492,646,1047,1068,1531,2167
경상북도 울릉군,2017,482,586,1023,1053,1561,2087
경상북도 울릉군,2018,468,554,964,1037,1478,2062
경상북도 울릉군,2019,461,524,905,977,1388,1998
경상북도 울릉군,2020,392,463,833,852,1290,1848
경상북도 울릉군,2021,377,453,812,780,1213,1783
경상북도 울릉군,2022,333,438,821,796,1225,1794
경상북도 울릉군,2023,310,441,794,813,1195,1821
경상북도 울릉군,2024,288,447,754,811,1159,1853
경상북도 울릉군,2025,236,423,648,774,1060,1749
경상북도 울진군,2011,3995,5606,4700,6235,7823,8443
경상북도 울진군,2012,3924,5478,4474,6136,7673,8753
경상북도 울진군,2013,3854,5282,4551,5873,7787,8970
경상북도 울진군,2014,3837,5149,4628,5701,7791,9024
경상북도 울진군,2015,3805,4903,4692,5505,7553,9187
경상북도 울진군,2016,3668,4726,4845,5344,7368,9161
경상북도 울진군,2017,3425,4553,4755,5065,7143,9024
경상북도 울진군,2018,3187,4271,4653,4794,6839,8987
경상북도 울진군,2019,3034,4003,4581,4556,6527,8864
경상북도 울진군,2020,2933,3753,4485,4290,6263,8642
경상북도 울진군,2021,2725,3559,4253,4076,5986,8320
경상북도 울진군,2022,2528,3369,4025,3862,5811,8204
경상북도 울진군,2023,2380,3317,3887,3782,5581,8174
경상북도 울진군,2024,2189,3213,3723,3821,5261,8104
경상북도 울진군,2025,2083,3124,3518,3998,5044,7998
경상북도 의성군,2011,2454,4224,5284,4789,6981,10611
경상북도 의성군,2012,2401,3961,4942,4512,6675,10673
경상북도 의성군,2013,2337,3615,4683,4271,6487,10484
경상북도 의성군,2014,2244,3360,4381,4065,6246,10370
경상북도 의성군,2015,2224,3119,4140,3824,5959,10248
경상북도 의성군,2016,2223,2936,3909,3807,5656,10049
경상북도 의성군,2017,2136,2753,3743,3660,5403,9770
경상북도 의성군,2018,2030,2617,3615,3538,5166,9534
경상북도 의성군,2019,2025,2455,3439,3482,4922,9203
경상북도 의성군,2020,1911,2296,3154,3243,4700,8714
경상북도 의성군,2021,1801,2186,2833,2951,4458,8174
경상북도 의성군,2022,1736,2113,2628,2911,4277,7894
경상북도 의성군,2023,1635,2108,2513,2865,4163,7817
경상북도 의성군,2024,1429,2066,2176,2724,3879,7373
경상북도 의성군,2025,1271,2034,1947,2614,3736,7037
경상북도 청도군,2011,2031,3774,4243,4178,5876,7955
경상북도 청도군,2012,1949,3578,4001,4041,5725,7979
경상북도 청도군,2013,1923,3371,3724,3892,5665,8006
경상북도 청도군,2014,1888,3190,3650,3746,5564,8278
경상북도 청도군,2015,1896,2931,3512,3627,5289,8263
경상북도 청도군,2016,1822,2780,3401,3459,5190,8192
경상북도 청도군,2017,1736,2631,3344,3338,4956,8112
경상북도 청도군,2018,1640,2516,3253,3128,4755,8015
경상북도 청도군,2019,1600,2420,3081,3026,4612,7676
경상북도 청도군,2020,1526,2254,2865,2777,4439,7302
경상북도 청도군,2021,1412,2233,2582,2575,4283,7091
경상북도 청도군,2022,1297,2172,2435,2387,4128,6953
경상북도 청도군,2023,1237,2125,2229,2297,3928,6850
경상북도 청도군,2024,1108,2028,1984,2172,3702,6546
경상북도 청도군,2025,1008,1983,1742,2139,3532,6250
경상북도 청송군,2011,1315,2116,2343,2394,3611,4820
경상북도 청송군,2012,1311,1996,2281,2300,3513,4904
경상북도 청송군,2013,1261,1905,2217,2226,3449,4995
경상북도 청송군,2014,1242,1820,2160,2104,3383,5067
경상북도 청송군,2015,1237,1696,2181,2064,3222,5066
경상북도 청송군,2016,1207,1607,2109,2055,3083,5078
경상북도 청송군,2017,1180,1494,2050,1963,2925,4993
경상북도 청송군,2018,1102,1379,1982,1871,2707,4961
경상북도 청송군,2019,1048,1294,1893,1815,2513,4827
경상북도 청송군,2020,979,1207,1694,1693,2399,4708
경상북도 청송군,2021,917,1149,1572,1554,2239,4471
경상북도 청송군,2022,852,1100,1451,1530,2159,4269
경상북도 청송군,2023,822,1056,1365,1503,2078,4068
경상북도 청송군,2024,769,1028,1255,1444,1946,3929
경상북도 청송군,2025,695,993,1165,1446,1873,3724
경상북도 칠곡군,2011,13407,14573,16387,22551,19574,14324
경상북도 칠곡군,2012,13225,14473,16129,22198,19948,15078
경상북도 칠곡군,2013,13100,14169,16514,21773,20530,15823
경상북도 칠곡군,2014,13029,13843,16365,21215,21099,16508
경상북도 칠곡군,2015,13197,13476,15930,20997,21309,17148
경상북도 칠곡군,2016,13011,12988,15756,20694,21402,17678
경상북도 칠곡군,2017,12078,12716,14570,19425,21377,17994
경상북도 칠곡군,2018,11277,12413,13591,18204,20926,18743
경상북도 칠곡군,2019,10468,11958,12939,16540,20816,19212
경상북도 칠곡군,2020,9524,11541,12032,14876,20660,19625
경상북도 칠곡군,2021,8686,11350,11574,13720,20557,20000
경상북도 칠곡군,2022,7784,11189,10931,12754,20313,20378
경상북도 칠곡군,2023,6851,10934,10205,11844,19634,20918
경상북도 칠곡군,2024,5881,10626,9295,10769,18449,21182
경상북도 칠곡군,2025,5013,10399,8603,9901,17473,21105
경상북도 포항시,2011,30429,46803,43961,51069,60945,59187
경상북도 포항시,2012,30650,44746,42937,50837,60148,60857
경상북도 포항시,2013,30753,42921,42061,49860,59987,61889
경상북도 포항시,2014,30828,40939,41419,48604,59601,62442
경상북도 포항시,2015,30994,38819,41413,47562,58423,62416
경상북도 포항시,2016,30824,36721,40997,46253,56889,62171
경상북도 포항시,2017,29885,35131,40609,44547,55679,61733
경상북도 포항시,2018,28963,33750,39792,43215,53495,61825
경상북도 포항시,2019,27924,32345,38839,41453,52465,61133
경상북도 포항시,2020,26449,31169,37633,39718,51420,60099
경상북도 포항시,2021,24869,30800,37748,38392,51161,59420
경상북도 포항시,2022,23025,30663,35045,36667,50341,58210
경상북도 포항시,2023,21440,30541,33357,35866,49267,57815
경상북도 포항시,2024,20228,30556,31707,36104,48001,57508
경상북도 포항시,2025,18827,30733,29540,36153,46907,56406
광주광역시 (2900000000),2011,150813,230162,201043,241669,251849,190127
광주광역시 (2900000000),2012,149644,222879,197582,239308,254480,197712
광주광역시 (2900000000),2013,146975,216073,196390,234845,257153,206201
광주광역시 (2900000000),2014,145156,207671,197540,227820,260090,212836
광주광역시 (2900000000),2015,143700,197005,198686,221036,258049,217366
광주광역시 (2900000000),2016,140957,187604,201402,213395,255953,222914
광주광역시 (2900000000),2017,135873,179807,203610,205522,253204,225935
광주광역시 (2900000000),2018,131277,171887,205743,200420,246391,231284
광주광역시 (2900000000),2019,126519,164431,207448,192943,244566,233280
광주광역시 (2900000000),2020,119692,157144,209375,185867,240867,233822
광주광역시 (2900000000),2021,114065,152404,206472,181189,236167,235764
광주광역시 (2900000000),2022,106977,150857,198619,177417,232740,237879
광주광역시 (2900000000),2023,99779,147525,190905,174075,227259,240674
광주광역시 (2900000000),2024,92837,145418,182033,173762,219511,243154
광주광역시 (2900000000),2025,86156,144022,170562,173650,212971,240691
광주광역시 광산구,2011,51859,64320,44980,71985,69006,37289
광주광역시 광산구,2012,52607,64200,45393,72432,72240,40261
광주광역시 광산구,2013,52275,63973,46602,71451,75151,43807
광주광역시 광산구,2014,51597,62765,48139,68982,77411,46870
광주광역시 광산구,2015,50697,61105,49977,66762,78243,50081
광주광역시 광산구,2016,49608,59203,52100,64395,78613,53163
광주광역시 광산구,2017,47237,57907,53786,61839,78849,55802
광주광역시 광산구,2018,45159,56097,55389,59689,77234,59194
광주광역시 광산구,2019,42983,54317,56865,56796,77412,61640
광주광역시 광산구,2020,39912,52506,58706,54702,76634,63802
광주광역시 광산구,2021,37540,51181,58371,52986,75051,66470
광주광역시 광산구,2022,34393,50786,56720,51054,73535,68510
광주광역시 광산구,2023,31600,49448,55117,49781,71122,70512
광주광역시 광산구,2024,28815,48180,53125,49042,67509,71992
광주광역시 광산구,2025,26577,47282,50409,49616,64762,72127
광주광역시 남구,2011,18220,33367,31513,32127,34999,32352
광주광역시 남구,2012,18158,31960,30297,31835,34983,32965
광주광역시 남구,2013,17903,30379,29303,30928,34609,33776
광주광역시 남구,2014,18580,29514,29147,31136,35466,34538
광주광역시 남구,2015,19253,28169,29096,30868,35518,34691
광주광역시 남구,2016,19010,26646,28971,29636,35184,34678
광주광역시 남구,2017,18676,25508,28808,28411,34922,34440
광주광역시 남구,2018,18028,24347,28736,27421,34017,34277
광주광역시 남구,2019,18275,23650,28724,27183,34402,33879
광주광역시 남구,2020,17283,22776,27981,25515,34067,33009
광주광역시 남구,2021,17062,22739,27524,25221,34277,32988
광주광역시 남구,2022,15740,22604,26091,24229,33799,32760
광주광역시 남구,2023,14746,22464,24564,23258,33263,32617
광주광역시 남구,2024,13509,22599,23033,22853,32521,32782
광주광역시 남구,2025,12728,23073,21564,23056,32342,32796
광주광역시 동구,2011,6927,12002,15747,15505,15441,17026
광주광역시 동구,2012,7024,11258,14960,15480,15167,17037
광주광역시 동구,2013,6902,10598,14077,14775,14819,16849
광주광역시 동구,2014,6655,9815,13632,14009,14510,16610
광주광역시 동구,2015,6605,8963,13194,13566,14033,16167
광주광역시 동구,2016,6268,8289,12908,12570,13541,15797
광주광역시 동구,2017,6139,7900,13015,12165,13553,15357
광주광역시 동구,2018,6073,7402,13037,11894,13124,15015
광주광역시 동구,2019,6615,7485,13817,12520,13680,15377
광주광역시 동구,2020,7173,7324,14836,13416,14000,15665
광주광역시 동구,2021,7294,7263,14859,13419,14115,15475
광주광역시 동구,2022,7627,7511,14849,14082,14548,15645
광주광역시 동구,2023,7453,7472,14921,14352,14525,15968
광주광역시 동구,2024,7030,7457,14311,14265,14221,15810
광주광역시 동구,2025,6587,7633,13401,14230,14059,15475
광주광역시 북구,2011,41416,68545,64923,69708,76372,62500
광주광역시 북구,2012,40568,65401,63739,68600,75968,64905
광주광역시 북구,2013,39786,62979,63607,68152,76106,67612
광주광역시 북구,2014,39869,60167,63866,67364,76489,69521
광주광역시 북구,2015,39911,56481,63869,65616,75278,70767
광주광역시 북구,2016,38787,52808,63397,62909,73380,71831
광주광역시 북구,2017,37729,50211,63227,61031,71966,72229
광주광역시 북구,2018,37188,47965,63441,60762,70026,73729
광주광역시 북구,2019,35183,45269,62730,57542,68651,72759
광주광역시 북구,2020,33549,42971,62504,55549,67402,71836
광주광역시 북구,2021,31994,41359,61142,54563,65746,71348
광주광역시 북구,2022,30467,40905,58344,53745,65313,71277
광주광역시 북구,2023,28793,39979,55548,52868,64391,71460
광주광역시 북구,2024,27542,39972,53157,54118,63244,72552
광주광역시 북구,2025,25645,39409,49492,53017,61303,70899
광주광역시 서구,2011,32391,51928,43880,52344,56031,40960
광주광역시 서구,2012,31287,50060,43193,50961,56122,42544
광주광역시 서구,2013,30109,48144,42801,49539,56468,44157
광주광역시 서구,2014,28455,45410,42756,46329,56214,45297
광주광역시 서구,2015,27234,42287,42550,44224,54977,45660
광주광역시 서구,2016,27284,40658,44026,43885,55235,47445
광주광역시 서구,2017,26092,38281,44774,42076,53914,48107
광주광역시 서구,2018,24829,36076,45140,40654,51990,49069
광주광역시 서구,2019,23463,33710,45312,38902,50421,49625
광주광역시 서구,2020,21775,31567,45348,36685,48764,49510
광주광역시 서구,2021,20175,29862,44576,35000,46978,49483
광주광역시 서구,2022,18750,29051,42615,34307,45545,49687
광주광역시 서구,2023,17187,28162,40755,33816,43958,50117
광주광역시 서구,2024,15941,27210,38407,33484,42016,50018
광주광역시 서구,2025,14619,26625,35696,33731,40505,49394
대구광역시 (2700000000),2011,216314,351152,332377,386634,454496,385865
대구광역시 (2700000000),2012,214843,336368,325973,378294,450176,398120
대구광역시 (2700000000),2013,211105,322745,322547,367519,450744,407002
대구광역시 (2700000000),2014,208524,307096,323936,353237,446088,415681
대구광역시 (2700000000),2015,208115,289590,326755,342633,438674,419653
대구광역시 (2700000000),2016,207036,274127,329927,333768,431822,422215
대구광역시 (2700000000),2017,201043,261756,332212,324015,421146,424677
대구광역시 (2700000000),2018,194953,249672,330845,317978,404270,431143
대구광역시 (2700000000),2019,188312,237198,323641,305986,393387,428249
대구광역시 (2700000000),2020,178226,225898,321534,294310,383839,425479
대구광역시 (2700000000),2021,167823,218537,308921,284865,372555,419444
대구광역시 (2700000000),2022,157730,217532,294363,279457,363802,415142
대구광역시 (2700000000),2023,150403,214121,282470,279965,356114,420799
대구광역시 (2700000000),2024,142228,212438,268100,282632,344645,418181
대구광역시 (2700000000),2025,134314,212906,253449,285101,335855,412159
대구광역시 군위군,2021,471,834,962,1150,1676,3642
대구광역시 군위군,2022,471,834,962,1150,1676,3642
대구광역시 군위군,2023,548,872,1157,1196,1807,3990
대구광역시 군위군,2024,478,852,949,1165,1668,3719
대구광역시 군위군,2025,445,817,904,1132,1637,3514
대구광역시 남구,2011,10583,17364,24209,26506,26355,28759
대구광역시 남구,2012,10525,16446,23222,26216,26085,29257
대구광역시 남구,2013,10144,15483,22034,25016,26022,29096
대구광역시 남구,2014,9773,14493,21428,23663,25564,28820
대구광역시 남구,2015,9509,13465,21085,22466,24856,28037
대구광역시 남구,2016,8791,12353,20679,20931,24016,27199
대구광역시 남구,2017,8146,11504,20564,19392,22980,26579
대구광역시 남구,2018,7520,10849,20423,18483,21908,26357
대구광역시 남구,2019,7278,10051,20120,17826,21080,25522
대구광역시 남구,2020,6821,9419,20457,17178,20403,24967
대구광역시 남구,2021,6329,8943,19735,16713,19414,24204
대구광역시 남구,2022,5990,8815,19087,16591,18698,23726
대구광역시 남구,2023,5657,8415,18151,16292,17987,23410
대구광역시 남구,2024,5283,8053,16874,16178,17003,22987
대구광역시 남구,2025,5093,8045,15892,16559,16598,22628
대구광역시 달서구,2011,54874,93275,84958,93913,115165,91555
대구광역시 달서구,2012,54491,89034,83722,92342,113622,95501
대구광역시 달서구,2013,54459,85320,84067,91316,113688,99048
대구광역시 달서구,2014,53310,80554,84294,87536,111847,101824
대구광역시 달서구,2015,52874,75495,84844,84439,109231,103236
대구광역시 달서구,2016,50967,70238,84333,79781,105530,103365
대구광역시 달서구,2017,47426,66056,83007,74245,100952,103297
대구광역시 달서구,2018,45262,62415,82364,72346,96358,105563
대구광역시 달서구,2019,43368,58954,80698,69897,93197,105326
대구광역시 달서구,2020,40273,55240,79273,66579,89441,103664
대구광역시 달서구,2021,36879,52726,75096,62906,85255,101488
대구광역시 달서구,2022,34340,51948,70803,61655,82449,99563
대구광역시 달서구,2023,31787,50428,66644,60116,78802,98679
대구광역시 달서구,2024,29546,49302,62644,60472,75331,97160
대구광역시 달서구,2025,27436,48790,58822,61128,72478,94831
대구광역시 달성군,2011,19651,24280,21528,30627,32847,25599
대구광역시 달성군,2012,20122,23749,21841,30890,33072,27330
대구광역시 달성군,2013,19686,22889,21845,29878,33148,28521
대구광역시 달성군,2014,19520,22051,22035,28737,33212,29756
대구광역시 달성군,2015,20620,21415,23155,29925,33818,31591
대구광역시 달성군,2016,25430,22348,26149,36695,36931,34644
대구광역시 달성군,2017,29214,23351,29470,42500,40351,37928
대구광역시 달성군,2018,29944,23427,29824,43396,40770,39590
대구광역시 달성군,2019,30322,23577,29523,43084,42264,40494
대구광역시 달성군,2020,29418,23923,29044,41698,43471,40851
대구광역시 달성군,2021,28509,24477,28382,40506,44717,41035
대구광역시 달성군,2022,26881,25528,26898,38876,45556,41255
대구광역시 달성군,2023,25055,26034,25648,37050,45599,41914
대구광역시 달성군,2024,22627,26600,23830,34898,44431,41847
대구광역시 달성군,2025,20598,27174,22224,33257,43760,41473
대구광역시 동구,2011,29115,38234,44127,55737,54858,55850
대구광역시 동구,2012,29211,36922,42401,54896,54741,56940
대구광역시 동구,2013,29100,35785,41656,53860,55420,57828
대구광역시 동구,2014,30063,34510,42060,53256,55841,58937
대구광역시 동구,2015,30429,32829,42477,52050,55632,59051
대구광역시 동구,2016,30389,31381,43072,50865,55707,58876
대구광역시 동구,2017,29152,30251,43198,48686,54834,58432
대구광역시 동구,2018,28571,29313,43532,48399,53666,59146
대구광역시 동구,2019,27103,27792,42229,45899,52318,57845
대구광역시 동구,2020,25193,26566,41684,43821,51410,56998
대구광역시 동구,2021,23998,26205,40513,43183,50977,56436
대구광역시 동구,2022,22568,26296,38455,42651,50368,56002
대구광역시 동구,2023,22000,26211,37409,43586,49884,57048
대구광역시 동구,2024,20600,25966,35913,44316,48265,57016
대구광역시 동구,2025,19217,25913,33846,44269,46715,56111
대구광역시 북구,2011,45525,65696,57593,74830,83594,63133
대구광역시 북구,2012,44550,63498,56723,71977,83589,65654
대구광역시 북구,2013,42579,61043,56288,68071,83938,67398
대구광역시 북구,2014,41577,58383,57555,65328,83777,69414
대구광역시 북구,2015,41134,55253,58379,62642,82794,70911
대구광역시 북구,2016,39791,52457,59214,59678,81233,72369
대구광역시 북구,2017,38234,50177,60746,58154,79759,74037
대구광역시 북구,2018,36774,48006,60735,57192,76298,75980
대구광역시 북구,2019,35406,45511,60440,55130,74201,76941
대구광역시 북구,2020,34031,43304,62136,54010,72657,78202
대구광역시 북구,2021,31921,41761,61011,52587,70291,78215
대구광역시 북구,2022,29122,41199,59465,50510,67298,77767
대구광역시 북구,2023,26078,39089,56359,48380,63256,77531
대구광역시 북구,2024,23657,37986,53442,47836,59550,77454
대구광역시 북구,2025,22000,37573,50746,48349,57050,76546
대구광역시 서구,2011,13538,25892,31911,32492,39293,39951
대구광역시 서구,2012,13488,23982,30661,31840,37724,40590
대구광역시 서구,2013,12734,22139,29335,30176,36695,40700
대구광역시 서구,2014,12278,20349,28587,28116,35093,40861
대구광역시 서구,2015,11818,18334,28066,26563,33094,40490
대구광역시 서구,2016,11057,16471,27001,24429,31213,39822
대구광역시 서구,2017,10094,14834,25957,22318,28882,38710
대구광역시 서구,2018,9287,13294,24698,20686,26316,37819
대구광역시 서구,2019,8325,11980,22699,18696,24174,35623
대구광역시 서구,2020,7564,10862,21673,17443,22825,34321
대구광역시 서구,2021,6779,10107,19897,16715,21323,32298
대구광역시 서구,2022,6234,9658,18019,16399,20141,30502
대구광역시 서구,2023,6786,9649,17221,18434,20367,30466
대구광역시 서구,2024,6856,9441,15852,19081,19693,29342
대구광역시 서구,2025,6887,9729,14674,19694,19507,28685
대구광역시 수성구,2011,38111,79294,57688,60885,90782,68125
대구광역시 수성구,2012,37693,76026,57421,58863,89989,70091
대구광역시 수성구,2013,37500,73539,57440,57771,90240,71711
대구광역시 수성구,2014,36687,70349,57580,54746,88799,73147
대구광역시 수성구,2015,36056,66608,57910,52203,87041,73361
대구광역시 수성구,2016,34988,63034,58496,49662,85194,73460
대구광역시 수성구,2017,33093,59870,58191,47276,81712,73473
대구광역시 수성구,2018,31851,56785,57599,45823,77586,74581
대구광역시 수성구,2019,30996,54133,56337,44290,75160,74918
대구광역시 수성구,2020,29784,51495,55403,42826,72866,75151
대구광역시 수성구,2021,28406,49315,52915,41672,69974,74743
대구광역시 수성구,2022,26950,48445,49740,40800,67733,74594
대구광역시 수성구,2023,25683,47189,47229,40417,65395,74903
대구광역시 수성구,2024,25257,47156,45130,41570,64390,74817
대구광역시 수성구,2025,24435,47379,42854,42486,63180,74167
대구광역시 중구,2011,4917,7117,10363,11644,11602,12893
대구광역시 중구,2012,4763,6711,9982,11270,11354,12757
대구광역시 중구,2013,4903,6547,9882,11431,11593,12700
대구광역시 중구,2014,5316,6407,10397,11855,11955,12922
대구광역시 중구,2015,5675,6191,10839,12345,12208,12976
대구광역시 중구,2016,5623,5845,10983,11727,11998,12480
대구광역시 중구,2017,5684,5713,11079,11444,11676,12221
대구광역시 중구,2018,5744,5583,11670,11653,11368,12107
대구광역시 중구,2019,5514,5200,11595,11164,10993,11580
대구광역시 중구,2020,5142,5089,11864,10755,10766,11325
대구광역시 중구,2021,5002,5003,11372,10583,10604,11025
대구광역시 중구,2022,5645,5643,11896,11975,11559,11733
대구광역시 중구,2023,6809,6234,12652,14494,13017,12858
대구광역시 중구,2024,7924,7082,13466,17116,14314,13839
대구광역시 중구,2025,8203,7486,13487,18227,14930,14204
대전광역시 (3000000000),2011,152202,217848,211866,252784,266938,217028
대전광역시 (3000000000),2012,152264,210828,209445,250711,266856,226538
대전광역시 (3000000000),2013,151389,204521,208751,245953,271990,232754
대전광역시 (3000000000),2014,148662,196196,210031,237696,271600,237648
대전광역시 (3000000000),2015,145049,184964,210749,228720,267008,238664
대전광역시 (3000000000),2016,142076,175916,212796,222879,264265,239111
대전광역시 (3000000000),2017,135218,168005,213973,215284,258705,239297
대전광역시 (3000000000),2018,128497,160537,213955,209040,249652,242983
대전광역시 (3000000000),2019,121829,153179,212629,200480,242481,243869
대전광역시 (3000000000),2020,114529,146436,212488,194088,237216,241921
대전광역시 (3000000000),2021,107548,142175,209397,189669,231018,240017
대전광역시 (3000000000),2022,102233,140288,203887,187991,226654,239260
대전광역시 (3000000000),2023,96727,137836,199228,187965,220131,243258
대전광역시 (3000000000),2024,91513,135613,193470,190937,213110,243783
대전광역시 (3000000000),2025,86776,135747,187702,194991,209116,242187
대전광역시 대덕구,2011,19066,30624,28328,32390,37979,30412
대전광역시 대덕구,2012,18923,29322,27961,32093,37344,31978
대전광역시 대덕구,2013,18284,27986,27635,30738,37582,32928
대전광역시 대덕구,2014,17481,26376,27509,28887,36840,33617
대전광역시 대덕구,2015,16500,24323,27172,26953,35480,33807
대전광역시 대덕구,2016,15631,22510,26920,25216,34287,33737
대전광역시 대덕구,2017,14256,20790,26404,23417,32388,33444
대전광역시 대덕구,2018,13031,19173,25819,21893,30327,33744
대전광역시 대덕구,2019,11905,17783,24958,20273,28526,33588
대전광역시 대덕구,2020,11307,16700,24528,20177,27261,33686
대전광역시 대덕구,2021,10519,15786,24097,19941,26157,33326
대전광역시 대덕구,2022,9856,15154,22740,19735,24999,32793
대전광역시 대덕구,2023,8962,14452,21443,19349,23600,32988
대전광역시 대덕구,2024,8271,13791,20386,19605,22345,32636
대전광역시 대덕구,2025,7628,13356,18891,19539,21331,31729
대전광역시 동구,2011,23564,29470,35350,41913,39518,39077
대전광역시 동구,2012,23722,28720,34156,41626,39324,39940
대전광역시 동구,2013,23461,27699,33205,40250,39966,40217
대전광역시 동구,2014,22278,26373,32222,37407,39417,40080
대전광역시 동구,2015,21132,24780,31379,34705,38567,39143
대전광역시 동구,2016,19998,23557,31056,32580,37759,38335
대전광역시 동구,2017,18488,22670,30724,30258,36891,37764
대전광역시 동구,2018,17354,21779,30858,29154,35818,38093
대전광역시 동구,2019,16248,20891,30798,27440,34796,37871
대전광역시 동구,2020,15010,19901,30186,25852,34080,36736
대전광역시 동구,2021,14156,19474,30090,25243,33446,36280
대전광역시 동구,2022,13190,19142,29223,24554,32541,35867
대전광역시 동구,2023,12176,18785,28803,23856,31202,36364
대전광역시 동구,2024,11766,18563,28291,24715,30243,36545
대전광역시 동구,2025,11129,18350,27959,25397,29307,36231
대전광역시 서구,2011,47756,77716,74316,81048,90983,70803
대전광역시 서구,2012,47143,73920,72797,79769,89773,73548
대전광역시 서구,2013,47087,71252,72568,78583,90775,75923
대전광역시 서구,2014,46187,67545,72688,76113,89850,77104
대전광역시 서구,2015,45300,63235,72778,73645,87936,77199
대전광역시 서구,2016,45085,60039,73388,72701,87129,77268
대전광역시 서구,2017,43347,56978,73987,70956,85117,77073
대전광역시 서구,2018,41804,54491,74039,69744,82176,78266
대전광역시 서구,2019,40343,52034,73711,67975,80080,78531
대전광역시 서구,2020,38092,49693,74090,65899,78525,77731
대전광역시 서구,2021,35861,48149,72847,64713,76261,76797
대전광역시 서구,2022,34001,47555,70677,63906,74920,76468
대전광역시 서구,2023,31263,46375,68332,63357,72291,77022
대전광역시 서구,2024,28612,45276,65571,62750,69441,76660
대전광역시 서구,2025,27716,46072,63470,65423,69313,76974
대전광역시 유성구,2011,37728,45305,39013,54946,54390,36174
대전광역시 유성구,2012,38694,45332,40892,55947,56610,39735
대전광역시 유성구,2013,39025,45020,42183,55948,58842,42020
대전광역시 유성구,2014,40152,45133,44765,57266,61272,45152
대전광역시 유성구,2015,40494,43736,46958,57849,61819,47370
대전광역시 유성구,2016,40595,42650,49132,58669,62562,49159
대전광역시 유성구,2017,39846,41660,50527,58847,62819,50763
대전광역시 유성구,2018,38458,40374,51305,58195,61652,52520
대전광역시 유성구,2019,36686,39145,51684,56841,60821,53385
대전광역시 유성구,2020,34946,38155,52744,56069,60445,54074
대전광역시 유성구,2021,33129,37818,52312,54802,59950,54745
대전광역시 유성구,2022,32146,37990,52333,55219,60175,55889
대전광역시 유성구,2023,32483,38502,53122,57554,60825,58164
대전광역시 유성구,2024,30831,38282,53141,58635,59481,59015
대전광역시 유성구,2025,28491,38342,52274,58271,58067,58674
대전광역시 중구,2011,24088,34733,34859,42487,44068,40562
대전광역시 중구,2012,23782,33534,33639,41276,43805,41337
대전광역시 중구,2013,23532,32564,33160,40434,44825,41666
대전광역시 중구,2014,22564,30769,32847,38023,44221,41695
대전광역시 중구,2015,21623,28890,32462,35568,43206,41145
대전광역시 중구,2016,20767,27160,32300,33713,42528,40612
대전광역시 중구,2017,19281,25907,32331,31806,41490,40253
대전광역시 중구,2018,17850,24720,31934,30054,39679,40360
대전광역시 중구,2019,16647,23326,31478,27951,38258,40494
대전광역시 중구,2020,15174,21987,30940,26091,36905,39694
대전광역시 중구,2021,13883,20948,30051,24970,35204,38869
대전광역시 중구,2022,13040,20447,28914,24577,34019,38243
대전광역시 중구,2023,11843,19722,27528,23849,32213,38720
대전광역시 중구,2024,12033,19701,26081,25232,31600,38927
대전광역시 중구,2025,11812,19627,25108,26361,31098,38579
동해출장소 (4210500000),2016,0,0,0,0,0,0
동해출장소 (4210500000),2017,0,0,0,0,0,0
동해출장소 (4210500000),2018,0,0,0,0,0,0
동해출장소 (4210500000),2019,0,0,0,0,0,0
동해출장소 (4210500000),2020,0,0,0,0,0,0
동해출장소 (4210500000),2021,0,0,0,0,0,0
동해출장소 (4210500000),2022,0,0,0,0,0,0
동해출장소 (4210500000),2023,0,0,0,0,0,0
동해출장소 (4210500000),2024,0,0,0,0,0,0
동해출장소 (4210500000),2025,0,0,0,0,0,0
동해출장소 (5110500000),2021,0,0,0,0,0,0
동해출장소 (5110500000),2022,0,0,0,0,0,0
동해출장소 (5110500000),2023,0,0,0,0,0,0
동해출장소 (5110500000),2024,0,0,0,0,0,0
동해출장소 (5110500000),2025,0,0,0,0,0,0
부산광역시 (2600000000),2011,265322,429500,480582,536575,595353,620296
부산광역시 (2600000000),2012,265434,407322,466774,529358,583569,628921
부산광역시 (2600000000),2013,263925,387505,458642,518059,580809,632551
부산광역시 (2600000000),2014,263767,366769,456897,504816,576487,630397
부산광역시 (2600000000),2015,267227,345503,456514,493958,568218,619703
부산광역시 (2600000000),2016,267087,325210,455199,483516,558328,610400
부산광역시 (2600000000),2017,258732,310044,451791,467624,545052,599544
부산광역시 (2600000000),2018,251442,296145,444737,454711,527047,593189
부산광역시 (2600000000),2019,243321,283240,436149,435710,517782,583099
부산광역시 (2600000000),2020,232356,272014,430987,419014,511148,568913
부산광역시 (2600000000),2021,219611,266105,415549,405300,502391,554768
부산광역시 (2600000000),2022,206377,265934,395398,396427,494742,543722
부산광역시 (2600000000),2023,194403,263339,377587,390659,484716,541925
부산광역시 (2600000000),2024,181736,262852,358388,388958,471171,537485
부산광역시 (2600000000),2025,169897,264817,338697,388297,460252,529003
부산광역시 강서구,2011,5395,6115,8194,9891,9874,12082
부산광역시 강서구,2012,5859,5865,7813,10459,9605,12346
부산광역시 강서구,2013,6930,6076,7738,11908,10134,12628
부산광역시 강서구,2014,9067,6668,8578,14697,11572,13428
부산광역시 강서구,2015,12517,7507,9981,19032,13665,14510
부산광역시 강서구,2016,15747,8259,11168,23048,15888,15601
부산광역시 강서구,2017,17544,8895,11508,25370,17615,15817
부산광역시 강서구,2018,18602,9531,11601,26175,18945,15943
부산광역시 강서구,2019,19380,10435,11860,26536,21062,16421
부산광역시 강서구,2020,20095,11714,12335,27308,23667,16947
부산광역시 강서구,2021,19700,12957,12565,26821,26072,17201
부산광역시 강서구,2022,18585,14050,12009,24923,27827,17091
부산광역시 강서구,2023,17253,14979,11290,23139,28830,17336
부산광역시 강서구,2024,15973,16212,10754,22199,29512,17741
부산광역시 강서구,2025,16592,17834,10574,23846,31199,18652
부산광역시 금정구,2011,16585,31571,36375,35313,42704,46291
부산광역시 금정구,2012,16932,29818,35987,35392,41500,47292
부산광역시 금정구,2013,16523,28157,35602,34167,40685,47431
부산광역시 금정구,2014,16170,26071,35594,32550,39513,46913
부산광역시 금정구,2015,15886,23995,35524,30959,38176,45462
부산광역시 금정구,2016,15550,22469,35571,30231,37014,44907
부산광역시 금정구,2017,15347,21491,35548,29538,36127,44316
부산광역시 금정구,2018,14899,20345,35085,28767,34760,43782
부산광역시 금정구,2019,14162,19022,34283,27165,33472,42559
부산광역시 금정구,2020,13033,17710,33309,25228,32184,40618
부산광역시 금정구,2021,12089,17215,32019,24174,31261,39018
부산광역시 금정구,2022,10829,16599,30165,22877,29752,37292
부산광역시 금정구,2023,9865,16061,28338,21876,28221,36147
부산광역시 금정구,2024,8788,15454,26935,20979,26558,34863
부산광역시 금정구,2025,7942,15330,25753,20681,25428,33724
부산광역시 기장군,2011,11318,12601,11824,18878,17625,16228
부산광역시 기장군,2012,12738,12872,11945,20150,18627,16974
부산광역시 기장군,2013,16316,14149,13347,24872,21493,18548
부산광역시 기장군,2014,18532,15100,14155,27151,23915,19816
부산광역시 기장군,2015,19954,15647,14694,28243,25763,20360
부산광역시 기장군,2016,20675,15768,15243,28349,27070,21006
부산광역시 기장군,2017,20146,16175,15651,27205,28302,21580
부산광역시 기장군,2018,19825,16593,15868,26537,29349,22144
부산광역시 기장군,2019,18803,16718,15872,24478,30097,22374
부산광역시 기장군,2020,19153,17475,17066,24960,32215,24006
부산광역시 기장군,2021,18280,18048,16962,23994,33104,25035
부산광역시 기장군,2022,17103,18699,16597,23177,33512,25871
부산광역시 기장군,2023,15643,19077,16374,22020,33415,26865
부산광역시 기장군,2024,13873,19464,15492,20851,32220,27396
부산광역시 기장군,2025,12597,19861,14710,20159,31428,28047
부산광역시 남구,2011,22638,34608,39851,46000,47576,50231
부산광역시 남구,2012,22033,32884,38471,44037,46843,49936
부산광역시 남구,2013,22078,31809,37937,42992,47536,50143
부산광역시 남구,2014,21475,30116,37103,40660,47196,49023
부산광역시 남구,2015,21300,28535,36579,38395,46739,47306
부산광역시 남구,2016,20595,27054,36126,36338,45853,46086
부산광역시 남구,2017,19339,25923,35730,34096,44578,44742
부산광역시 남구,2018,20432,25566,36195,34956,44529,45498
부산광역시 남구,2019,19571,24289,35676,32917,43248,44330
부산광역시 남구,2020,18052,23035,35239,30186,41893,42799
부산광역시 남구,2021,16611,22527,34143,28193,40440,42202
부산광역시 남구,2022,15011,22397,33019,26606,38943,41442
부산광역시 남구,2023,14089,22039,32220,26563,37745,41513
부산광역시 남구,2024,13336,22121,31693,27163,36361,41890
부산광역시 남구,2025,12319,21882,30291,26707,34860,41433
부산광역시 동구,2011,5593,9911,12476,14296,15229,18267
부산광역시 동구,2012,5494,9189,11710,13856,14720,18131
부산광역시 동구,2013,5188,8499,11107,12884,14403,17848
부산광역시 동구,2014,4934,7843,10977,12241,14161,17501
부산광역시 동구,2015,4727,7061,10827,11340,13696,16731
부산광역시 동구,2016,4540,6397,10487,10730,13240,16060
부산광역시 동구,2017,4339,6061,10412,10424,12873,15476
부산광역시 동구,2018,4083,5582,10226,10065,12231,15008
부산광역시 동구,2019,4164,5347,10391,10254,12092,15008
부산광역시 동구,2020,4085,5145,10472,10395,11953,14708
부산광역시 동구,2021,3964,4824,10278,10400,11575,14296
부산광역시 동구,2022,3791,4675,9713,10395,11303,13927
부산광역시 동구,2023,3978,4658,9323,10998,11404,14183
부산광역시 동구,2024,3696,4492,8755,10860,10928,13828
부산광역시 동구,2025,3478,4512,8048,10620,10529,13458
부산광역시 동래구,2011,20599,36516,38635,41897,47680,50511
부산광역시 동래구,2012,20024,34401,37019,40254,46319,50411
부산광역시 동래구,2013,19722,32688,36372,38892,46075,50291
부산광역시 동래구,2014,19856,31138,35853,38094,45853,49902
부산광역시 동래구,2015,19968,29390,35369,36433,45306,48358
부산광역시 동래구,2016,20337,28029,35020,36056,44950,47339
부산광역시 동래구,2017,19932,27111,34489,34718,44180,46451
부산광역시 동래구,2018,19164,26015,33693,33689,42537,45387
부산광역시 동래구,2019,19984,25492,33494,34081,43092,45521
부산광역시 동래구,2020,19635,24970,32682,33078,43184,44392
부산광역시 동래구,2021,18726,24522,31201,31643,42507,43330
부산광역시 동래구,2022,19278,25584,30321,32343,43861,43717
부산광역시 동래구,2023,18208,25429,28476,31431,43250,44031
부산광역시 동래구,2024,18240,25932,27206,32590,43177,44564
부산광역시 동래구,2025,17061,26451,25759,32198,42439,44444
부산광역시 부산진구,2011,28717,42662,57072,63307,62774,68169
부산광역시 부산진구,2012,28705,40428,54792,62659,61931,68552
부산광역시 부산진구,2013,28062,38058,53787,61250,61551,68539
부산광역시 부산진구,2014,27495,35791,54012,59231,61026,67897
부산광역시 부산진구,2015,26838,33227,53518,56756,59398,66022
부산광역시 부산진구,2016,26219,30887,53151,54712,58049,64479
부산광역시 부산진구,2017,25041,29206,53005,53094,56266,62847
부산광역시 부산진구,2018,23592,27468,51536,50392,53519,61241
부산광역시 부산진구,2019,22339,26163,51209,48169,52195,59674
부산광역시 부산진구,2020,21318,25005,52781,47994,51698,58636
부산광역시 부산진구,2021,20097,24034,50989,47020,50121,56616
부산광역시 부산진구,2022,19603,24111,50271,48489,49893,56024
부산광역시 부산진구,2023,19487,23904,49500,50107,49677,56364
부산광역시 부산진구,2024,18531,23759,48164,51260,48718,55956
부산광역시 부산진구,2025,18498,24369,46736,54188,49208,56080
부산광역시 북구,2011,23774,43479,43453,43835,56450,53589
부산광역시 북구,2012,24402,41449,43889,44593,55525,56453
부산광역시 북구,2013,23713,39002,43316,42781,54249,57686
부산광역시 북구,2014,23180,36294,43457,41017,52726,58278
부산광역시 북구,2015,23826,33969,44302,41293,51493,59084
부산광역시 북구,2016,24049,31498,44361,41170,49684,59203
부산광역시 북구,2017,22841,29016,43026,39063,46978,58157
부산광역시 북구,2018,21660,27032,41462,37519,44149,57577
부산광역시 북구,2019,20476,25254,39564,35461,42406,56340
부산광역시 북구,2020,18994,23301,37585,33517,40485,53951
부산광역시 북구,2021,18340,22445,35666,33678,39791,52430
부산광역시 북구,2022,17203,21927,32857,33353,38555,50415
부산광역시 북구,2023,15966,21311,30177,32370,37049,49047
부산광역시 북구,2024,14607,20613,27529,31908,35273,47345
부산광역시 북구,2025,13266,20322,25134,31369,33843,45523
부산광역시 사상구,2011,18902,31031,37894,39051,45002,46033
부산광역시 사상구,2012,18666,28647,36266,38489,42701,47011
부산광역시 사상구,2013,18194,26485,35263,36913,41631,47601
부산광역시 사상구,2014,17789,24385,34487,35469,40052,47610
부산광역시 사상구,2015,17359,22065,33629,33867,38097,46799
부산광역시 사상구,2016,16753,20163,32865,32381,36195,46172
부산광역시 사상구,2017,15814,18733,32499,30848,34476,45507
부산광역시 사상구,2018,14750,17355,31449,28926,32165,44694
부산광역시 사상구,2019,13720,16240,29973,27071,30701,43241
부산광역시 사상구,2020,12355,15088,28932,25224,29363,41190
부산광역시 사상구,2021,11268,14409,27690,24248,28452,38940
부산광역시 사상구,2022,10157,14125,26026,23511,27416,37118
부산광역시 사상구,2023,9476,13770,24928,23988,26571,36351
부산광역시 사상구,2024,8507,13288,23213,23549,25138,35079
부산광역시 사상구,2025,7447,13142,21346,22706,24047,33527
부산광역시 사하구,2011,28850,45256,49265,55167,60747,61793
부산광역시 사하구,2012,28572,42719,47727,54390,58809,62899
부산광역시 사하구,2013,28031,40113,46353,53003,57836,63351
부산광역시 사하구,2014,27145,37453,45138,50715,56427,62835
부산광역시 사하구,2015,26504,34826,44101,48270,54845,61469
부산광역시 사하구,2016,25954,32344,43981,46514,53386,60536
부산광역시 사하구,2017,25022,30729,43836,45200,52152,59552
부산광역시 사하구,2018,23638,28853,43114,43241,49772,58613
부산광역시 사하구,2019,21982,27193,41626,40360,47905,57349
부산광역시 사하구,2020,19969,25385,39828,36977,46023,54882
부산광역시 사하구,2021,18330,24510,38220,34919,44747,53211
부산광역시 사하구,2022,16849,24137,35987,33969,43673,51852
부산광역시 사하구,2023,15603,23643,33827,32709,42518,51362
부산광역시 사하구,2024,14137,23050,31553,31679,40810,50614
부산광역시 사하구,2025,12415,22787,29410,30405,39078,49246
부산광역시 서구,2011,6869,13194,15831,16615,19251,22911
부산광역시 서구,2012,6668,12233,14934,15931,18527,22510
부산광역시 서구,2013,6358,11485,14546,15209,18183,22236
부산광역시 서구,2014,6374,10818,14386,14739,17988,21858
부산광역시 서구,2015,6340,9882,14270,14019,17355,21125
부산광역시 서구,2016,6127,9026,14128,13242,16542,20331
부산광역시 서구,2017,5838,8365,13920,12522,15668,19512
부산광역시 서구,2018,6034,8024,13862,12547,15410,19271
부산광역시 서구,2019,5743,7504,13599,11715,14808,18543
부산광역시 서구,2020,5622,7287,13541,11206,14707,18002
부산광역시 서구,2021,5310,7082,13028,10552,14164,17090
부산광역시 서구,2022,5198,7136,12505,10525,14061,17008
부산광역시 서구,2023,4886,7001,12227,10377,13487,16868
부산광역시 서구,2024,4482,6991,11436,10259,13101,16793
부산광역시 서구,2025,4130,7013,10702,10109,12728,16522
부산광역시 수영구,2011,11878,18880,24114,27305,27141,32237
부산광역시 수영구,2012,11845,17901,23312,27330,26932,32216
부산광역시 수영구,2013,11476,16955,22778,26636,26859,31693
부산광역시 수영구,2014,11574,16481,23319,26723,27437,31810
부산광역시 수영구,2015,11713,15509,23801,26861,27317,30952
부산광역시 수영구,2016,11688,14540,24002,26402,27123,30074
부산광역시 수영구,2017,11565,13873,24351,26087,26929,29541
부산광역시 수영구,2018,10785,12984,24199,24905,25799,28477
부산광역시 수영구,2019,10571,12378,24107,24205,25593,27920
부산광역시 수영구,2020,10328,11852,24349,23877,25487,27718
부산광역시 수영구,2021,9838,11464,23723,23505,24951,27141
부산광역시 수영구,2022,9459,11425,23123,23661,24648,26666
부산광역시 수영구,2023,8992,11452,22253,23503,24359,26824
부산광역시 수영구,2024,8267,11313,21004,23210,23560,26618
부산광역시 수영구,2025,7426,11312,19695,22854,22928,26053
부산광역시 연제구,2011,16373,24941,28344,33086,35146,37580
부산광역시 연제구,2012,16213,23678,27147,32403,34530,37804
부산광역시 연제구,2013,15565,22521,26494,31100,34391,37723
부산광역시 연제구,2014,15363,21398,26275,29783,34438,37249
부산광역시 연제구,2015,16068,20693,26538,29830,34399,36814
부산광역시 연제구,2016,15808,19290,26321,28864,33586,35521
부산광역시 연제구,2017,15570,18323,26489,28637,32668,34976
부산광역시 연제구,2018,15429,17602,26556,28588,31871,34992
부산광역시 연제구,2019,15444,17003,26303,28233,32008,34707
부산광역시 연제구,2020,14747,16467,26131,27194,31907,34141
부산광역시 연제구,2021,13970,16236,24911,26303,31562,33531
부산광역시 연제구,2022,12860,16143,23332,25329,30874,32848
부산광역시 연제구,2023,12623,16137,23035,26074,30791,33363
부산광역시 연제구,2024,12984,17022,22492,27905,31616,34305
부산광역시 연제구,2025,12372,17146,21460,28319,31043,33728
부산광역시 영도구,2011,8599,15133,18066,19849,22128,26732
부산광역시 영도구,2012,8181,14031,17095,18855,21275,26444
부산광역시 영도구,2013,7767,13064,16045,17519,20690,25931
부산광역시 영도구,2014,7420,11978,15412,16218,20078,25020
부산광역시 영도구,2015,7237,11030,14838,15325,19402,24003
부산광역시 영도구,2016,6964,10184,14334,14466,18609,23057
부산광역시 영도구,2017,6583,9432,13827,13619,17749,22300
부산광역시 영도구,2018,6127,8767,13140,12728,16726,21573
부산광역시 영도구,2019,5735,8014,12512,11616,15972,20611
부산광역시 영도구,2020,5139,7403,11990,10610,15159,19559
부산광역시 영도구,2021,4874,7042,11465,10253,14550,18600
부산광역시 영도구,2022,4534,6860,10524,9956,14037,17892
부산광역시 영도구,2023,4329,6696,9771,9664,13578,17759
부산광역시 영도구,2024,3902,6486,9103,9112,12781,17377
부산광역시 영도구,2025,3549,6339,8745,8884,12081,16827
부산광역시 중구,2011,2568,4453,6010,7089,7703,9159
부산광역시 중구,2012,2488,4108,5754,6935,7494,9162
부산광역시 중구,2013,2381,3869,5609,6625,7425,8975
부산광역시 중구,2014,2291,3587,5663,6294,7311,8742
부산광역시 중구,2015,2180,3303,5636,5803,7072,8413
부산광역시 중구,2016,2083,3055,5687,5547,6846,8205
부산광역시 중구,2017,1878,2762,5648,5251,6587,7783
부산광역시 중구,2018,1699,2460,5477,4895,6050,7545
부산광역시 중구,2019,1495,2261,5468,4617,5664,7313
부산광역시 중구,2020,1320,2027,5679,4471,5394,7074
부산광역시 중구,2021,1117,1872,5839,4477,5118,6722
부산광역시 중구,2022,1016,1779,5678,4422,4792,6497
부산광역시 중구,2023,875,1662,5395,4259,4408,6343
부산광역시 중구,2024,729,1557,5073,4176,4112,6163
부산광역시 중구,2025,619,1491,4663,4056,3887,5949
부산광역시 해운대구,2011,36664,59149,53178,64996,78323,68483
부산광역시 해운대구,2012,36614,57099,52913,63625,78231,70780
부산광역시 해운대구,2013,35621,54575,52348,61308,77668,71927
부산광역시 해운대구,2014,35102,51648,52488,59234,76794,72515
부산광역시 해운대구,2015,34810,48864,52907,57532,75495,72295
부산광역시 해운대구,2016,33998,46247,52754,55466,74293,71823
부산광역시 해운대구,2017,31933,43949,51852,51952,71904,70987
부산광역시 해운대구,2018,30723,41968,51274,50781,69235,71444
부산광역시 해운대구,2019,29752,39927,50212,48832,67467,71188
부산광역시 해운대구,2020,28511,38150,49068,46789,65829,70290
부산광역시 해운대구,2021,27097,36918,46850,45120,63976,69405
부산광역시 해운대구,2022,24901,36287,43271,42891,61595,68062
부산광역시 해운대구,2023,23130,35520,40453,41581,59413,67569
부산광역시 해운대구,2024,21684,35098,37986,41258,57306,66953
부산광역시 해운대구,2025,20186,35026,35671,41196,55526,65790
북부출장소 (4110500000),2016,0,0,0,0,0,0
북부출장소 (4110500000),2017,0,0,0,0,0,0
북부출장소 (4110500000),2018,0,0,0,0,0,0
북부출장소 (4110500000),2019,0,0,0,0,0,0
북부출장소 (4110500000),2020,0,0,0,0,0,0
북부출장소 (4110500000),2021,0,0,0,0,0,0
북부출장소 (4110500000),2022,0,0,0,0,0,0
북부출장소 (4110500000),2023,0,0,0,0,0,0
북부출장소 (4110500000),2024,0,0,0,0,0,0
북부출장소 (4110500000),2025,0,0,0,0,0,0
서울특별시 (1100000000),2011,836648,1203517,1529819,1831942,1744590,1560094
서울특별시 (1100000000),2012,825987,1146509,1488944,1802242,1735779,1576336
서울특별시 (1100000000),2013,808737,1095810,1459843,1763451,1738953,1593805
서울특별시 (1100000000),2014,793992,1044513,1457951,1713666,1729469,1604160
서울특별시 (1100000000),2015,783299,985790,1447221,1668253,1701609,1588333
서울특별시 (1100000000),2016,761314,934205,1442701,1620974,1678172,1570037
서울특별시 (1100000000),2017,728462,894656,1447115,1579189,1647989,1553543
서울특별시 (1100000000),2018,690368,855121,1449790,1548770,1590374,1546954
서울특별시 (1100000000),2019,662693,819571,1456623,1509959,1560983,1539968
서울특별시 (1100000000),2020,623745,781866,1460411,1475106,1528182,1523556
서울특별시 (1100000000),2021,583683,756136,1422277,1439279,1480780,1507194
서울특별시 (1100000000),2022,545317,749118,1389483,1425808,1449706,1492802
서울특별시 (1100000000),2023,513562,733211,1355811,1427405,1420073,1495557
서울특별시 (1100000000),2024,483780,720767,1308260,1442665,1383950,1486068
서울특별시 (1100000000),2025,460662,717871,1254885,1462944,1364640,1467714
서울특별시 강남구,2011,41836,77353,88487,102125,100896,82567
서울특별시 강남구,2012,42241,73953,85691,101782,101178,82647
서울특별시 강남구,2013,41991,71562,83845,100617,101823,83445
서울특별시 강남구,2014,43865,70862,85202,102316,104260,85908
서울특별시 강남구,2015,44866,68049,83293,100853,104137,84565
서울특별시 강남구,2016,43474,65096,81462,96435,103591,82609
서울특별시 강남구,2017,41417,62953,79392,91645,102093,80983
서울특별시 강남구,2018,39242,60965,76468,87691,99471,79078
서울특별시 강남구,2019,38704,60451,75966,85623,100004,80246
서울특별시 강남구,2020,36766,59134,73940,81838,99266,80350
서울특별시 강남구,2021,34726,59141,70774,77662,97729,81956
서울특별시 강남구,2022,32320,60095,67992,75652,96290,83089
서울특별시 강남구,2023,33005,61808,67585,78771,98977,85767
서울특별시 강남구,2024,33160,63527,66304,81291,100892,87915
서울특별시 강남구,2025,31995,64057,63159,80655,100055,88475
서울특별시 강동구,2011,41940,60943,74397,86266,84171,81719
서울특별시 강동구,2012,41022,57411,71142,84337,82008,82104
서울특별시 강동구,2013,39982,54543,68910,82741,81069,82822
서울특별시 강동구,2014,38938,51268,67455,80050,79393,82207
서울특별시 강동구,2015,36953,46925,64161,74979,75941,78756
서울특별시 강동구,2016,34769,43398,61884,71347,73088,75740
서울특별시 강동구,2017,33868,41265,59853,69687,71523,72801
서울특별시 강동구,2018,31791,39228,58212,67233,68931,71017
서울특별시 강동구,2019,32162,38461,59005,67743,69913,71043
서울특별시 강동구,2020,34750,38961,61457,72086,74044,72227
서울특별시 강동구,2021,34321,38850,60467,71097,74854,71766
서울특별시 강동구,2022,32560,39064,57986,69346,74729,70820
서울특별시 강동구,2023,30892,38861,56452,68615,74382,70761
서울특별시 강동구,2024,31069,40834,56228,72917,76779,72916
서울특별시 강동구,2025,32011,43767,55612,77454,81123,75244
서울특별시 강북구,2011,25984,37862,47221,59140,57457,54341
서울특별시 강북구,2012,25663,35970,45583,57660,57651,54664
서울특별시 강북구,2013,24615,34351,43907,55117,57491,55103
서울특별시 강북구,2014,23600,32328,43692,52086,57041,55353
서울특별시 강북구,2015,22657,30285,43412,49586,55637,55218
서울특별시 강북구,2016,21631,28351,43432,47400,54538,54834
서울특별시 강북구,2017,20453,26814,44012,45371,53260,54441
서울특별시 강북구,2018,18921,25261,43842,43446,50661,54270
서울특별시 강북구,2019,17420,23660,43350,41035,48929,53606
서울특별시 강북구,2020,15714,22027,42944,38757,46718,52642
서울특별시 강북구,2021,14148,20796,41001,37120,43923,51700
서울특별시 강북구,2022,12786,20030,39849,35921,42113,50791
서울특별시 강북구,2023,11575,19141,38155,34997,39902,50265
서울특별시 강북구,2024,10554,18405,36202,34602,37947,49733
서울특별시 강북구,2025,9574,17809,34252,34352,36304,48504
서울특별시 강서구,2011,49891,66685,84678,105635,93208,89618
서울특별시 강서구,2012,49110,63378,82319,105152,92488,90747
서울특별시 강서구,2013,48470,60515,81305,104990,92943,91751
서울특별시 강서구,2014,50372,59005,83207,107111,95339,94041
서울특별시 강서구,2015,50383,55998,83941,106920,95417,93601
서울특별시 강서구,2016,50711,53550,85425,107459,96023,93154
서울특별시 강서구,2017,49225,51725,87795,108193,96605,92194
서울특별시 강서구,2018,46680,49481,87277,106818,94297,91098
서울특별시 강서구,2019,43968,47442,87418,103078,93276,89067
서울특별시 강서구,2020,39560,44694,86991,99062,90888,86196
서울특별시 강서구,2021,36646,43517,85652,97831,89266,84408
서울특별시 강서구,2022,33623,43043,82704,97617,88129,83132
서울특별시 강서구,2023,31189,41817,79178,96654,86420,83179
서울특별시 강서구,2024,28860,40759,75441,96299,83837,82581
서울특별시 강서구,2025,26686,40113,71534,96262,81783,81228
서울특별시 관악구,2011,38206,48220,98940,109527,78571,73146
서울특별시 관악구,2012,37111,45764,95874,108434,78754,73434
서울특별시 관악구,2013,35640,43450,93391,105745,79451,73804
서울특별시 관악구,2014,34323,41005,93909,101385,79214,73370
서울특별시 관악구,2015,33191,38649,94582,98352,78122,72772
서울특별시 관악구,2016,31654,36374,97145,95116,77193,71901
서울특별시 관악구,2017,29533,34365,99790,92554,75338,70941
서울특별시 관악구,2018,27165,32559,104460,91028,72628,70327
서울특별시 관악구,2019,25097,30700,107387,88858,70869,69536
서울특별시 관악구,2020,22372,28600,109135,86781,68484,68052
서울특별시 관악구,2021,19843,27057,108154,85556,65543,67025
서울특별시 관악구,2022,18164,26328,110315,87246,63766,66065
서울특별시 관악구,2023,16480,25079,107379,88440,61705,65806
서울특별시 관악구,2024,15023,24096,103855,90812,59200,65224
서울특별시 관악구,2025,13937,23529,101391,94020,57847,64465
서울특별시 광진구,2011,28104,43781,62566,68193,64049,55573
서울특별시 광진구,2012,27921,41645,61164,67666,63628,56685
서울특별시 광진구,2013,27188,39275,60254,66639,63263,57593
서울특별시 광진구,2014,26294,36833,59457,64436,61999,57356
서울특별시 광진구,2015,25934,34438,59063,63288,60793,56898
서울특별시 광진구,2016,25222,32260,59460,61798,59439,56510
서울특별시 광진구,2017,24212,30875,60549,61198,58472,56514
서울특별시 광진구,2018,23182,29234,61256,60447,56164,56427
서울특별시 광진구,2019,21657,27573,61751,58175,54490,55638
서울특별시 광진구,2020,19572,25931,62940,55983,52482,54541
서울특별시 광진구,2021,17744,24774,61616,54715,50470,53801
서울특별시 광진구,2022,16447,24469,60220,54701,49238,53264
서울특별시 광진구,2023,15208,23804,58849,54943,48103,53156
서울특별시 광진구,2024,14098,22986,56887,55354,46529,52263
서울특별시 광진구,2025,13508,22857,54837,56825,46047,51075
서울특별시 구로구,2011,40017,44904,60697,84045,67996,65897
서울특별시 구로구,2012,40001,42830,58973,83524,68000,66478
서울특별시 구로구,2013,39045,41034,57463,81055,68804,66565
서울특별시 구로구,2014,38589,39315,57359,78938,69538,66991
서울특별시 구로구,2015,38029,37129,56806,75923,68645,66292
서울특별시 구로구,2016,36429,35381,56440,72401,68269,65600
서울특별시 구로구,2017,34069,33912,55574,68579,67127,64587
서울특별시 구로구,2018,31394,32623,55130,65587,64816,64139
서울특별시 구로구,2019,30501,31579,55652,64654,64447,63993
서울특별시 구로구,2020,28199,30189,55415,63147,63203,63330
서울특별시 구로구,2021,25967,29191,53703,61071,61183,62294
서울특별시 구로구,2022,24355,28637,52831,61565,60144,61544
서울특별시 구로구,2023,22434,28218,50871,61099,58402,61922
서울특별시 구로구,2024,21066,27523,48308,60988,56458,61376
서울특별시 구로구,2025,19594,27024,45909,61451,54865,59948
서울특별시 금천구,2011,18076,27236,36292,41867,43128,39379
서울특별시 금천구,2012,17802,25735,35565,41711,42381,40509
서울특별시 금천구,2013,17181,24026,34819,40415,41957,41282
서울특별시 금천구,2014,16582,22375,34764,38992,40821,41651
서울특별시 금천구,2015,16328,20752,34550,37628,39528,41742
서울특별시 금천구,2016,15943,19417,34506,36817,38379,42149
서울특별시 금천구,2017,15450,18265,34793,36582,37358,42106
서울특별시 금천구,2018,14657,16916,35587,36215,35429,42099
서울특별시 금천구,2019,13746,15805,36241,35666,34191,41350
서울특별시 금천구,2020,12548,14669,37127,35481,32903,40292
서울특별시 금천구,2021,11676,13955,37202,36570,31638,39348
서울특별시 금천구,2022,10699,13548,36415,37437,30703,38189
서울특별시 금천구,2023,9884,12927,34974,37954,29544,37514
서울특별시 금천구,2024,9026,12425,33570,38518,28335,36401
서울특별시 금천구,2025,8321,12044,31715,39718,27627,35047
서울특별시 노원구,2011,52079,87895,81397,96576,111603,90263
서울특별시 노원구,2012,50743,83731,79786,93732,109695,91653
서울특별시 노원구,2013,48657,79966,78635,90289,108930,92799
서울특별시 노원구,2014,46684,76023,78269,85843,107185,93246
서울특별시 노원구,2015,45452,71635,77604,82395,104721,92361
서울특별시 노원구,2016,44051,67824,77584,79345,102368,91272
서울특별시 노원구,2017,41235,63992,76738,74678,98387,89761
서울특별시 노원구,2018,38147,60444,76371,71376,93598,89522
서울특별시 노원구,2019,35765,56848,74581,67330,89904,88956
서울특별시 노원구,2020,33182,53235,73182,64740,86240,87828
서울특별시 노원구,2021,30658,50312,69956,63138,81770,87029
서울특별시 노원구,2022,28307,49110,67867,61878,78536,86347
서울특별시 노원구,2023,26425,47172,66301,61022,75401,86441
서울특별시 노원구,2024,24492,45416,64147,60798,71901,85830
서울특별시 노원구,2025,22895,44100,61120,61093,69011,83880
서울특별시 도봉구,2011,28953,45817,52129,57293,63681,60016
서울특별시 도봉구,2012,28272,43214,50637,55719,62483,61017
서울특별시 도봉구,2013,27287,40836,49220,53970,61923,61830
서울특별시 도봉구,2014,26166,38431,48464,51673,60454,61869
서울특별시 도봉구,2015,25890,35801,47806,50550,59102,61270
서울특별시 도봉구,2016,25106,33690,47217,48916,57768,60650
서울특별시 도봉구,2017,23545,31653,47011,46898,55985,59969
서울특별시 도봉구,2018,22184,29699,46095,45532,53130,59615
서울특별시 도봉구,2019,20665,27731,44922,43376,51071,58555
서울특별시 도봉구,2020,18775,25627,43412,40993,48535,57020
서울특별시 도봉구,2021,17044,24311,41496,39246,46156,56006
서울특별시 도봉구,2022,15589,23508,39389,38302,44427,54750
서울특별시 도봉구,2023,14242,22372,37439,37607,42514,54263
서울특별시 도봉구,2024,12967,21597,35652,37405,40743,53292
서울특별시 도봉구,2025,11838,21204,33286,37312,39660,51981
서울특별시 동대문구,2011,27770,38209,55960,63327,59558,57081
서울특별시 동대문구,2012,27218,36462,54419,61916,59274,57484
서울특별시 동대문구,2013,27018,34863,54015,61343,59766,58300
서울특별시 동대문구,2014,26749,33152,54367,59799,59377,58564
서울특별시 동대문구,2015,26070,31248,54417,57581,58356,57670
서울특별시 동대문구,2016,25072,29436,54069,55372,57140,56834
서울특별시 동대문구,2017,23694,27914,54166,53127,55790,55953
서울특별시 동대문구,2018,22896,26533,54289,52789,53730,55423
서울특별시 동대문구,2019,22115,25227,55028,51458,52463,54608
서울특별시 동대문구,2020,20788,23647,56331,50175,50630,53262
서울특별시 동대문구,2021,19590,22767,56271,49023,49002,52243
서울특별시 동대문구,2022,18642,22734,56229,48567,48408,51597
서울특별시 동대문구,2023,18302,22607,56872,49462,48695,52540
서울특별시 동대문구,2024,17174,22270,55543,50145,47253,51914
서울특별시 동대문구,2025,17504,22618,55051,53955,47779,52288
서울특별시 동작구,2011,32774,41212,65162,76621,61999,58779
서울특별시 동작구,2012,32942,39915,64439,77164,62900,60017
서울특별시 동작구,2013,32831,38830,64517,77260,64597,61524
서울특별시 동작구,2014,32025,36782,64319,74178,64452,61709
서울특별시 동작구,2015,31342,34494,63113,71143,63573,60339
서울특별시 동작구,2016,30774,33047,63826,69763,63798,60016
서울특별시 동작구,2017,29241,31747,63775,67124,62677,59161
서울특별시 동작구,2018,27883,30460,65335,65942,61304,59291
서울특별시 동작구,2019,26596,29451,66382,64161,60484,59258
서울특별시 동작구,2020,24564,27821,66545,62096,58912,58343
서울특별시 동작구,2021,22992,26967,64882,60826,57207,58073
서울특별시 동작구,2022,21352,26676,64201,59856,55793,57186
서울특별시 동작구,2023,20071,25994,63725,59866,54621,57311
서울특별시 동작구,2024,18625,25190,62110,60801,52671,57102
서울특별시 동작구,2025,17337,24840,59875,61508,51152,56265
서울특별시 마포구,2011,34020,40277,58951,79176,64300,52847
서울특별시 마포구,2012,33104,38692,57345,76018,64803,52998
서울특별시 마포구,2013,31955,37305,56744,73576,65775,53550
서울특별시 마포구,2014,31621,36225,57915,73171,66725,54682
서울특별시 마포구,2015,31587,34744,58681,72731,66902,55201
서울특별시 마포구,2016,30663,32846,57870,70027,66103,53937
서울특별시 마포구,2017,29057,31659,58115,67697,64994,53207
서울특별시 마포구,2018,27746,30948,59561,66963,63669,53898
서울특별시 마포구,2019,26560,29727,60735,65646,62468,54170
서울특별시 마포구,2020,24899,28372,61904,64486,60995,54255
서울특별시 마포구,2021,23661,27705,61353,63597,59819,54962
서울특별시 마포구,2022,21731,27409,60121,62984,58271,55074
서울특별시 마포구,2023,20628,26475,58900,63807,56934,56034
서울특별시 마포구,2024,19399,25945,57211,64467,55557,56204
서울특별시 마포구,2025,18267,25708,54593,64726,54455,55719
서울특별시 서대문구,2011,23728,35638,47154,52961,53420,46519
서울특별시 서대문구,2012,23527,34079,46653,52215,53509,47535
서울특별시 서대문구,2013,23045,32519,46187,50841,53552,48373
서울특별시 서대문구,2014,22006,30563,46545,48201,52810,48830
서울특별시 서대문구,2015,22476,29179,47147,47840,52545,48798
서울특별시 서대문구,2016,22467,28070,47814,47523,52404,49351
서울특별시 서대문구,2017,21803,26874,48152,46246,51377,49467
서울특별시 서대문구,2018,21180,25513,48427,45526,49319,49357
서울특별시 서대문구,2019,20395,24615,48834,44681,48096,49404
서울특별시 서대문구,2020,20175,23622,50356,45109,47487,49367
서울특별시 서대문구,2021,18881,22493,48896,44235,45250,48640
서울특별시 서대문구,2022,18395,22616,48836,44438,45038,48776
서울특별시 서대문구,2023,17523,22123,48432,44907,44253,48893
서울특별시 서대문구,2024,16407,21711,46822,44821,42811,48522
서울특별시 서대문구,2025,15242,21655,44945,44999,42084,47668
서울특별시 서초구,2011,37797,55346,63420,78313,75737,63172
서울특별시 서초구,2012,38856,53715,61545,78006,77142,62834
서울특별시 서초구,2013,40883,52852,60230,78923,79258,63385
서울특별시 서초구,2014,42392,52363,60343,78666,81492,64620
서울특별시 서초구,2015,42159,50436,59466,76749,81327,63601
서울특별시 서초구,2016,41440,49171,59272,74799,82579,63377
서울특별시 서초구,2017,39403,47997,58467,71530,81817,62623
서울특별시 서초구,2018,37467,46932,57288,69032,79877,62233
서울특별시 서초구,2019,36001,45963,56431,66802,78568,62779
서울특별시 서초구,2020,33851,45329,55091,63224,77355,63197
서울특별시 서초구,2021,31699,44477,52009,59545,75078,62579
서울특별시 서초구,2022,29052,44543,50049,56737,73116,63111
서울특별시 서초구,2023,27818,44806,49898,56963,72244,65208
서울특별시 서초구,2024,26634,44789,48973,57116,70881,66402
서울특별시 서초구,2025,26397,45727,48067,57737,71274,68057
서울특별시 성동구,2011,24783,31836,44536,55671,51833,44909
서울특별시 성동구,2012,24364,30297,43805,55222,51463,45836
서울특별시 성동구,2013,24133,28878,43540,54086,51695,46904
서울특별시 성동구,2014,23378,27196,43436,51812,51042,47411
서울특별시 성동구,2015,23518,25795,43672,51194,50282,47842
서울특별시 성동구,2016,23593,24490,44196,51486,50163,48071
서울특별시 성동구,2017,23437,23854,45940,52396,50183,48614
서울특별시 성동구,2018,23077,22969,46897,53359,49231,49449
서울특별시 성동구,2019,21983,21435,45985,50964,47169,48446
서울특별시 성동구,2020,20449,19815,45043,48905,45020,47248
서울특별시 성동구,2021,19222,18903,43463,46815,43346,46154
서울특별시 성동구,2022,18235,18507,42138,45670,42239,44911
서울특별시 성동구,2023,16893,17851,40979,45664,40926,44449
서울특별시 성동구,2024,15974,17331,38953,46424,39754,43452
서울특별시 성동구,2025,15681,17165,37856,48293,39573,42695
서울특별시 성북구,2011,42850,52987,71024,86678,80986,71589
서울특별시 성북구,2012,41720,51044,69273,83524,81678,72244
서울특별시 성북구,2013,40294,49242,67581,79726,82420,72583
서울특별시 성북구,2014,38257,46985,66278,74619,81624,72045
서울특별시 성북구,2015,37292,44817,65412,70999,80227,70884
서울특별시 성북구,2016,35453,43041,64375,67183,78758,69510
서울특별시 성북구,2017,33599,41755,63881,64447,76956,68590
서울특별시 성북구,2018,31323,40086,63590,62008,73259,68347
서울특별시 성북구,2019,30994,39102,66270,62041,72541,69841
서울특별시 성북구,2020,28822,37145,66972,59843,69839,69381
서울특별시 성북구,2021,27326,35986,65580,58415,67446,69280
서울특별시 성북구,2022,25880,36162,65412,57646,65992,70266
서울특별시 성북구,2023,24097,35002,64693,56113,63436,70949
서울특별시 성북구,2024,22495,33973,63499,55832,60897,70765
서울특별시 성북구,2025,21457,33816,62619,56948,59783,70663
서울특별시 송파구,2011,59357,87006,103979,122367,117696,105624
서울특별시 송파구,2012,58613,82563,99589,120455,116056,105211
서울특별시 송파구,2013,58031,78841,96202,119074,115954,105258
서울특별시 송파구,2014,57462,75132,94820,116567,115438,105227
서울특별시 송파구,2015,56779,70908,93616,114278,113482,104466
서울특별시 송파구,2016,55694,67123,92874,113369,112606,103708
서울특별시 송파구,2017,55365,65479,94047,114303,112352,103096
서울특별시 송파구,2018,53769,63324,94854,114426,109965,103577
서울특별시 송파구,2019,53634,61673,96009,114527,110651,104449
서울특별시 송파구,2020,50744,59068,94119,110590,109299,102566
서울특별시 송파구,2021,48373,57635,90422,106630,107209,101614
서울특별시 송파구,2022,46120,58352,87405,105496,107647,101751
서울특별시 송파구,2023,43314,57453,84619,104789,106463,101034
서울특별시 송파구,2024,41140,56850,81042,105894,104729,100004
서울특별시 송파구,2025,39189,56919,76161,105907,103747,97982
서울특별시 양천구,2011,41898,77497,68204,76237,97484,76697
서울특별시 양천구,2012,40863,73988,66687,74319,95891,78375
서울특별시 양천구,2013,39883,70595,65747,72859,94519,79895
서울특별시 양천구,2014,38765,66656,65285,70290,92141,80596
서울특별시 양천구,2015,39013,63344,65341,69223,90418,80215
서울특별시 양천구,2016,38397,59881,64116,67387,88277,79071
서울특별시 양천구,2017,36786,57338,63191,64917,85812,78411
서울특별시 양천구,2018,34792,55101,61953,62817,82682,77941
서울특별시 양천구,2019,33156,52583,60964,59835,80660,77424
서울특별시 양천구,2020,31552,50872,59774,57820,78993,76495
서울특별시 양천구,2021,29534,49472,57388,55657,76508,76170
서울특별시 양천구,2022,27055,48741,54824,54168,74148,75298
서울특별시 양천구,2023,25379,47734,52524,53072,72533,74823
서울특별시 양천구,2024,23903,46832,49788,52579,70646,73856
서울특별시 양천구,2025,22589,46288,46798,51738,69380,72020
서울특별시 영등포구,2011,33579,40215,57060,75754,65474,61350
서울특별시 영등포구,2012,32442,37709,55536,73471,64550,61099
서울특별시 영등포구,2013,31283,35457,54848,71465,64051,61130
서울특별시 영등포구,2014,29958,33377,55011,69305,62917,61097
서울특별시 영등포구,2015,29502,31029,54712,68215,61493,60002
서울특별시 영등포구,2016,28442,29116,53949,66187,59720,58350
서울특별시 영등포구,2017,27376,27633,54346,65512,58709,57455
서울특별시 영등포구,2018,26289,26126,55544,66210,56635,56851
서울특별시 영등포구,2019,25447,24859,56655,65986,55524,56168
서울특별시 영등포구,2020,25836,24278,59076,69245,56438,56931
서울특별시 영등포구,2021,24756,23640,58693,69403,55441,56262
서울특별시 영등포구,2022,23550,23582,57689,69666,55102,55545
서울특별시 영등포구,2023,22177,22953,57013,70894,53987,55375
서울특별시 영등포구,2024,20788,22564,55378,72883,52833,54746
서울특별시 영등포구,2025,19733,22319,52748,74165,52167,53808
서울특별시 용산구,2011,19116,24189,34377,46388,41965,36556
서울특별시 용산구,2012,18797,23057,33008,44509,41996,36705
서울특별시 용산구,2013,18251,22120,31774,42705,41886,36969
서울특별시 용산구,2014,17361,20949,31490,40729,41176,37012
서울특별시 용산구,2015,16967,19844,31451,39187,40283,36760
서울특별시 용산구,2016,16343,18815,31289,38159,39497,35996
서울특별시 용산구,2017,15310,18008,31993,38016,38441,35846
서울특별시 용산구,2018,14706,17149,32515,38285,37130,36247
서울특별시 용산구,2019,14132,16391,32837,38033,36159,36459
서울특별시 용산구,2020,13496,15609,33485,38069,35698,37070
서울특별시 용산구,2021,12653,14692,32778,37719,33781,36122
서울특별시 용산구,2022,11973,14241,31803,38047,32512,35260
서울특별시 용산구,2023,11089,13620,30103,37410,31288,34317
서울특별시 용산구,2024,10250,12916,27775,36786,29357,32657
서울특별시 용산구,2025,9820,12621,26573,37242,29059,31845
서울특별시 은평구,2011,41959,58019,66065,87165,83581,74952
서울특별시 은평구,2012,42799,56470,65794,87524,85092,76916
서울특별시 은평구,2013,41968,54614,65320,85781,86489,78753
서울특별시 은평구,2014,40171,52005,65053,81982,86118,79000
서울특별시 은평구,2015,39466,49456,65211,80013,85631,78965
서울특별시 은평구,2016,37685,46957,64921,76274,84489,78187
서울특별시 은평구,2017,35436,44918,65207,73213,83208,77630
서울특별시 은평구,2018,33399,42905,65317,71862,80095,77972
서울특별시 은평구,2019,31683,40707,65924,69727,78223,77441
서울특별시 은평구,2020,29704,38676,67058,68502,76628,77274
서울특별시 은평구,2021,27655,37208,65282,67027,74103,77244
서울특별시 은평구,2022,25773,36471,63027,65943,71937,76668
서울특별시 은평구,2023,24274,35539,61795,66353,70241,77837
서울특별시 은평구,2024,22056,34299,59286,66321,67227,77598
서울특별시 은평구,2025,20384,33611,55923,66656,64706,76614
서울특별시 종로구,2011,10694,19018,25300,26120,29558,26195
서울특별시 종로구,2012,10317,17812,24406,25047,28875,26265
서울특별시 종로구,2013,9770,16583,23445,23589,28156,26013
서울특별시 종로구,2014,9331,15626,23321,22416,27206,25942
서울특별시 종로구,2015,9256,14547,23272,21826,26288,25567
서울특별시 종로구,2016,9039,13546,23270,21063,25422,25323
서울특별시 종로구,2017,9003,12978,23907,21433,25072,25857
서울특별시 종로구,2018,8588,12383,23765,21231,23849,25744
서울특별시 종로구,2019,8211,11748,23572,20376,23077,25714
서울특별시 종로구,2020,7527,11013,23416,19943,22231,25459
서울특별시 종로구,2021,6984,10381,22802,19470,20969,24957
서울특별시 종로구,2022,6403,10087,22284,19342,19944,24216
서울특별시 종로구,2023,5919,9739,21496,19322,19194,23915
서울특별시 종로구,2024,5511,9378,20963,19754,18487,23376
서울특별시 종로구,2025,5090,9193,20206,19869,18245,22755
서울특별시 중구,2011,9331,12550,18865,23167,22528,21551
서울특별시 중구,2012,9400,11581,18851,23177,22249,21916
서울특별시 중구,2013,8930,10741,18237,22207,21693,22004
서울특별시 중구,2014,8456,9902,17977,21110,21158,21989
서울특별시 중구,2015,8179,9105,17668,20607,20436,21476
서울특별시 중구,2016,8117,8533,17745,20439,20094,21115
서울특별시 중구,2017,7927,8129,18102,20395,19801,21022
서울특별시 중구,2018,7597,7693,18267,20770,18968,21024
서울특별시 중구,2019,7389,7308,18473,20662,18491,20956
서울특별시 중구,2020,6836,6773,18586,20107,18011,20702
서울특별시 중구,2021,6299,6474,18309,19886,17379,20043
서울특별시 중구,2022,5964,6322,17619,19861,16768,19396
서울특별시 중구,2023,5630,6156,17537,20864,16769,19068
서울특별시 중구,2024,5316,5883,16777,21596,16416,18580
서울특별시 중구,2025,4977,5804,15716,21222,16098,17798
서울특별시 중랑구,2011,31906,48822,62958,71330,73711,69754
서울특별시 중랑구,2012,31139,45494,60860,69958,72035,70963
서울특별시 중랑구,2013,30406,42812,59707,68438,71488,72170
서울특별시 중랑구,2014,30647,40155,60013,67991,70549,73444
서울특별시 중랑구,2015,30010,37183,58824,66193,68323,73072
서울특별시 중랑구,2016,29145,34792,58560,64909,66466,72772
서울특별시 중랑구,2017,28018,32554,58319,63448,64652,72314
서울특별시 중랑구,2018,26293,30589,57490,62177,61536,72008
서울특별시 중랑구,2019,24712,28532,56251,59522,59315,70861
서울특별시 중랑구,2020,23064,26759,56112,58124,57883,69528
서울특별시 중랑구,2021,21285,25432,54128,57025,55710,67518
서울특별시 중랑구,2022,20342,24843,52278,57722,54716,65756
서울특별시 중랑구,2023,19114,23960,50042,57817,53139,64730
서울특별시 중랑구,2024,17793,23268,47546,58262,51810,63359
서울특별시 중랑구,2025,16636,23083,44939,58837,50816,61690
세종특별자치시 (3600000000),2011,27182,25514,23134,37310,39315,28775
세종특별자치시 (3600000000),2012,12032,12727,12827,18312,17793,16520
세종특별자치시 (3600000000),2013,13360,13540,13884,19594,20109,17753
세종특별자치시 (3600000000),2014,19524,17155,17532,27648,26757,20781
세종특별자치시 (3600000000),2015,29825,23398,23043,40025,37370,25872
세종특별자치시 (3600000000),2016,34911,27125,26523,45951,44188,29440
세종특별자치시 (3600000000),2017,40172,32063,30266,52407,52120,33671
세종특별자치시 (3600000000),2018,44452,36695,34031,58381,58247,38373
세종특별자치시 (3600000000),2019,47249,40037,36340,61464,64472,42480
세종특별자치시 (3600000000),2020,47283,42677,37453,61492,68831,45205
세종특별자치시 (3600000000),2021,47063,45794,38510,61719,72764,48876
세종특별자치시 (3600000000),2022,45951,49002,38379,61083,76504,51667
세종특별자치시 (3600000000),2023,43541,50736,37810,59340,77183,54433
세종특별자치시 (3600000000),2024,41351,52539,37080,58822,77093,57130
세종특별자치시 (3600000000),2025,38680,54143,36463,57808,76443,59127
세종특별자치시 (3611000000),2011,27182,25514,23134,37310,39315,28775
세종특별자치시 (3611000000),2012,12032,12727,12827,18312,17793,16520
세종특별자치시 (3611000000),2013,13360,13540,13884,19594,20109,17753
세종특별자치시 (3611000000),2014,19524,17155,17532,27648,26757,20781
세종특별자치시 (3611000000),2015,29825,23398,23043,40025,37370,25872
세종특별자치시 (3611000000),2016,34911,27125,26523,45951,44188,29440
세종특별자치시 (3611000000),2017,40172,32063,30266,52407,52120,33671
세종특별자치시 (3611000000),2018,44452,36695,34031,58381,58247,38373
세종특별자치시 (3611000000),2019,47249,40037,36340,61464,64472,42480
세종특별자치시 (3611000000),2020,47283,42677,37453,61492,68831,45205
세종특별자치시 (3611000000),2021,47063,45794,38510,61719,72764,48876
세종특별자치시 (3611000000),2022,45951,49002,38379,61083,76504,51667
세종특별자치시 (3611000000),2023,43541,50736,37810,59340,77183,54433
세종특별자치시 (3611000000),2024,41351,52539,37080,58822,77093,57130
세종특별자치시 (3611000000),2025,38680,54143,36463,57808,76443,59127
울산광역시 (3100000000),2011,112420,169565,151519,185666,218681,172750
울산광역시 (3100000000),2012,113647,162510,151782,186229,217101,182143
울산광역시 (3100000000),2013,113736,155655,153164,184933,217577,189014
울산광역시 (3100000000),2014,114860,148060,156137,182664,216238,196210
울산광역시 (3100000000),2015,116241,139958,158615,180833,211988,201390
울산광역시 (3100000000),2016,115921,132712,158704,177144,206835,205095
울산광역시 (3100000000),2017,112441,126894,156966,171065,201695,207642
울산광역시 (3100000000),2018,108363,121540,153359,166208,194425,210492
울산광역시 (3100000000),2019,104371,116733,149137,159743,190771,211359
울산광역시 (3100000000),2020,98506,112420,144569,151705,187808,209521
울산광역시 (3100000000),2021,92018,109990,137422,144891,183954,207056
울산광역시 (3100000000),2022,85061,110202,129209,139635,181630,204688
울산광역시 (3100000000),2023,79086,109462,122522,136909,178114,204814
울산광역시 (3100000000),2024,73097,109370,117157,136293,173188,202978
울산광역시 (3100000000),2025,67470,109694,110774,136897,169091,198246
울산광역시 남구,2011,30369,53937,47785,53734,69246,53821
울산광역시 남구,2012,30555,51616,48108,53710,68554,56880
울산광역시 남구,2013,30263,49267,48880,52901,68726,58933
울산광역시 남구,2014,29754,46287,49447,51504,67235,60528
울산광역시 남구,2015,29288,42935,49489,49817,64568,61220
울산광역시 남구,2016,28942,40046,49859,48614,62089,61966
울산광역시 남구,2017,27540,37331,49388,46579,59346,62423
울산광역시 남구,2018,26347,34800,48656,45414,56056,62960
울산광역시 남구,2019,24869,32456,46972,43411,53279,62517
울산광역시 남구,2020,23877,30560,45747,42180,51653,61818
울산광역시 남구,2021,22540,29145,43368,40846,49604,60666
울산광역시 남구,2022,21253,28756,40791,40621,48353,59535
울산광역시 남구,2023,19890,28168,38462,40437,46788,59088
울산광역시 남구,2024,18624,27848,36688,40668,45243,58002
울산광역시 남구,2025,17660,27941,34457,41867,44616,56157
울산광역시 동구,2011,17693,22618,26738,29629,28718,29760
울산광역시 동구,2012,18629,21480,26588,31504,28045,30590
울산광역시 동구,2013,19399,20584,26196,33020,28044,31168
울산광역시 동구,2014,19359,19319,25469,32483,27617,31027
울산광역시 동구,2015,19338,18209,24636,31918,27109,30581
울산광역시 동구,2016,19672,17496,23478,31767,26844,30136
울산광역시 동구,2017,18713,16903,21741,29854,26421,28950
울산광역시 동구,2018,17605,16372,19956,27743,25976,27924
울산광역시 동구,2019,16188,15858,18579,25139,25685,26844
울산광역시 동구,2020,14889,15611,17725,23042,25990,25702
울산광역시 동구,2021,13711,15654,16724,21336,26172,24775
울산광역시 동구,2022,12349,15848,15851,19658,26573,24141
울산광역시 동구,2023,11511,16072,15456,18929,26984,24339
울산광역시 동구,2024,10174,16340,14957,17955,26541,24390
울산광역시 동구,2025,9104,16432,14296,17163,26084,24229
울산광역시 북구,2011,23191,30124,21909,33510,37793,21363
울산광역시 북구,2012,23277,28852,22341,33171,37540,23412
울산광역시 북구,2013,23083,27701,22963,32652,37513,25405
울산광역시 북구,2014,23424,26368,24202,32374,37327,27450
울산광역시 북구,2015,23695,24929,25275,32121,36477,29420
울산광역시 북구,2016,24221,24087,26207,32327,36111,31468
울산광역시 북구,2017,24669,23617,26918,33017,36163,33467
울산광역시 북구,2018,24903,23477,27473,33841,36114,35780
울산광역시 북구,2019,26241,23860,28353,35484,37945,38154
울산광역시 북구,2020,25296,23659,27769,34264,38590,38708
울산광역시 북구,2021,24039,23783,26213,32810,39009,38898
울산광역시 북구,2022,22491,24475,24706,31523,39540,38913
울산광역시 북구,2023,20365,24718,23481,29927,39323,38893
울산광역시 북구,2024,18995,25184,22517,29687,38727,38844
울산광역시 북구,2025,17182,25562,21429,29482,37841,38113
울산광역시 울주군,2011,22177,28934,23015,34128,38474,28971
울산광역시 울주군,2012,22209,28257,23174,33714,39147,30808
울산광역시 울주군,2013,21741,27490,23316,32377,39632,31951
울산광역시 울주군,2014,21920,27205,24549,31773,40828,34035
울산광역시 울주군,2015,22044,26516,25909,31267,41073,35887
울산광역시 울주군,2016,21265,25571,26131,29658,40575,37156
울산광역시 울주군,2017,20468,24953,26719,28452,40193,38549
울산광역시 울주군,2018,19721,24231,26789,28080,38889,40009
울산광역시 울주군,2019,19040,23378,26674,27304,38249,41280
울산광역시 울주군,2020,17806,22472,26512,25848,37317,41890
울산광역시 울주군,2021,16463,21953,25930,24794,36072,42465
울산광역시 울주군,2022,15105,21829,24775,24082,34997,43058
울산광역시 울주군,2023,13769,21322,23279,23152,33490,43499
울산광역시 울주군,2024,12736,21026,22470,23283,32084,43676
울산광역시 울주군,2025,11868,20857,21506,23781,30848,43212
울산광역시 중구,2011,18990,33952,32072,34665,44450,38835
울산광역시 중구,2012,18977,32305,31571,34130,43815,40453
울산광역시 중구,2013,19250,30613,31809,33983,43662,41557
울산광역시 중구,2014,20403,28881,32470,34530,43231,43170
울산광역시 중구,2015,21876,27369,33306,35710,42761,44282
울산광역시 중구,2016,21821,25512,33029,34778,41216,44369
울산광역시 중구,2017,21051,24090,32200,33163,39572,44253
울산광역시 중구,2018,19787,22660,30485,31130,37390,43819
울산광역시 중구,2019,18033,21181,28559,28405,35613,42564
울산광역시 중구,2020,16638,20118,26816,26371,34258,41403
울산광역시 중구,2021,15265,19455,25187,25105,33097,40252
울산광역시 중구,2022,13863,19294,23086,23751,32167,39041
울산광역시 중구,2023,13551,19182,21844,24464,31529,38995
울산광역시 중구,2024,12568,18972,20525,24700,30593,38066
울산광역시 중구,2025,11656,18902,19086,24604,29702,36535
인천광역시 (2800000000),2011,264688,381516,388487,468166,518975,419005
인천광역시 (2800000000),2012,269487,367246,390178,471091,518286,443456
인천광역시 (2800000000),2013,270008,354189,393569,469574,522922,464821
인천광역시 (2800000000),2014,270156,339868,398391,461260,521070,482300
인천광역시 (2800000000),2015,271758,324530,402113,455898,516105,494119
인천광역시 (2800000000),2016,269510,311493,406622,450143,512174,502587
인천광역시 (2800000000),2017,259925,301563,409811,439665,506584,507101
인천광역시 (2800000000),2018,251301,292324,409794,433669,494723,514229
인천광역시 (2800000000),2019,242400,283251,407608,421189,489961,516594
인천광역시 (2800000000),2020,228634,274162,401546,406146,483977,512167
인천광역시 (2800000000),2021,217384,271131,391051,402091,481066,510969
인천광역시 (2800000000),2022,208942,272740,376526,405262,481848,509651
인천광역시 (2800000000),2023,202329,272079,364103,413085,480780,516033
인천광역시 (2800000000),2024,195196,272576,351396,422100,475593,516583
인천광역시 (2800000000),2025,189273,275968,338166,431527,474182,515390
인천광역시 강화군,2011,3920,6492,6430,6668,9523,12265
인천광역시 강화군,2012,3888,6256,6163,6481,9163,12522
인천광역시 강화군,2013,3757,5965,5972,6208,9169,12644
인천광역시 강화군,2014,3650,5728,6015,6010,8987,12757
인천광역시 강화군,2015,3685,5442,5990,5936,8658,12852
인천광역시 강화군,2016,3687,5267,5964,5760,8562,12730
인천광역시 강화군,2017,3581,5097,6019,5661,8454,12746
인천광역시 강화군,2018,3403,4907,5823,5513,8198,12655
인천광역시 강화군,2019,3332,4787,5610,5507,7982,12366
인천광역시 강화군,2020,3334,4617,5356,5326,7764,11963
인천광역시 강화군,2021,3204,4566,5129,5201,7661,11745
인천광역시 강화군,2022,3006,4505,4926,5094,7486,11370
인천광역시 강화군,2023,2837,4354,4528,4877,7133,11221
인천광역시 강화군,2024,2650,4310,4317,4879,7013,11009
인천광역시 강화군,2025,2538,4245,4144,4861,6923,10725
인천광역시 계양구,2011,32286,51990,50833,56559,68884,50108
인천광역시 계양구,2012,31472,48448,50835,55435,66366,53750
인천광역시 계양구,2013,30874,45557,51676,54730,65483,57370
인천광역시 계양구,2014,29629,42229,51683,52109,63338,59944
인천광역시 계양구,2015,28615,38671,51511,49690,60439,61682
인천광역시 계양구,2016,27307,36013,51271,47687,57978,63037
인천광역시 계양구,2017,25116,33517,50454,45464,55245,63398
인천광역시 계양구,2018,22543,31100,48209,42626,50968,63173
인천광역시 계양구,2019,20553,28698,46080,39838,48086,62231
인천광역시 계양구,2020,18490,26706,44194,37858,45784,60609
인천광역시 계양구,2021,17269,25481,42409,38076,44577,59417
인천광역시 계양구,2022,15628,24303,39332,37187,42552,57148
인천광역시 계양구,2023,13795,22823,36047,35759,39962,55420
인천광역시 계양구,2024,12981,22011,34058,37025,38641,54242
인천광역시 계양구,2025,11886,21366,31632,37223,37407,52552
인천광역시 남구,2011,34497,48793,60258,71178,70195,66349
인천광역시 남구,2012,34206,46014,58330,69489,69170,67390
인천광역시 남구,2013,33375,43667,56641,67648,68944,68632
인천광역시 남구,2014,32721,41379,56156,64891,68203,69310
인천광역시 남구,2015,32104,39042,55586,62608,66983,68960
인천광역시 남구,2016,33558,38005,57750,64268,68356,70469
인천광역시 남구,2017,32780,36521,58685,63521,67986,70334
인천광역시 남구,2018,33404,42003,58101,66400,68674,68698
인천광역시 남구,2019,33404,42003,58101,66400,68674,68698
인천광역시 남구,2020,33404,42003,58101,66400,68674,68698
인천광역시 남동구,2011,50105,67178,69494,86463,91003,72938
인천광역시 남동구,2012,51121,64834,69262,87430,91150,77224
인천광역시 남동구,2013,50568,62697,69152,86264,91973,80305
인천광역시 남동구,2014,50920,60496,70431,85431,92670,83749
인천광역시 남동구,2015,53095,58798,72399,87321,94003,87523
인천광역시 남동구,2016,51920,56284,72511,85207,93016,88624
인천광역시 남동구,2017,50701,55126,73498,83556,93247,90103
인천광역시 남동구,2018,48468,53571,73688,81560,91583,91076
인천광역시 남동구,2019,45640,51916,72411,77084,90279,91308
인천광역시 남동구,2020,41814,49852,71020,72394,88772,90151
인천광역시 남동구,2021,38030,48654,68723,69084,86799,89137
인천광역시 남동구,2022,33849,47872,64553,65145,84228,87478
인천광역시 남동구,2023,29569,46160,60106,61548,80158,86815
인천광역시 남동구,2024,26398,45252,56945,61040,76576,86081
인천광역시 남동구,2025,23616,44437,53994,60729,73012,84538
인천광역시 동구,2011,7189,8390,9556,13735,12215,12497
인천광역시 동구,2012,6954,7887,8942,12968,11986,12412
인천광역시 동구,2013,6669,7430,8478,12361,11896,12326
인천광역시 동구,2014,6377,7125,8183,11701,11808,12231
인천광역시 동구,2015,6187,6810,7798,10973,11610,11944
인천광역시 동구,2016,5893,6396,7590,10367,11392,11531
인천광역시 동구,2017,5471,6075,7363,9778,11179,11105
인천광역시 동구,2018,4790,5662,7078,8675,10569,10745
인천광역시 동구,2019,4344,5383,6851,7696,10343,10435
인천광역시 동구,2020,3742,5029,6640,6863,9993,10171
인천광역시 동구,2021,3473,4905,6381,6750,9698,9953
인천광역시 동구,2022,3086,4742,5960,6470,9159,9511
인천광역시 동구,2023,2865,4618,6049,6554,8982,9886
인천광역시 동구,2024,2580,4390,5761,6333,8527,9824
인천광역시 동구,2025,2308,4176,5256,6147,7925,9591
인천광역시 미추홀구,2016,26781,32678,54892,57941,63870,68364
인천광역시 미추홀구,2017,26781,32678,54892,57941,63870,68364
인천광역시 미추홀구,2018,31469,35070,58649,61769,66127,69958
인천광역시 미추홀구,2019,29269,33207,57456,58082,64693,68528
인천광역시 미추홀구,2020,27193,31658,57331,55697,63407,67187
인천광역시 미추홀구,2021,26104,31520,56905,55834,63525,67377
인천광역시 미추홀구,2022,24687,31524,54451,55193,63138,66908
인천광역시 미추홀구,2023,23469,31226,51874,55320,62429,67640
인천광역시 미추홀구,2024,23488,31767,50477,57244,62589,68291
인천광역시 미추홀구,2025,23167,32315,49101,58650,62595,68730
인천광역시 부평구,2011,50550,76197,80561,93834,103441,85511
인천광역시 부평구,2012,49542,71792,79912,92386,101421,89082
인천광역시 부평구,2013,48130,67665,80046,90632,100090,92122
인천광역시 부평구,2014,47826,63601,80771,89106,97984,94914
인천광역시 부평구,2015,47274,59656,81036,87657,95362,96291
인천광역시 부평구,2016,46005,55748,80611,85169,92572,96724
인천광역시 부평구,2017,43268,52627,79247,81618,89451,95860
인천광역시 부평구,2018,39769,49343,76247,77046,84476,94926
인천광역시 부평구,2019,36587,46370,73541,72530,80985,93365
인천광역시 부평구,2020,32905,43210,70185,67436,77416,90154
인천광역시 부평구,2021,30404,41454,67235,66031,74842,87957
인천광역시 부평구,2022,29012,40637,64829,68489,73848,87016
인천광역시 부평구,2023,28681,39532,62183,71704,73334,87268
인천광역시 부평구,2024,27516,38784,58568,73021,71987,85916
인천광역시 부평구,2025,26208,38181,54797,74027,70581,83649
인천광역시 서구,2011,49062,64674,56267,77547,85781,58869
인천광역시 서구,2012,53697,65799,60894,83285,90699,66518
인천광역시 서구,2013,55709,65429,63606,85880,94262,72121
인천광역시 서구,2014,55836,63863,65393,84739,95187,76536
인천광역시 서구,2015,55751,61736,66550,83675,94952,79703
인천광역시 서구,2016,55283,60103,67800,82753,95036,82529
인천광역시 서구,2017,53352,58988,69497,80744,95109,85216
인천광역시 서구,2018,54477,59074,72864,84875,96044,90625
인천광역시 서구,2019,53304,57908,73406,83100,96227,93072
인천광역시 서구,2020,49907,56627,72603,79439,95351,93412
인천광역시 서구,2021,49272,57186,72140,80789,97411,95472
인천광역시 서구,2022,52209,60381,72468,88133,103647,99109
인천광역시 서구,2023,54783,62974,73193,96498,109597,104249
인천광역시 서구,2024,53476,64059,71259,98035,110004,105518
인천광역시 서구,2025,53555,66877,69854,101959,113276,107294
인천광역시 서구검단출장소,2016,0,0,0,0,0,0
인천광역시 서구검단출장소,2017,0,0,0,0,0,0
인천광역시 서구검단출장소,2018,0,0,0,0,0,0
인천광역시 서구검단출장소,2019,0,0,0,0,0,0
인천광역시 서구검단출장소,2020,0,0,0,0,0,0
인천광역시 서구검단출장소,2021,0,0,0,0,0,0
인천광역시 서구검단출장소,2022,0,0,0,0,0,0
인천광역시 서구검단출장소,2023,0,0,0,0,0,0
인천광역시 서구검단출장소,2024,0,0,0,0,0,0
인천광역시 서구검단출장소,2025,0,0,0,0,0,0
인천광역시 연수구,2011,26990,46161,41724,43086,58867,42161
인천광역시 연수구,2012,27796,44437,42342,43668,58274,45281
인천광역시 연수구,2013,28857,43259,43617,44170,58975,48588
인천광역시 연수구,2014,30611,42646,45005,45537,59831,51659
인천광역시 연수구,2015,32110,41614,45942,46355,60612,53924
인천광역시 연수구,2016,33282,41011,47394,47915,61498,55539
인천광역시 연수구,2017,33558,40737,48050,48552,61756,56773
인천광역시 연수구,2018,34448,40768,48573,50732,62458,58980
인천광역시 연수구,2019,36242,41567,50882,54492,65025,61986
인천광역시 연수구,2020,38415,42712,52362,57935,68485,64469
인천광역시 연수구,2021,37087,43121,50625,56494,69025,65224
인천광역시 연수구,2022,34575,43672,47982,53815,68501,64825
인천광역시 연수구,2023,33651,44791,47160,54305,69365,66044
인천광역시 연수구,2024,33042,45974,46489,55730,69703,67084
인천광역시 연수구,2025,32670,47542,45387,57046,71050,68177
인천광역시 옹진군,2011,1445,1464,2423,2552,2948,3607
인천광역시 옹진군,2012,1392,1419,2586,2535,2966,3814
인천광역시 옹진군,2013,1315,1437,2723,2582,3043,4090
인천광역시 옹진군,2014,1267,1392,2830,2466,2938,4116
인천광역시 옹진군,2015,1268,1339,2937,2339,2834,4150
인천광역시 옹진군,2016,1242,1357,2939,2407,2777,4168
인천광역시 옹진군,2017,1228,1339,2953,2405,2711,4093
인천광역시 옹진군,2018,1133,1235,2857,2231,2560,3936
인천광역시 옹진군,2019,1024,1175,2750,2032,2505,3742
인천광역시 옹진군,2020,939,1102,2722,1889,2409,3605
인천광역시 옹진군,2021,880,1097,2564,1841,2294,3457
인천광역시 옹진군,2022,812,1091,2594,1847,2265,3377
인천광역시 옹진군,2023,698,1010,2468,1760,2173,3296
인천광역시 옹진군,2024,596,929,2328,1681,2061,3193
인천광역시 옹진군,2025,526,872,2183,1642,1904,3095
인천광역시 중구,2011,8644,10177,10941,16544,16118,14700
인천광역시 중구,2012,9419,10360,10912,17414,17091,15463
인천광역시 중구,2013,10754,11083,11658,19099,19087,16623
인천광역시 중구,2014,11319,11409,11924,19270,20124,17084
인천광역시 중구,2015,11669,11422,12364,19344,20652,17090
인천광역시 중구,2016,11333,11309,12792,18610,20987,17236
인천광역시 중구,2017,10870,11536,14045,18366,21446,17473
인천광역시 중구,2018,10801,11594,15806,18642,21740,18155
인천광역시 중구,2019,12105,12240,18621,20828,23836,19561
인천광역시 중구,2020,11895,12649,19133,21309,24596,20446
인천광역시 중구,2021,11661,13147,18940,21991,25234,21230
인천광역시 중구,2022,12078,14013,19431,23889,27024,22909
인천광역시 중구,2023,11981,14591,20495,24760,27647,24194
인천광역시 중구,2024,12469,15100,21194,27112,28492,25425
인천광역시 중구,2025,12799,15957,21818,29243,29509,27039
인천광역시 중구영종출장소,2016,0,0,0,0,0,0
인천광역시 중구영종출장소,2017,0,0,0,0,0,0
인천광역시 중구영종출장소,2018,0,0,0,0,0,0
인천광역시 중구영종출장소,2019,0,0,0,0,0,0
인천광역시 중구영종출장소,2020,0,0,0,0,0,0
인천광역시 중구영종출장소,2021,0,0,0,0,0,0
인천광역시 중구영종출장소,2022,0,0,0,0,0,0
인천광역시 중구영종출장소,2023,0,0,0,0,0,0
인천광역시 중구영종출장소,2024,0,0,0,0,0,0
인천광역시 중구영종출장소,2025,0,0,0,0,0,0
인천광역시 중구용유출장소,2016,0,0,0,0,0,0
인천광역시 중구용유출장소,2017,0,0,0,0,0,0
인천광역시 중구용유출장소,2018,0,0,0,0,0,0
인천광역시 중구용유출장소,2019,0,0,0,0,0,0
인천광역시 중구용유출장소,2020,0,0,0,0,0,0
인천광역시 중구용유출장소,2021,0,0,0,0,0,0
인천광역시 중구용유출장소,2022,0,0,0,0,0,0
인천광역시 중구용유출장소,2023,0,0,0,0,0,0
인천광역시 중구용유출장소,2024,0,0,0,0,0,0
인천광역시 중구용유출장소,2025,0,0,0,0,0,0
전라남도 (4600000000),2011,163188,247484,211125,245852,299581,279550
전라남도 (4600000000),2012,161500,238709,205972,241312,298248,286528
전라남도 (4600000000),2013,159089,230502,203211,235164,297576,297793
전라남도 (4600000000),2014,157224,220929,204149,228077,296355,304092
전라남도 (4600000000),2015,158142,209957,206551,224820,291730,308904
전라남도 (4600000000),2016,156736,199894,206423,219492,286240,314488
전라남도 (4600000000),2017,151229,191645,207412,212235,281291,316532
전라남도 (4600000000),2018,145246,183499,206817,204928,271461,319904
전라남도 (4600000000),2019,139429,175262,204910,195424,266036,318048
전라남도 (4600000000),2020,132202,167308,200709,186064,259749,313679
전라남도 (4600000000),2021,123712,163148,193735,178428,252254,312463
전라남도 (4600000000),2022,114889,161566,185970,172262,247532,311348
전라남도 (4600000000),2023,107726,158933,178152,169502,240813,310282
전라남도 (4600000000),2024,101368,156438,169229,169144,232746,308317
전라남도 (4600000000),2025,95608,155722,159467,170351,227279,303160
전라남도 강진군,2011,3328,4532,4126,4198,5252,6119
전라남도 강진군,2012,3050,4134,3765,3903,5042,6198
전라남도 강진군,2013,2942,3966,3722,3858,5039,6356
전라남도 강진군,2014,2861,3799,3819,3736,4972,6432
전라남도 강진군,2015,2662,3512,3622,3447,4708,6478
전라남도 강진군,2016,2543,3243,3382,3248,4503,6400
전라남도 강진군,2017,2248,3026,3335,2977,4377,6278
전라남도 강진군,2018,2070,2864,3161,2878,4140,6137
전라남도 강진군,2019,1949,2677,2978,2677,3909,5887
전라남도 강진군,2020,1775,2520,2865,2461,3773,5649
전라남도 강진군,2021,1531,2404,2705,2237,3546,5512
전라남도 강진군,2022,1431,2337,2527,2152,3357,5398
전라남도 강진군,2023,1380,2256,2360,2133,3236,5265
전라남도 강진군,2024,1378,2168,2244,2125,3065,5133
전라남도 강진군,2025,1373,2099,2136,2138,2960,4951
전라남도 고흥군,2011,3912,6576,5937,6013,8653,11624
전라남도 고흥군,2012,3693,6303,5578,5799,8366,11637
전라남도 고흥군,2013,3536,6009,5371,5497,8182,11760
전라남도 고흥군,2014,3333,5650,5263,5142,8055,11621
전라남도 고흥군,2015,3164,5362,5174,4906,7707,11437
전라남도 고흥군,2016,3061,5012,4980,4602,7521,11417
전라남도 고흥군,2017,2920,4785,4837,4430,7269,11230
전라남도 고흥군,2018,2783,4439,4696,4251,6890,11069
전라남도 고흥군,2019,2678,4155,4528,3951,6612,10683
전라남도 고흥군,2020,2619,3860,4172,3683,6341,10204
전라남도 고흥군,2021,2413,3671,3855,3407,5974,9920
전라남도 고흥군,2022,2202,3529,3656,3228,5719,9697
전라남도 고흥군,2023,2052,3391,3491,3162,5444,9517
전라남도 고흥군,2024,1935,3256,3256,3113,5121,9384
전라남도 고흥군,2025,1806,3123,3089,3059,4962,9021
전라남도 곡성군,2011,1950,3158,2783,3043,4230,4652
전라남도 곡성군,2012,1815,2992,2672,2832,4171,4733
전라남도 곡성군,2013,1751,3084,2744,2726,4150,4861
전라남도 곡성군,2014,1686,2853,2757,2481,4062,5028
전라남도 곡성군,2015,1633,2683,2796,2432,3984,5104
전라남도 곡성군,2016,1569,2530,2767,2314,3857,5254
전라남도 곡성군,2017,1476,2385,2778,2217,3738,5206
전라남도 곡성군,2018,1369,2277,2736,2047,3482,5210
전라남도 곡성군,2019,1220,2143,2630,1851,3244,5057
전라남도 곡성군,2020,1085,1928,2387,1718,3025,4897
전라남도 곡성군,2021,964,1859,2173,1619,2886,4753
전라남도 곡성군,2022,843,1719,2115,1551,2696,4636
전라남도 곡성군,2023,786,1644,2029,1539,2588,4630
전라남도 곡성군,2024,755,1568,1822,1606,2431,4526
전라남도 곡성군,2025,758,1596,1839,1746,2403,4617
전라남도 광양시,2011,16311,24873,18693,22988,29207,19227
전라남도 광양시,2012,16373,23874,18370,22692,29103,20362
전라남도 광양시,2013,16383,22903,18351,22355,29204,21722
전라남도 광양시,2014,16239,21743,18919,21780,28937,22648
전라남도 광양시,2015,16309,20575,19647,21566,28481,23867
전라남도 광양시,2016,16141,19787,20543,21434,27852,25462
전라남도 광양시,2017,15545,18755,21302,20798,26901,26822
전라남도 광양시,2018,14931,17998,21764,20359,25835,28383
전라남도 광양시,2019,14410,17259,21644,19768,25236,29444
전라남도 광양시,2020,13388,16046,20204,18537,23894,29079
전라남도 광양시,2021,12656,15648,19258,18061,23102,29443
전라남도 광양시,2022,12024,15719,18969,18102,23072,29898
전라남도 광양시,2023,11427,15663,17976,18305,22862,30143
전라남도 광양시,2024,11180,15761,17233,19399,22666,30332
전라남도 광양시,2025,10816,15862,16061,19902,22534,29765
전라남도 구례군,2011,1825,2814,2481,2744,3827,4228
전라남도 구례군,2012,1736,2681,2343,2595,3757,4302
전라남도 구례군,2013,1708,2631,2260,2483,3832,4430
전라남도 구례군,2014,1679,2487,2316,2422,3830,4524
전라남도 구례군,2015,1685,2404,2331,2406,3717,4649
전라남도 구례군,2016,1612,2302,2373,2329,3703,4792
전라남도 구례군,2017,1511,2282,2386,2203,3657,4938
전라남도 구례군,2018,1355,2157,2328,2063,3489,4928
전라남도 구례군,2019,1252,2032,2237,1906,3200,4821
전라남도 구례군,2020,1141,1858,1985,1686,2926,4624
전라남도 구례군,2021,1024,1774,1882,1506,2707,4555
전라남도 구례군,2022,935,1693,1714,1353,2564,4414
전라남도 구례군,2023,832,1608,1600,1339,2388,4411
전라남도 구례군,2024,768,1572,1545,1280,2241,4319
전라남도 구례군,2025,708,1525,1495,1266,2163,4102
전라남도 나주시,2011,5831,9132,9213,10061,12704,14143
전라남도 나주시,2012,5891,8764,9101,10047,12489,14380
전라남도 나주시,2013,5894,8406,8976,9872,12290,14771
전라남도 나주시,2014,6473,8145,9353,10624,12725,15126
전라남도 나주시,2015,7892,8353,10521,12496,13733,15882
전라남도 나주시,2016,9345,8672,11044,13925,14452,16529
전라남도 나주시,2017,10209,9003,11944,14978,15411,16955
전라남도 나주시,2018,10530,9175,12429,15396,15828,17613
전라남도 나주시,2019,10328,9385,12356,14916,16296,17380
전라남도 나주시,2020,10133,9389,12414,14591,16461,17256
전라남도 나주시,2021,9845,9643,12211,14425,16746,17408
전라남도 나주시,2022,9221,9879,11613,14003,16935,17497
전라남도 나주시,2023,8994,10111,11390,14165,17039,17538
전라남도 나주시,2024,8682,10256,10619,14163,16669,17517
전라남도 나주시,2025,8480,10491,10082,14525,16607,17407
전라남도 담양군,2011,2763,4652,5248,5097,6772,7862
전라남도 담양군,2012,2861,4404,5157,4943,6670,7924
전라남도 담양군,2013,2814,4155,4898,4851,6527,8197
전라남도 담양군,2014,2787,4004,4763,4547,6470,8319
전라남도 담양군,2015,2753,3743,4780,4396,6301,8349
전라남도 담양군,2016,2766,3605,4828,4382,6209,8440
전라남도 담양군,2017,2724,3412,4875,4242,6109,8423
전라남도 담양군,2018,2579,3254,4865,4031,5785,8488
전라남도 담양군,2019,2416,3126,5077,3857,5489,8261
전라남도 담양군,2020,2345,3029,4834,3644,5187,8146
전라남도 담양군,2021,2177,2985,4543,3534,5118,8192
전라남도 담양군,2022,2038,2952,4196,3404,4913,8116
전라남도 담양군,2023,1973,2912,3831,3355,4763,7977
전라남도 담양군,2024,1772,2913,3455,3241,4486,7835
전라남도 담양군,2025,1655,2845,3201,3185,4327,7537
전라남도 목포시,2011,26134,36364,31016,40205,39961,33453
전라남도 목포시,2012,25912,35363,30036,39569,40553,34209
전라남도 목포시,2013,24542,34064,28627,37424,40529,35212
전라남도 목포시,2014,23900,32614,28215,35945,40589,35844
전라남도 목포시,2015,23878,31103,28012,34901,40266,36336
전라남도 목포시,2016,23582,29739,28040,33788,39988,36938
전라남도 목포시,2017,22377,28315,27972,31896,39353,36698
전라남도 목포시,2018,21375,27223,27972,30321,38711,36887
전라남도 목포시,2019,20305,25895,27798,28360,38462,36838
전라남도 목포시,2020,18295,24511,27134,25751,37381,36297
전라남도 목포시,2021,16347,23802,26198,23618,36047,35988
전라남도 목포시,2022,14842,23804,25440,22543,35604,36520
전라남도 목포시,2023,13517,23295,24374,21564,34520,36966
전라남도 목포시,2024,11952,22590,23113,20577,33110,37122
전라남도 목포시,2025,10262,21434,21102,19524,30832,36195
전라남도 무안군,2011,7034,9362,7739,10241,11626,10698
전라남도 무안군,2012,7046,9203,7375,10080,11668,11005
전라남도 무안군,2013,7971,9492,7392,10992,12261,11513
전라남도 무안군,2014,8336,9655,7573,11274,12874,11885
전라남도 무안군,2015,8435,9476,7686,11165,12880,12005
전라남도 무안군,2016,8298,9233,7698,10854,12850,12199
전라남도 무안군,2017,8057,9186,7936,10713,13054,12421
전라남도 무안군,2018,7631,8972,8172,9914,12726,12556
전라남도 무안군,2019,7234,8799,8129,9397,12537,12491
전라남도 무안군,2020,7795,9241,8828,10269,13519,12872
전라남도 무안군,2021,8171,9699,9488,11153,14514,13513
전라남도 무안군,2022,7561,9984,9229,10598,14548,13511
전라남도 무안군,2023,7105,10066,9201,10118,14446,13625
전라남도 무안군,2024,7183,10470,9248,10722,14680,14046
전라남도 무안군,2025,7335,10936,9293,11334,15208,14303
전라남도 보성군,2011,3256,4483,4377,4546,5993,7251
전라남도 보성군,2012,3180,4248,4050,4352,5816,7223
전라남도 보성군,2013,2995,4071,3899,4164,5674,7344
전라남도 보성군,2014,2875,3856,3823,3916,5565,7405
전라남도 보성군,2015,2782,3617,3770,3779,5333,7451
전라남도 보성군,2016,2614,3380,3579,3611,5104,7418
전라남도 보성군,2017,2411,3212,3493,3311,5027,7293
전라남도 보성군,2018,2175,3001,3420,3117,4702,7225
전라남도 보성군,2019,1939,2772,3162,2777,4418,6919
전라남도 보성군,2020,1759,2604,2988,2539,4158,6676
전라남도 보성군,2021,1517,2481,2741,2303,3894,6510
전라남도 보성군,2022,1340,2403,2499,2101,3709,6335
전라남도 보성군,2023,1253,2289,2356,2051,3436,6118
전라남도 보성군,2024,1187,2224,2203,1986,3253,5959
전라남도 보성군,2025,1124,2189,2161,1987,3179,5764
전라남도 순천시,2011,25987,44868,33766,38027,48766,36987
전라남도 순천시,2012,25747,43405,34127,37367,48947,38925
전라남도 순천시,2013,25616,41818,34765,36487,49077,41376
전라남도 순천시,2014,25574,40110,35370,35730,48968,43075
전라남도 순천시,2015,25931,37781,36133,35459,48272,44602
전라남도 순천시,2016,25708,35731,36401,34827,47242,46070
전라남도 순천시,2017,25179,34110,36906,34240,46462,47148
전라남도 순천시,2018,24706,32674,36992,34038,44544,48513
전라남도 순천시,2019,24238,31298,36845,33474,43730,48898
전라남도 순천시,2020,23528,30268,37553,33117,43454,49124
전라남도 순천시,2021,22538,29444,36739,32763,42487,49217
전라남도 순천시,2022,21235,29014,34962,31938,41530,49108
전라남도 순천시,2023,20198,28668,33557,32076,40476,49124
전라남도 순천시,2024,19104,28095,31829,32177,39386,48788
전라남도 순천시,2025,18026,28086,30025,32673,38613,48028
전라남도 신안군,2011,2125,3627,4336,4178,5976,7644
전라남도 신안군,2012,2147,3462,4089,4088,5783,7648
전라남도 신안군,2013,2139,3306,4045,4070,5806,7953
전라남도 신안군,2014,2099,3103,3947,3911,5721,7937
전라남도 신안군,2015,2069,2842,3934,3703,5544,7922
전라남도 신안군,2016,2019,2626,3830,3618,5255,7866
전라남도 신안군,2017,1972,2468,3620,3418,5097,7768
전라남도 신안군,2018,1856,2339,3424,3259,4863,7592
전라남도 신안군,2019,1733,2185,3152,3051,4570,7361
전라남도 신안군,2020,1560,2040,2779,2682,4324,7042
전라남도 신안군,2021,1412,1957,2538,2469,4102,6903
전라남도 신안군,2022,1325,1921,2398,2308,3997,6768
전라남도 신안군,2023,1304,1935,2386,2287,3941,6745
전라남도 신안군,2024,1237,2054,2397,2208,3874,6672
전라남도 신안군,2025,1384,2659,2804,2462,4359,7336
전라남도 여수시,2011,26740,40955,35477,41299,48895,45033
전라남도 여수시,2012,26264,39317,35029,40632,48573,45895
전라남도 여수시,2013,25744,37740,34467,39673,48119,47657
전라남도 여수시,2014,25150,36225,34666,38426,47828,48086
전라남도 여수시,2015,25064,34185,34995,37569,46694,48265
전라남도 여수시,2016,24893,32328,34934,36510,45908,48868
전라남도 여수시,2017,24052,30859,34499,35156,44926,48751
전라남도 여수시,2018,22967,29334,34229,33762,43253,49024
전라남도 여수시,2019,22067,27921,34389,32395,42908,48931
전라남도 여수시,2020,20942,26412,33719,31026,41915,48521
전라남도 여수시,2021,19546,25624,32673,29664,40592,48140
전라남도 여수시,2022,18410,25181,31521,28895,39778,47745
전라남도 여수시,2023,17081,24643,29965,28128,38658,47483
전라남도 여수시,2024,15814,24057,28280,27543,37112,47045
전라남도 여수시,2025,14532,23928,25708,27211,35920,45772
전라남도 영광군,2011,4263,6439,5746,6379,8006,8579
전라남도 영광군,2012,4237,6305,5731,6364,8036,8799
전라남도 영광군,2013,4238,6055,5855,6298,8086,9171
전라남도 영광군,2014,4121,5747,5758,5919,7918,9215
전라남도 영광군,2015,4132,5429,5590,5762,7692,9168
전라남도 영광군,2016,4054,5127,5571,5508,7495,9190
전라남도 영광군,2017,3839,4842,5398,5322,7195,9098
전라남도 영광군,2018,3726,4652,5307,5107,6893,9006
전라남도 영광군,2019,3795,4392,5219,5031,6820,8863
전라남도 영광군,2020,3765,4169,5012,4871,6553,8543
전라남도 영광군,2021,3631,4000,4661,4592,6218,8415
전라남도 영광군,2022,3532,3954,4631,4554,6213,8450
전라남도 영광군,2023,3402,3912,4452,4505,6064,8338
전라남도 영광군,2024,3327,3856,4420,4675,5882,8416
전라남도 영광군,2025,3310,3890,4521,5018,6004,8626
전라남도 영암군,2011,5726,6665,6318,8243,8907,8144
전라남도 영암군,2012,5696,6457,5876,8248,8894,8437
전라남도 영암군,2013,5471,6192,5492,7889,8793,8801
전라남도 영암군,2014,5335,5961,5534,7587,8745,9024
전라남도 영암군,2015,5210,5704,5327,7219,8623,9118
전라남도 영암군,2016,4859,5366,5278,6650,8395,9263
전라남도 영암군,2017,4398,5179,5077,6021,8101,9305
전라남도 영암군,2018,4144,4930,4968,5689,7759,9371
전라남도 영암군,2019,3955,4713,5071,5323,7659,9450
전라남도 영암군,2020,3539,4443,5103,4778,7431,9413
전라남도 영암군,2021,3175,4280,4898,4426,7185,9465
전라남도 영암군,2022,2861,4182,4716,4127,7070,9489
전라남도 영암군,2023,2597,4090,4726,3976,6978,9506
전라남도 영암군,2024,2342,3926,4466,3838,6617,9390
전라남도 영암군,2025,2039,3808,3983,3665,6252,9110
전라남도 완도군,2011,3799,5395,4963,5684,7146,8493
전라남도 완도군,2012,3840,5251,4764,5635,6977,8659
전라남도 완도군,2013,3806,5037,4600,5602,6926,8895
전라남도 완도군,2014,3714,4827,4418,5438,6859,8968
전라남도 완도군,2015,3774,4570,4415,5371,6848,8828
전라남도 완도군,2016,3731,4394,4242,5243,6764,8729
전라남도 완도군,2017,3565,4259,4149,5017,6663,8657
전라남도 완도군,2018,3510,3996,4071,4749,6443,8644
전라남도 완도군,2019,3356,3798,3860,4436,6360,8371
전라남도 완도군,2020,3153,3637,3777,4008,6216,8081
전라남도 완도군,2021,2887,3490,3562,3611,5916,7871
전라남도 완도군,2022,2654,3436,3316,3305,5718,7696
전라남도 완도군,2023,2417,3352,3128,3087,5542,7460
전라남도 완도군,2024,2179,3260,2992,2889,5281,7295
전라남도 완도군,2025,1973,3207,2732,2767,5111,7154
전라남도 장성군,2011,3495,4685,4666,5509,6607,6755
전라남도 장성군,2012,3489,4572,4407,5393,6688,6928
전라남도 장성군,2013,3477,4443,4378,5208,6636,7160
전라남도 장성군,2014,3482,4283,4367,4896,6595,7463
전라남도 장성군,2015,3597,4067,4389,4847,6392,7485
전라남도 장성군,2016,3529,3910,4346,4714,6205,7601
전라남도 장성군,2017,3414,3738,4400,4557,6153,7647
전라남도 장성군,2018,3250,3634,4376,4267,5991,7779
전라남도 장성군,2019,3090,3468,4749,4030,5789,7689
전라남도 장성군,2020,2781,3283,4273,3661,5536,7481
전라남도 장성군,2021,2438,3164,3897,3369,5239,7435
전라남도 장성군,2022,2176,3089,3829,3226,5078,7475
전라남도 장성군,2023,1980,3002,3611,3145,4808,7387
전라남도 장성군,2024,1846,2964,3361,3166,4563,7302
전라남도 장성군,2025,1864,3038,3405,3400,4570,7316
전라남도 장흥군,2011,2716,4702,4032,3948,5751,6427
전라남도 장흥군,2012,2656,4616,3979,3998,5759,6577
전라남도 장흥군,2013,2657,4539,4088,3945,5771,6868
전라남도 장흥군,2014,2613,4409,4204,3816,5726,7079
전라남도 장흥군,2015,2588,4242,4386,3845,5578,7232
전라남도 장흥군,2016,2374,3706,3658,3336,5055,6912
전라남도 장흥군,2017,2221,3482,3669,3205,4869,6845
전라남도 장흥군,2018,2146,3251,3499,3166,4547,6730
전라남도 장흥군,2019,2095,3019,3301,3020,4350,6561
전라남도 장흥군,2020,2014,2811,3098,2784,4132,6322
전라남도 장흥군,2021,1834,2605,2869,2513,3825,6135
전라남도 장흥군,2022,1627,2514,2653,2341,3692,6028
전라남도 장흥군,2023,1481,2439,2492,2270,3535,5881
전라남도 장흥군,2024,1369,2323,2388,2241,3361,5701
전라남도 장흥군,2025,1264,2293,2298,2214,3289,5558
전라남도 진도군,2011,2335,3317,3038,3231,4393,5057
전라남도 진도군,2012,2310,3206,2890,3206,4326,5055
전라남도 진도군,2013,2212,3159,2810,3115,4315,5190
전라남도 진도군,2014,2181,3012,2766,2982,4245,5370
전라남도 진도군,2015,2150,2878,2691,2865,4110,5430
전라남도 진도군,2016,2073,2704,2668,2770,3975,5443
전라남도 진도군,2017,1965,2611,2627,2620,3908,5415
전라남도 진도군,2018,1879,2464,2570,2517,3745,5341
전라남도 진도군,2019,1808,2329,2499,2367,3619,5195
전라남도 진도군,2020,1704,2279,2700,2313,3722,5109
전라남도 진도군,2021,1547,2153,2417,2079,3398,4958
전라남도 진도군,2022,1422,2043,2270,1992,3317,4844
전라남도 진도군,2023,1295,1993,2184,1893,3127,4799
전라남도 진도군,2024,1196,1972,2076,1855,2942,4739
전라남도 진도군,2025,1107,1924,1912,1788,2780,4544
전라남도 함평군,2011,2151,3510,3220,3377,4780,5580
전라남도 함평군,2012,2137,3331,3090,3262,4700,5649
전라남도 함평군,2013,2092,3181,3043,3193,4682,5816
전라남도 함평군,2014,2038,3015,2990,2938,4578,5816
전라남도 함평군,2015,2007,2833,3060,2875,4446,5815
전라남도 함평군,2016,1927,2639,2972,2728,4241,5913
전라남도 함평군,2017,1826,2550,2994,2654,4148,5889
전라남도 함평군,2018,1644,2394,2800,2492,3892,5806
전라남도 함평군,2019,1503,2203,2712,2278,3708,5730
전라남도 함평군,2020,1387,2048,2516,2124,3477,5505
전라남도 함평군,2021,1210,1994,2334,1838,3264,5354
전라남도 함평군,2022,1067,1954,2186,1763,3143,5239
전라남도 함평군,2023,984,1853,2096,1786,2954,5229
전라남도 함평군,2024,929,1774,1994,1792,2764,5076
전라남도 함평군,2025,911,1703,1836,1778,2607,4902
전라남도 해남군,2011,5428,8523,7275,7884,10897,12478
전라남도 해남군,2012,5658,8190,7000,7929,10718,12492
전라남도 해남군,2013,5685,7861,6900,7670,10575,12739
전라남도 해남군,2014,5718,7445,6734,7501,10198,12943
전라남도 해남군,2015,5715,6998,6622,7271,9896,12940
전라남도 해남군,2016,5533,6662,6443,6903,9565,12858
전라남도 해남군,2017,5158,6336,6196,6424,9151,12701
전라남도 해남군,2018,4718,6026,5996,5995,8732,12388
전라남도 해남군,2019,4390,5597,5747,5570,8439,12012
전라남도 해남군,2020,4004,5273,5546,5076,8057,11582
전라남도 해남군,2021,3598,4971,5379,4585,7606,11350
전라남도 해남군,2022,3194,4908,5051,4244,7367,11083
전라남도 해남군,2023,2940,4712,4767,4088,6934,10909
전라남도 해남군,2024,2658,4541,4395,3947,6574,10568
전라남도 해남군,2025,2438,4373,4174,3959,6296,10272
전라남도 화순군,2011,6079,8852,6675,8957,11232,9116
전라남도 화순군,2012,5762,8631,6543,8378,11212,9491
전라남도 화순군,2013,5416,8390,6528,7792,11102,10001
전라남도 화순군,2014,5030,7986,6594,7066,10895,10284
전라남도 화순군,2015,4712,7600,6670,6540,10525,10541
전라남도 화순군,2016,4505,7198,6846,6198,10101,10926
전라남도 화순군,2017,4162,6850,7019,5836,9722,11044
전라남도 화순군,2018,3902,6445,7042,5510,9211,11214
전라남도 화순군,2019,3668,6096,6827,4989,8681,11206
전라남도 화순군,2020,3490,5659,6822,4745,8267,11256
전라남도 화순군,2021,3251,5500,6714,4656,7888,11426
전라남도 화순군,2022,2949,5351,6479,4534,7512,11401
전라남도 화순군,2023,2728,5099,6180,4530,7074,11231
전라남도 화순군,2024,2575,4838,5893,4601,6668,11152
전라남도 화순군,2025,2443,4713,5610,4750,6303,10880
전라북도 (4500000000),2011,168041,254189,226278,261406,298134,271911
전라북도 (4500000000),2012,166173,245976,220440,256667,297989,280597
전라북도 (4500000000),2013,163559,238091,217630,248955,301219,288725
전라북도 (4500000000),2014,161307,228459,217542,239288,303136,293042
전라북도 (4500000000),2015,159824,217813,218698,232517,299535,295583
전라북도 (4500000000),2016,157372,207621,219336,225651,295584,299275
전라북도 (4500000000),2017,150817,199956,219942,215957,291298,300220
전라북도 (4500000000),2018,143990,190798,217554,207874,281151,304598
전라북도 (4500000000),2019,137083,182472,213865,197979,274445,303635
전라북도 (4500000000),2020,128692,174963,211464,189012,268277,299522
전라북도 (4500000000),2021,119673,170128,206579,182181,259675,298654
전라북도 (4500000000),2022,110400,167541,198284,176505,253575,297923
전라북도 (4500000000),2023,102482,164304,190813,172999,245114,300818
전라북도 (4500000000),2024,129439,186252,207681,198088,269147,297350
전라북도 (4500000000),2025,129439,186252,207681,198088,269147,297350
전라북도 고창군,2011,3680,6667,5942,5745,8087,9334
전라북도 고창군,2012,3650,6620,5894,5695,8044,9614
전라북도 고창군,2013,3595,6338,5831,5599,8114,9944
전라북도 고창군,2014,3603,6011,5727,5215,8022,9990
전라북도 고창군,2015,3495,5803,5768,5138,7844,10031
전라북도 고창군,2016,3454,5690,5857,5160,7799,10234
전라북도 고창군,2017,3345,5440,5820,5048,7736,10092
전라북도 고창군,2018,3054,4818,4997,4403,6929,9609
전라북도 고창군,2019,2895,4449,4571,4133,6504,9378
전라북도 고창군,2020,2690,4237,4308,3860,6164,9068
전라북도 고창군,2021,2454,4066,4021,3574,5833,8775
전라북도 고창군,2022,2246,3886,3733,3385,5532,8619
전라북도 고창군,2023,2047,3841,3493,3295,5264,8566
전라북도 고창군,2024,2723,4612,4487,4087,6382,9125
전라북도 고창군,2025,2723,4612,4487,4087,6382,9125
전라북도 군산시,2011,27054,36526,33490,43587,44820,40581
전라북도 군산시,2012,27216,35800,32628,43758,45545,41934
전라북도 군산시,2013,27115,34677,31565,42649,46259,43095
전라북도 군산시,2014,26790,33667,31052,41042,46749,43616
전라북도 군산시,2015,26790,32370,31033,39804,46825,43666
전라북도 군산시,2016,26427,31036,30887,38630,46508,43811
전라북도 군산시,2017,25186,30076,30402,36372,46306,43572
전라북도 군산시,2018,24015,28861,30153,34694,45137,44194
전라북도 군산시,2019,22577,27804,29863,32680,44459,44144
전라북도 군산시,2020,20951,26830,29721,30705,43433,43964
전라북도 군산시,2021,19483,26150,29021,29074,42523,44185
전라북도 군산시,2022,17905,25857,27732,27370,41890,44452
전라북도 군산시,2023,16455,25605,26581,26275,40779,45066
전라북도 군산시,2024,21174,28260,29238,32078,43409,43988
전라북도 군산시,2025,21174,28260,29238,32078,43409,43988
전라북도 김제시,2011,6442,9783,9672,10394,12809,14820
전라북도 김제시,2012,6331,9388,9224,10074,12593,15069
전라북도 김제시,2013,6153,8970,8941,9552,12487,15173
전라북도 김제시,2014,5941,8481,8698,8984,12357,15218
전라북도 김제시,2015,5784,7865,8474,8554,11952,14987
전라북도 김제시,2016,5663,7415,8210,8281,11664,14821
전라북도 김제시,2017,5473,7158,8066,7886,11415,14606
전라북도 김제시,2018,5089,6751,7851,7511,10812,14583
전라북도 김제시,2019,4718,6492,7537,7065,10388,14272
전라북도 김제시,2020,4307,6166,7231,6645,9991,13704
전라북도 김제시,2021,3874,6040,6942,6196,9549,13237
전라북도 김제시,2022,3690,5972,7023,6180,9433,13269
전라북도 김제시,2023,3610,5810,6941,6276,9157,13334
전라북도 김제시,2024,4531,6700,7573,7170,10331,13914
전라북도 김제시,2025,4531,6700,7573,7170,10331,13914
전라북도 남원시,2011,7285,11047,8904,10235,13084,12909
전라북도 남원시,2012,7047,10711,8697,9852,12882,13268
전라북도 남원시,2013,6836,10412,8428,9230,13116,13553
전라북도 남원시,2014,6552,9960,8303,8677,13158,13554
전라북도 남원시,2015,6329,9502,8172,8224,12827,13641
전라북도 남원시,2016,6121,9024,8155,7855,12598,13727
전라북도 남원시,2017,5818,8515,8103,7482,12165,13837
전라북도 남원시,2018,5556,8145,8035,7195,11539,14123
전라북도 남원시,2019,5299,7700,7703,6789,11054,13997
전라북도 남원시,2020,5011,7331,7569,6417,10747,13704
전라북도 남원시,2021,4595,7093,7320,6020,10118,13595
전라북도 남원시,2022,4180,6819,6756,5815,9654,13387
전라북도 남원시,2023,3837,6591,6347,5597,9090,13565
전라북도 남원시,2024,5054,7810,7426,6807,10772,13599
전라북도 남원시,2025,5054,7810,7426,6807,10772,13599
전라북도 무주군,2011,1936,2495,2429,2850,3536,3995
전라북도 무주군,2012,1857,2331,2246,2676,3364,4080
전라북도 무주군,2013,1859,2270,2165,2586,3441,4201
전라북도 무주군,2014,1796,2221,2135,2417,3518,4220
전라북도 무주군,2015,1725,2066,2145,2291,3406,4222
전라북도 무주군,2016,1635,1963,2079,2138,3312,4313
전라북도 무주군,2017,1494,1954,2041,1998,3231,4296
전라북도 무주군,2018,1397,1924,1996,1908,3082,4328
전라북도 무주군,2019,1273,1869,1917,1804,2968,4290
전라북도 무주군,2020,1212,1820,1782,1700,2875,4205
전라북도 무주군,2021,1066,1772,1697,1622,2720,4122
전라북도 무주군,2022,953,1746,1589,1505,2642,4001
전라북도 무주군,2023,852,1708,1528,1454,2485,4024
전라북도 무주군,2024,1237,1887,1823,1820,2899,4134
전라북도 무주군,2025,1237,1887,1823,1820,2899,4134
전라북도 부안군,2011,3691,6286,5952,6071,8194,9474
전라북도 부안군,2012,3642,6100,5732,5990,7951,9727
전라북도 부안군,2013,3655,5969,5704,5909,8030,10016
전라북도 부안군,2014,3443,5491,5379,5359,7860,9812
전라북도 부안군,2015,3366,5169,5271,5163,7534,9740
전라북도 부안군,2016,3319,4928,5333,5078,7500,9891
전라북도 부안군,2017,3156,4606,5161,4855,7213,9677
전라북도 부안군,2018,2930,4257,4814,4520,6714,9521
전라북도 부안군,2019,2769,3968,4542,4243,6400,9208
전라북도 부안군,2020,2561,3723,4305,3903,6145,8845
전라북도 부안군,2021,2351,3517,3988,3636,5743,8554
전라북도 부안군,2022,2127,3425,3783,3411,5635,8362
전라북도 부안군,2023,1912,3323,3544,3245,5363,8234
전라북도 부안군,2024,2609,4082,4398,4135,6332,8909
전라북도 부안군,2025,2609,4082,4398,4135,6332,8909
전라북도 순창군,2011,2122,2916,2675,3118,3741,4328
전라북도 순창군,2012,2124,2924,2728,3178,3826,4452
전라북도 순창군,2013,2038,2885,2682,3075,3974,4645
전라북도 순창군,2014,1999,2786,2718,2908,4059,4741
전라북도 순창군,2015,1988,2709,2692,2841,3991,4711
전라북도 순창군,2016,2006,2596,2540,2718,3878,4742
전라북도 순창군,2017,1949,2497,2476,2607,3788,4773
전라북도 순창군,2018,1843,2403,2361,2479,3591,4831
전라북도 순창군,2019,1686,2305,2211,2227,3421,4683
전라북도 순창군,2020,1521,2219,2076,2001,3324,4505
전라북도 순창군,2021,1272,2151,1906,1752,3096,4387
전라북도 순창군,2022,1152,2113,1896,1644,3011,4377
전라북도 순창군,2023,1094,2076,1998,1611,2911,4427
전라북도 순창군,2024,1513,2320,2183,2118,3328,4517
전라북도 순창군,2025,1513,2320,2183,2118,3328,4517
전라북도 완주군,2011,8669,9326,9059,12436,12187,12238
전라북도 완주군,2012,8988,9181,8764,12728,12404,12772
전라북도 완주군,2013,8975,9115,8544,12410,12828,13300
전라북도 완주군,2014,9271,9175,8974,12684,13646,13831
전라북도 완주군,2015,9662,9502,9763,13116,14446,14657
전라북도 완주군,2016,9430,9096,9764,12716,14392,14950
전라북도 완주군,2017,9180,9101,9593,12312,14476,15195
전라북도 완주군,2018,8446,8826,9360,11416,13931,15539
전라북도 완주군,2019,7601,8459,9082,10153,13617,15482
전라북도 완주군,2020,6911,8311,8956,9408,13548,15254
전라북도 완주군,2021,6324,8177,8745,8842,13207,15316
전라북도 완주군,2022,6035,8333,8709,9117,13300,15339
전라북도 완주군,2023,6197,8651,9158,10461,13648,16470
전라북도 완주군,2024,7291,8651,9056,10525,13504,15190
전라북도 완주군,2025,7291,8651,9056,10525,13504,15190
전라북도 익산시,2011,28080,44415,40892,43763,51391,45314
전라북도 익산시,2012,27631,42122,38967,42351,50741,46823
전라북도 익산시,2013,27065,40570,38835,41254,50969,48322
전라북도 익산시,2014,26387,38370,38618,39227,50643,49043
전라북도 익산시,2015,25997,36145,38498,37896,49582,49249
전라북도 익산시,2016,25367,34255,38584,36384,48676,49782
전라북도 익산시,2017,24141,33323,39934,34736,47636,49996
전라북도 익산시,2018,22504,31400,38751,32819,45329,50388
전라북도 익산시,2019,20933,29537,37385,30665,43391,50077
전라북도 익산시,2020,19166,27908,36202,28467,41935,48996
전라북도 익산시,2021,17514,27014,34997,27390,40310,48537
전라북도 익산시,2022,15949,26399,33413,26471,38851,47924
전라북도 익산시,2023,14667,25586,31983,25909,37184,48019
전라북도 익산시,2024,19775,30208,35885,30794,42692,48540
전라북도 익산시,2025,19775,30208,35885,30794,42692,48540
전라북도 익산시함열출장소,2016,0,0,0,0,0,0
전라북도 익산시함열출장소,2017,0,0,0,0,0,0
전라북도 익산시함열출장소,2018,0,0,0,0,0,0
전라북도 익산시함열출장소,2019,0,0,0,0,0,0
전라북도 익산시함열출장소,2020,0,0,0,0,0,0
전라북도 익산시함열출장소,2021,0,0,0,0,0,0
전라북도 익산시함열출장소,2022,0,0,0,0,0,0
전라북도 익산시함열출장소,2023,0,0,0,0,0,0
전라북도 익산시함열출장소,2024,0,0,0,0,0,0
전라북도 익산시함열출장소,2025,0,0,0,0,0,0
전라북도 임실군,2011,2007,2729,3098,2962,4075,4700
전라북도 임실군,2012,1881,2482,2844,2866,3886,4712
전라북도 임실군,2013,1858,2387,2742,2795,3841,4819
전라북도 임실군,2014,1867,2346,2808,2777,3824,4898
전라북도 임실군,2015,1875,2355,2867,2728,3783,4969
전라북도 임실군,2016,1861,2220,2922,2636,3655,5082
전라북도 임실군,2017,1846,2145,2794,2616,3553,5176
전라북도 임실군,2018,1699,2091,2826,2512,3412,5252
전라북도 임실군,2019,1525,1903,2509,2281,3180,5028
전라북도 임실군,2020,1343,1680,2101,1941,2844,4688
전라북도 임실군,2021,1285,1574,1887,1814,2664,4497
전라북도 임실군,2022,1234,1528,1789,1749,2514,4383
전라북도 임실군,2023,1100,1453,1712,1667,2317,4296
전라북도 임실군,2024,1454,1831,2237,2122,2980,4662
전라북도 임실군,2025,1454,1831,2237,2122,2980,4662
전라북도 장수군,2011,1678,2209,2170,2352,3092,3722
전라북도 장수군,2012,1691,2128,2076,2322,3044,3754
전라북도 장수군,2013,1658,2062,2029,2208,3131,3821
전라북도 장수군,2014,1682,1971,2019,2180,3115,3881
전라북도 장수군,2015,1653,1908,1983,2107,3004,3895
전라북도 장수군,2016,1655,1879,2041,2136,2994,3963
전라북도 장수군,2017,1483,1793,1903,1927,2876,3922
전라북도 장수군,2018,1356,1829,2029,1879,2814,4015
전라북도 장수군,2019,1238,1714,1786,1712,2654,3868
전라북도 장수군,2020,1156,1658,1669,1553,2582,3682
전라북도 장수군,2021,1025,1627,1548,1400,2405,3635
전라북도 장수군,2022,929,1587,1459,1305,2291,3532
전라북도 장수군,2023,818,1554,1362,1203,2148,3573
전라북도 장수군,2024,1180,1725,1689,1620,2563,3711
전라북도 장수군,2025,1180,1725,1689,1620,2563,3711
전라북도 전주시,2011,42452,67932,57811,66739,74287,58968
전라북도 전주시,2012,41944,66101,57439,65501,74880,61416
전라북도 전주시,2013,41364,63993,57411,63810,75701,63283
전라북도 전주시,2014,41107,61561,58148,61969,76443,64766
전라북도 전주시,2015,40723,58353,58920,60428,75641,65767
전라북도 전주시,2016,40451,55587,59437,58995,74829,66968
전라북도 전주시,2017,38993,53239,59998,56929,74018,67687
전라북도 전주시,2018,38193,51221,60689,56296,72542,69646
전라북도 전주시,2019,37512,49514,61188,55295,72054,70411
전라북도 전주시,2020,36145,47824,61981,54607,71411,70665
전라북도 전주시,2021,34295,46714,61665,53973,69952,71517
전라북도 전주시,2022,31800,46249,59273,52699,68637,71953
전라북도 전주시,2023,29328,45287,56846,51192,66430,72562
전라북도 전주시,2024,35358,50658,59452,55622,70818,69517
전라북도 전주시,2025,35358,50658,59452,55622,70818,69517
전라북도 정읍시,2011,9492,15232,12602,14699,17958,17572
전라북도 정읍시,2012,9200,14736,12163,14090,17939,17874
전라북도 정읍시,2013,8797,14258,11864,13306,18032,18380
전라북도 정읍시,2014,8526,13548,11774,12363,18049,18544
전라북도 정읍시,2015,8329,12809,11595,11700,17531,18644
전라북도 정읍시,2016,8119,12109,11716,11281,17080,18913
전라북도 정읍시,2017,7675,11515,11532,10664,16630,18867
전라북도 정읍시,2018,7310,10825,11299,10121,16002,19011
전라북도 정읍시,2019,6903,10269,10928,9455,15430,18935
전라북도 정읍시,2020,6370,9664,10604,8867,14824,18394
전라북도 정읍시,2021,5840,9257,10199,8394,14043,18118
전라북도 정읍시,2022,5314,8933,9817,8092,13518,18049
전라북도 정읍시,2023,4975,8616,9275,7822,12900,18132
전라북도 정읍시,2024,6540,10389,10584,9574,14962,18329
전라북도 정읍시,2025,6540,10389,10584,9574,14962,18329
전라북도 진안군,2011,2227,2660,2676,3086,3729,4472
전라북도 진안군,2012,1999,2302,2319,2835,3450,4394
전라북도 진안군,2013,1909,2188,2183,2667,3445,4531
전라북도 진안군,2014,1789,2090,2115,2502,3472,4545
전라북도 진안군,2015,1747,2080,2057,2313,3349,4521
전라북도 진안군,2016,1638,2029,2092,2146,3284,4594
전라북도 진안군,2017,1582,1975,2120,2061,3246,4680
전라북도 진안군,2018,1502,1837,2048,1973,3046,4735
전라북도 진안군,2019,1398,1732,2049,1830,2898,4656
전라북도 진안군,2020,1276,1680,1969,1635,2748,4516
전라북도 진안군,2021,1147,1619,1810,1507,2536,4420
전라북도 진안군,2022,986,1570,1676,1412,2348,4299
전라북도 진안군,2023,926,1559,1622,1396,2223,4269
전라북도 진안군,2024,1320,1788,1923,1806,2766,4453
전라북도 진안군,2025,1320,1788,1923,1806,2766,4453
전북특별자치도 (5200000000),2021,89463,160001,174001,172867,228656,298866
전북특별자치도 (5200000000),2022,89463,160001,174001,172867,228656,298866
전북특별자치도 (5200000000),2023,89463,160001,174001,172867,228656,298866
전북특별자치도 (5200000000),2024,95081,161370,181258,172652,234476,301960
전북특별자치도 (5200000000),2025,88058,159659,172187,172921,227201,298093
전북특별자치도 고창군,2021,1742,3882,3097,3175,4870,8139
전북특별자치도 고창군,2022,1742,3882,3097,3175,4870,8139
전북특별자치도 고창군,2023,1742,3882,3097,3175,4870,8139
전북특별자치도 고창군,2024,1872,3830,3223,3207,4989,8393
전북특별자치도 고창군,2025,1709,3895,3065,3167,4840,8076
전북특별자치도 군산시,2021,14180,25259,24334,25959,38185,45632
전북특별자치도 군산시,2022,14180,25259,24334,25959,38185,45632
전북특별자치도 군산시,2023,14180,25259,24334,25959,38185,45632
전북특별자치도 군산시,2024,15124,25393,25364,26037,39223,45616
전북특별자치도 군산시,2025,13944,25226,24077,25940,37926,45636
전북특별자치도 김제시,2021,3455,5650,6360,6700,8722,13219
전북특별자치도 김제시,2022,3455,5650,6360,6700,8722,13219
전북특별자치도 김제시,2023,3455,5650,6360,6700,8722,13219
전북특별자치도 김제시,2024,3488,5623,6442,6404,8735,13192
전북특별자치도 김제시,2025,3447,5657,6340,6774,8719,13226
전북특별자치도 남원시,2021,3287,6066,5644,5450,8234,13345
전북특별자치도 남원시,2022,3287,6066,5644,5450,8234,13345
전북특별자치도 남원시,2023,3287,6066,5644,5450,8234,13345
전북특별자치도 남원시,2024,3521,6271,5974,5548,8552,13665
전북특별자치도 남원시,2025,3229,6015,5562,5425,8155,13265
전북특별자치도 무주군,2021,722,1662,1463,1423,2241,3887
전북특별자치도 무주군,2022,722,1662,1463,1423,2241,3887
전북특별자치도 무주군,2023,722,1662,1463,1423,2241,3887
전북특별자치도 무주군,2024,780,1668,1527,1415,2323,4002
전북특별자치도 무주군,2025,707,1660,1447,1425,2221,3858
전북특별자치도 부안군,2021,1627,3184,3072,3016,4830,7852
전북특별자치도 부안군,2022,1627,3184,3072,3016,4830,7852
전북특별자치도 부안군,2023,1627,3184,3072,3016,4830,7852
전북특별자치도 부안군,2024,1761,3245,3251,3088,4944,8082
전북특별자치도 부안군,2025,1593,3169,3027,2998,4802,7794
전북특별자치도 순창군,2021,1073,2006,2041,1696,2793,4649
전북특별자치도 순창군,2022,1073,2006,2041,1696,2793,4649
전북특별자치도 순창군,2023,1073,2006,2041,1696,2793,4649
전북특별자치도 순창군,2024,1078,2014,1990,1618,2734,4488
전북특별자치도 순창군,2025,1072,2004,2054,1715,2808,4689
전북특별자치도 완주군,2021,5828,8693,8805,11270,13254,16891
전북특별자치도 완주군,2022,5828,8693,8805,11270,13254,16891
전북특별자치도 완주군,2023,5828,8693,8805,11270,13254,16891
전북특별자치도 완주군,2024,6037,8660,9052,11018,13437,16743
전북특별자치도 완주군,2025,5776,8701,8743,11333,13208,16928
전북특별자치도 익산시,2021,13079,24651,28948,27016,34612,47609
전북특별자치도 익산시,2022,13079,24651,28948,27016,34612,47609
전북특별자치도 익산시,2023,13079,24651,28948,27016,34612,47609
전북특별자치도 익산시,2024,13734,24904,30163,26402,35386,48173
전북특별자치도 익산시,2025,12915,24588,28644,27169,34419,47468
전북특별자치도 임실군,2021,986,1367,1479,1623,2185,4008
전북특별자치도 임실군,2022,986,1367,1479,1623,2185,4008
전북특별자치도 임실군,2023,986,1367,1479,1623,2185,4008
전북특별자치도 임실군,2024,1027,1387,1612,1618,2247,4158
전북특별자치도 임실군,2025,976,1362,1446,1624,2170,3971
전북특별자치도 장수군,2021,695,1466,1312,1221,2002,3468
전북특별자치도 장수군,2022,695,1466,1312,1221,2002,3468
전북특별자치도 장수군,2023,695,1466,1312,1221,2002,3468
전북특별자치도 장수군,2024,728,1518,1258,1195,2042,3486
전북특별자치도 장수군,2025,687,1453,1326,1228,1992,3464
전북특별자치도 전주시,2021,25114,44289,51722,50048,62010,72145
전북특별자치도 전주시,2022,25114,44289,51722,50048,62010,72145
전북특별자치도 전주시,2023,25114,44289,51722,50048,62010,72145
전북특별자치도 전주시,2024,27014,44670,54110,50645,63791,73072
전북특별자치도 전주시,2025,24639,44194,51125,49899,61565,71913
전북특별자치도 정읍시,2021,4287,8199,8327,7881,11655,17869
전북특별자치도 정읍시,2022,4287,8199,8327,7881,11655,17869
전북특별자치도 정읍시,2023,4287,8199,8327,7881,11655,17869
전북특별자치도 정읍시,2024,4574,8354,8681,7783,12101,18168
전북특별자치도 정읍시,2025,4215,8160,8239,7905,11543,17794
전북특별자치도 진안군,2021,830,1482,1534,1366,2056,4080
전북특별자치도 진안군,2022,830,1482,1534,1366,2056,4080
전북특별자치도 진안군,2023,830,1482,1534,1366,2056,4080
전북특별자치도 진안군,2024,836,1498,1556,1352,2077,4186
전북특별자치도 진안군,2025,829,1478,1529,1369,2051,4054
제주특별자치도 (5000000000),2011,60105,84228,67548,86324,101368,78228
제주특별자치도 (5000000000),2012,60411,82614,67058,85584,103309,82532
제주특별자치도 (5000000000),2013,60666,81195,68351,84793,105341,87872
제주특별자치도 (5000000000),2014,61663,79202,70883,84968,107887,92145
제주특별자치도 (5000000000),2015,63183,77313,73565,85811,110642,96129
제주특별자치도 (5000000000),2016,64258,75741,76573,86909,112430,100948
제주특별자치도 (5000000000),2017,64110,74873,79751,87312,114469,104866
제주특별자치도 (5000000000),2018,63719,73719,81714,87727,113362,108398
제주특별자치도 (5000000000),2019,62286,72127,82155,84830,113091,110759
제주특별자치도 (5000000000),2020,60297,70661,82746,82555,112376,112401
제주특별자치도 (5000000000),2021,57987,70369,80923,81026,111251,114905
제주특별자치도 (5000000000),2022,54806,70873,77720,79539,110998,117262
제주특별자치도 (5000000000),2023,51403,70469,74037,78167,108720,118487
제주특별자치도 (5000000000),2024,47756,70262,70009,77588,105218,119431
제주특별자치도 (5000000000),2025,44221,70257,65686,77002,102473,118870
제주특별자치도 서귀포시,2011,13943,20338,17028,20467,26065,22394
제주특별자치도 서귀포시,2012,13711,19757,16564,20101,26194,23504
제주특별자치도 서귀포시,2013,13575,19192,16727,19706,26309,24942
제주특별자치도 서귀포시,2014,13625,18596,17137,19633,26798,26066
제주특별자치도 서귀포시,2015,14359,18200,17830,20055,27908,27386
제주특별자치도 서귀포시,2016,15084,17995,18572,20726,28714,28729
제주특별자치도 서귀포시,2017,15623,17950,19945,21436,29899,30138
제주특별자치도 서귀포시,2018,15442,17935,20164,21517,29810,30949
제주특별자치도 서귀포시,2019,15114,17539,19571,20598,29866,31349
제주특별자치도 서귀포시,2020,14573,17387,19150,19869,29464,31648
제주특별자치도 서귀포시,2021,14229,17567,18667,19526,29415,32242
제주특별자치도 서귀포시,2022,13672,17732,18029,18915,29450,32859
제주특별자치도 서귀포시,2023,12771,17735,16993,18227,28888,32823
제주특별자치도 서귀포시,2024,11862,17721,15987,17748,27872,32982
제주특별자치도 서귀포시,2025,10851,17818,14689,17202,26878,32654
제주특별자치도 제주시,2011,46162,63890,50520,65857,75303,55834
제주특별자치도 제주시,2012,46700,62857,50494,65483,77115,59028
제주특별자치도 제주시,2013,47091,62003,51624,65087,79032,62930
제주특별자치도 제주시,2014,48038,60606,53746,65335,81089,66079
제주특별자치도 제주시,2015,48824,59113,55735,65756,82734,68743
제주특별자치도 제주시,2016,49174,57746,58001,66183,83716,72219
제주특별자치도 제주시,2017,48487,56923,59806,65876,84570,74728
제주특별자치도 제주시,2018,48277,55784,61550,66210,83552,77449
제주특별자치도 제주시,2019,47172,54588,62584,64232,83225,79410
제주특별자치도 제주시,2020,45724,53274,63596,62686,82912,80753
제주특별자치도 제주시,2021,43758,52802,62256,61500,81836,82663
제주특별자치도 제주시,2022,41134,53141,59691,60624,81548,84403
제주특별자치도 제주시,2023,38632,52734,57044,59940,79832,85664
제주특별자치도 제주시,2024,35894,52541,54022,59840,77346,86449
제주특별자치도 제주시,2025,33370,52439,50997,59800,75595,86216
충청남도 (4400000000),2011,203983,267457,256970,320742,336357,297088
충청남도 (4400000000),2012,196796,250543,242134,309190,323325,295283
충청남도 (4400000000),2013,196979,244451,240680,306780,331271,305002
충청남도 (4400000000),2014,196099,237378,242365,300806,333778,313612
충청남도 (4400000000),2015,197236,229214,244233,296909,333108,318857
충청남도 (4400000000),2016,197206,222359,246298,294535,335721,324122
충청남도 (4400000000),2017,193878,218457,248359,292363,336528,330207
충청남도 (4400000000),2018,189024,213551,248443,288943,331657,338050
충청남도 (4400000000),2019,181907,208186,245737,279253,328355,341504
충청남도 (4400000000),2020,172628,202548,243200,268598,327791,340183
충청남도 (4400000000),2021,162726,200673,238297,259565,325419,340591
충청남도 (4400000000),2022,152498,202299,231139,253435,327001,341662
충청남도 (4400000000),2023,143771,202057,225658,251099,323996,350093
충청남도 (4400000000),2024,135316,201787,220268,252339,317999,353357
충청남도 (4400000000),2025,126480,202673,212177,252555,313704,352375
충청남도 계룡시,2011,5370,7764,4497,6962,8890,5105
충청남도 계룡시,2012,4955,7381,4365,6334,8726,5333
충청남도 계룡시,2013,4773,7102,4344,5968,8662,5456
충청남도 계룡시,2014,4615,6864,4353,5593,8611,5572
충청남도 계룡시,2015,4734,6889,4545,5667,8795,5806
충청남도 계룡시,2016,4723,6898,4750,5567,8928,6004
충청남도 계룡시,2017,4732,6959,4974,5526,9102,6309
충청남도 계룡시,2018,4532,6768,4982,5258,8825,6581
충청남도 계룡시,2019,4173,6534,4965,4816,8479,6784
충청남도 계룡시,2020,3863,6300,4903,4611,8393,6927
충청남도 계룡시,2021,3747,6229,4871,4650,8215,7224
충청남도 계룡시,2022,3661,6285,4753,4868,8339,7547
충청남도 계룡시,2023,3768,6278,4907,5418,8493,8055
충청남도 계룡시,2024,3525,6162,4744,5393,8168,8277
충청남도 계룡시,2025,3192,6086,4403,5246,7834,8307
충청남도 공주시,2011,9369,15272,15171,15296,19247,20464
충청남도 공주시,2012,8617,13918,13958,14314,17669,19901
충청남도 공주시,2013,8329,13303,13445,13862,17585,20321
충청남도 공주시,2014,7866,12195,13091,12793,16904,20357
충청남도 공주시,2015,7450,11150,12891,11936,16046,19991
충청남도 공주시,2016,7125,10465,12758,11437,15749,19593
충청남도 공주시,2017,6735,9736,12576,10866,15103,19397
충청남도 공주시,2018,6426,9212,12374,10585,14416,19415
충청남도 공주시,2019,6198,8737,12043,10114,13799,18979
충청남도 공주시,2020,5773,8159,11276,9489,13316,18445
충청남도 공주시,2021,5304,7911,10904,8926,12846,17853
충청남도 공주시,2022,4832,7971,10887,8564,12459,17344
충청남도 공주시,2023,4444,7880,10921,8314,11937,17149
충청남도 공주시,2024,4035,7850,10626,8303,11405,16770
충청남도 공주시,2025,3586,7676,10257,8035,10975,16224
충청남도 금산군,2011,4122,5681,5656,6484,7989,9331
충청남도 금산군,2012,4005,5503,5403,6321,7854,9428
충청남도 금산군,2013,3922,5416,5126,5984,7853,9602
충청남도 금산군,2014,3776,5187,5071,5623,7745,9588
충청남도 금산군,2015,3697,4974,4986,5359,7544,9619
충청남도 금산군,2016,3584,4776,4819,5083,7464,9634
충청남도 금산군,2017,3261,4744,4624,4722,7164,9548
충청남도 금산군,2018,3059,4600,4466,4436,6914,9469
충청남도 금산군,2019,2797,4486,4272,4128,6538,9323
충청남도 금산군,2020,2565,4289,4020,3765,6216,9087
충청남도 금산군,2021,2316,4102,3709,3362,5946,8856
충청남도 금산군,2022,2060,4079,3500,3186,5689,8764
충청남도 금산군,2023,1900,4043,3392,3136,5480,8817
충청남도 금산군,2024,1721,4051,3282,3067,5165,8654
충청남도 금산군,2025,1544,3933,3126,2941,4903,8390
충청남도 논산시,2011,9777,15763,14387,15477,18578,20760
충청남도 논산시,2012,9594,14692,14227,15179,18354,21139
충청남도 논산시,2013,9382,13944,13758,14715,18532,21347
충청남도 논산시,2014,9096,13291,13387,13920,18358,21457
충청남도 논산시,2015,9005,12817,13193,13443,17997,21293
충청남도 논산시,2016,8744,12037,13127,12884,17874,20993
충청남도 논산시,2017,8491,11498,12723,12453,17418,21010
충청남도 논산시,2018,8026,10905,12334,11928,16526,20852
충청남도 논산시,2019,7714,10333,11961,11453,15921,20439
충청남도 논산시,2020,7232,9806,11387,10764,15403,19703
충청남도 논산시,2021,6729,9433,10792,10191,14649,19240
충청남도 논산시,2022,6142,9164,10225,9854,14105,18822
충청남도 논산시,2023,5609,8866,9673,9286,13454,18684
충청남도 논산시,2024,5115,8598,8938,9185,12689,18409
충청남도 논산시,2025,4661,8319,8458,9065,12116,17963
충청남도 당진군,2011,15590,17171,17603,24159,23442,20989
충청남도 당진군,2012,15590,17171,17603,24159,23442,20989
충청남도 당진군,2013,15590,17171,17603,24159,23442,20989
충청남도 당진군,2014,15590,17171,17603,24159,23442,20989
충청남도 당진군,2015,15590,17171,17603,24159,23442,20989
충청남도 당진시,2011,16785,16564,17232,25124,25746,24327
충청남도 당진시,2012,16604,17036,17403,25572,23979,22069
충청남도 당진시,2013,17499,16951,17560,26279,25177,22894
충청남도 당진시,2014,17870,16802,17946,26445,25791,23750
충청남도 당진시,2015,18325,16375,18064,26384,25919,24246
충청남도 당진시,2016,18287,16087,18108,26218,26242,24668
충청남도 당진시,2017,17821,16008,17950,25690,26393,25085
충청남도 당진시,2018,17331,15940,17504,25148,26335,25601
충청남도 당진시,2019,16622,15816,16726,24078,26346,25949
충청남도 당진시,2020,15561,15687,16075,22827,26670,25934
충청남도 당진시,2021,14564,15832,15765,21689,27006,26634
충청남도 당진시,2022,13648,16155,15245,20844,27755,26974
충청남도 당진시,2023,12987,16497,14828,20560,28001,28202
충청남도 당진시,2024,12348,16779,14611,20538,27869,28810
충청남도 당진시,2025,11446,17082,14013,20509,27673,28867
충청남도 보령시,2011,8546,12545,11449,13827,16221,17193
충청남도 보령시,2012,8286,12088,10957,13365,15922,17565
충청남도 보령시,2013,8071,11694,10501,12909,16044,17764
충청남도 보령시,2014,7879,11105,10458,12239,15785,17997
충청남도 보령시,2015,7831,10591,10528,12039,15793,17896
충청남도 보령시,2016,7560,10039,10407,11497,15551,17812
충청남도 보령시,2017,7302,9598,10231,11131,15177,17750
충청남도 보령시,2018,6870,9123,10058,10685,14487,17779
충청남도 보령시,2019,6536,8669,9856,10069,14210,17611
충청남도 보령시,2020,6137,8295,9528,9461,13945,17212
충청남도 보령시,2021,5616,8043,9094,8848,13356,16641
충청남도 보령시,2022,5192,7825,8594,8436,12924,16330
충청남도 보령시,2023,4822,7615,7974,8068,12455,16428
충청남도 보령시,2024,4328,7330,7400,7708,11710,16156
충청남도 보령시,2025,3945,7076,6972,7460,11118,15817
충청남도 부여군,2011,4542,8214,7305,7177,9816,12752
충청남도 부여군,2012,4411,7804,7004,7005,9530,12923
충청남도 부여군,2013,4226,7462,6783,6678,9543,12977
충청남도 부여군,2014,4075,7006,6686,6262,9333,12842
충청남도 부여군,2015,3947,6617,6607,5922,9090,12647
충청남도 부여군,2016,3760,6107,6510,5660,8827,12322
충청남도 부여군,2017,3525,5763,6276,5389,8441,11933
충청남도 부여군,2018,3343,5389,6082,5136,8011,11764
충청남도 부여군,2019,3168,5047,5779,4747,7575,11411
충청남도 부여군,2020,2924,4674,5425,4402,7204,10858
충청남도 부여군,2021,2659,4438,5047,4103,6749,10268
충청남도 부여군,2022,2413,4271,4674,3818,6440,9872
충청남도 부여군,2023,2155,4072,4313,3648,6110,9763
충청남도 부여군,2024,1895,3932,3906,3531,5703,9388
충청남도 부여군,2025,1651,3833,3634,3449,5402,9078
충청남도 서산시,2011,16885,21763,17958,25171,26558,21812
충청남도 서산시,2012,17007,21362,17828,25133,26764,22719
충청남도 서산시,2013,17173,20878,18075,24967,27670,23765
충청남도 서산시,2014,17229,20293,18464,24526,27973,24573
충청남도 서산시,2015,17401,19650,19060,24346,28101,25448
충청남도 서산시,2016,17175,19052,19142,23754,28000,26024
충청남도 서산시,2017,16696,18663,19320,23262,27996,26635
충청남도 서산시,2018,16516,18333,19544,23303,27839,27696
충청남도 서산시,2019,16038,17784,19278,22847,27544,28250
충청남도 서산시,2020,15446,17252,19277,22123,27814,28370
충청남도 서산시,2021,14755,17111,18885,21597,27812,28792
충청남도 서산시,2022,13773,17174,18283,20897,27603,28960
충청남도 서산시,2023,12756,17021,17500,20495,26985,29821
충청남도 서산시,2024,11571,16891,16570,20027,26030,30008
충청남도 서산시,2025,10489,16878,15508,19566,25217,29735
충청남도 서천군,2011,3558,6067,5653,5868,7900,9894
충청남도 서천군,2012,3443,5796,5318,5707,7681,10008
충청남도 서천군,2013,3278,5521,5193,5470,7585,10133
충청남도 서천군,2014,3178,5213,5042,5130,7469,9962
충청남도 서천군,2015,3113,4839,4895,4892,7263,9688
충청남도 서천군,2016,2952,4527,4761,4600,7098,9528
충청남도 서천군,2017,2834,4229,4569,4354,6829,9376
충청남도 서천군,2018,2649,3933,4331,4087,6459,9130
충청남도 서천군,2019,2485,3684,4151,3776,6134,8835
충청남도 서천군,2020,2306,3487,3877,3465,5844,8503
충청남도 서천군,2021,2121,3322,3612,3196,5409,8196
충청남도 서천군,2022,2003,3177,3428,2985,5205,7958
충청남도 서천군,2023,1784,3085,3148,2953,4909,7830
충청남도 서천군,2024,1570,2962,2985,2834,4593,7651
충청남도 서천군,2025,1401,2797,2853,2770,4331,7433
충청남도 아산시,2011,35348,34549,37131,52984,43826,31893
충청남도 아산시,2012,36233,34261,36279,54396,45148,33776
충청남도 아산시,2013,36965,34339,36001,55081,47465,35284
충청남도 아산시,2014,37742,34441,36088,55535,49191,36947
충청남도 아산시,2015,38173,34045,35679,54869,50145,38309
충청남도 아산시,2016,38335,33838,35464,54475,51726,40026
충청남도 아산시,2017,38258,34290,36205,54949,53755,41950
충청남도 아산시,2018,36652,34218,36299,53379,54013,43713
충청남도 아산시,2019,35073,34343,36158,51021,54932,45321
충청남도 아산시,2020,32946,34460,36591,48420,56301,46289
충청남도 아산시,2021,31531,35511,37503,48272,58246,48416
충청남도 아산시,2022,30896,37298,37614,48659,61134,50193
충청남도 아산시,2023,30810,38366,38027,50783,62699,53020
충청남도 아산시,2024,30047,39188,38821,52189,63616,54994
충청남도 아산시,2025,28759,40510,37710,52387,64218,55937
충청남도 연기군,2011,7798,9367,10074,12651,12535,12486
충청남도 연기군,2012,7798,9367,10074,12651,12535,12486
충청남도 연기군,2013,7798,9367,10074,12651,12535,12486
충청남도 연기군,2014,7798,9367,10074,12651,12535,12486
충청남도 연기군,2015,7798,9367,10074,12651,12535,12486
충청남도 예산군,2011,5780,9479,9314,9665,12334,14636
충청남도 예산군,2012,5661,9074,8856,9443,12013,14962
충청남도 예산군,2013,5491,8673,8399,9010,12124,15032
충청남도 예산군,2014,5286,8200,8326,8567,12001,15229
충청남도 예산군,2015,5025,7595,8083,8024,11618,14880
충청남도 예산군,2016,4556,6921,7803,7312,11219,14551
충청남도 예산군,2017,4256,6559,7536,6961,10900,14318
충청남도 예산군,2018,4053,6269,7527,6794,10428,14387
충청남도 예산군,2019,3918,5962,7262,6463,9966,14204
충청남도 예산군,2020,3631,5656,6830,6130,9523,13677
충청남도 예산군,2021,3324,5436,6464,5766,9022,13015
충청남도 예산군,2022,3274,5425,6145,5939,9000,12865
충청남도 예산군,2023,3307,5510,5961,6233,8879,13156
충청남도 예산군,2024,3361,5455,5683,6523,8635,13049
충청남도 예산군,2025,3266,5495,5477,6597,8497,12847
충청남도 천안시,2011,42835,56075,54618,69543,68439,46549
충청남도 천안시,2012,43420,55002,54886,70633,69097,49891
충청남도 천안시,2013,43307,53663,55799,70518,71059,52720
충청남도 천안시,2014,42898,52218,57130,69586,71954,55623
충청남도 천안시,2015,43277,50431,58303,69314,71954,57725
충청남도 천안시,2016,44001,49032,59839,69984,72943,60003
충청남도 천안시,2017,43901,48351,61419,70921,73793,62518
충청남도 천안시,2018,44101,47738,62691,72346,73899,65685
충청남도 천안시,2019,43002,46730,63357,71305,74007,67726
충청남도 천안시,2020,41437,45598,64391,70304,74601,68692
충청남도 천안시,2021,39133,45103,63409,68197,74433,69420
충청남도 천안시,2022,36150,45287,61347,66399,74929,70090
충청남도 천안시,2023,33244,45028,59779,64620,74285,72116
충청남도 천안시,2024,31140,45001,58425,64939,73330,73561
충청남도 천안시,2025,29188,45330,56905,65579,72901,74075
충청남도 청양군,2011,1849,3130,3193,2968,4098,5364
충청남도 청양군,2012,1827,3016,3042,2873,4019,5430
충청남도 청양군,2013,1831,2896,2954,2790,4042,5557
충청남도 청양군,2014,1789,2840,2855,2706,3971,5668
충청남도 청양군,2015,1762,2716,2900,2652,3938,5715
충청남도 청양군,2016,1673,2706,2979,2638,3868,5720
충청남도 청양군,2017,1594,2614,3133,2525,3774,5731
충청남도 청양군,2018,1476,2419,3100,2399,3544,5678
충청남도 청양군,2019,1364,2202,2943,2252,3357,5543
충청남도 청양군,2020,1269,2056,2657,2087,3120,5312
충청남도 청양군,2021,1175,1936,2513,1936,2950,5057
충청남도 청양군,2022,1078,1961,2440,1872,2843,4895
충청남도 청양군,2023,970,1924,2471,1841,2720,4905
충청남도 청양군,2024,874,1872,2377,1730,2603,4642
충청남도 청양군,2025,821,1842,2256,1757,2568,4664
충청남도 태안군,2011,4335,6203,6175,7218,8990,10906
충청남도 태안군,2012,4193,5998,5876,7161,8810,11013
충청남도 태안군,2013,4089,5759,5666,6909,8831,11145
충청남도 태안군,2014,4029,5559,5569,6619,8807,11287
충청남도 태안군,2015,4068,5460,5750,6582,8661,11464
충청남도 태안군,2016,3956,5271,5755,6472,8683,11422
충청남도 태안군,2017,3731,5109,5771,6260,8520,11346
충청남도 태안군,2018,3483,4847,5586,5824,8189,11248
충청남도 태안군,2019,3285,4658,5354,5538,7930,11071
충청남도 태안군,2020,3103,4424,5037,5117,7660,10903
충청남도 태안군,2021,2828,4256,4727,4655,7381,10543
충청남도 태안군,2022,2582,4148,4462,4355,7304,10430
충청남도 태안군,2023,2325,4038,4255,4094,6955,10447
충청남도 태안군,2024,2137,3899,4053,4037,6556,10221
충청남도 태안군,2025,1959,3728,3830,3946,6295,9849
충청남도 홍성군,2011,6862,10377,9477,10521,13275,13680
충청남도 홍성군,2012,6830,10111,9289,10437,13211,14181
충청남도 홍성군,2013,6990,10018,9176,10381,13570,14645
충청남도 홍성군,2014,7322,10055,9334,10469,13908,14948
충청남도 홍성군,2015,7790,9849,9598,10823,14267,15267
충청남도 홍성군,2016,8774,10087,10157,11962,15077,15821
충청남도 홍성군,2017,8790,10160,10342,11894,15266,16042
충청남도 홍성군,2018,8457,9988,10219,11462,14822,16209
충청남도 홍성군,2019,8033,9836,9953,10993,14613,16195
충청남도 홍성군,2020,7716,9606,9730,10481,14480,15925
충청남도 홍성군,2021,7358,9458,9298,10078,14183,15726
충청남도 홍성군,2022,6719,9435,8869,9559,13808,15573
충청남도 홍성군,2023,6268,9320,8620,9340,13492,15642
충청남도 홍성군,2024,6079,9317,8634,9866,13262,15986
충청남도 홍성군,2025,5978,9423,8322,10459,13206,16151
충청북도 (4300000000),2011,147046,209997,197522,233527,262692,234051
충청북도 (4300000000),2012,145970,203052,193387,232019,260120,242364
충청북도 (4300000000),2013,144585,196043,192553,227068,264661,249069
충청북도 (4300000000),2014,142815,188890,194013,220756,265726,255182
충청북도 (4300000000),2015,142319,179628,196456,216258,262133,260270
충청북도 (4300000000),2016,141545,171795,198134,212590,259637,264834
충청북도 (4300000000),2017,137206,165826,199663,207682,255596,267036
충청북도 (4300000000),2018,133659,159713,200941,205568,248623,271428
충청북도 (4300000000),2019,129285,154357,200205,200080,243597,274429
충청북도 (4300000000),2020,123371,149379,199209,194677,241194,273800
충청북도 (4300000000),2021,116975,146411,194415,190607,237327,270874
충청북도 (4300000000),2022,109410,145882,188310,187432,236190,268313
충청북도 (4300000000),2023,103333,144446,181676,187761,230702,272450
충청북도 (4300000000),2024,97837,142996,173746,189274,225024,273441
충청북도 (4300000000),2025,93256,143242,166917,193236,221812,271167
충청북도 괴산군,2011,1917,3172,3433,3446,5174,7025
충청북도 괴산군,2012,1901,3139,3330,3501,5096,7271
충청북도 괴산군,2013,1779,3102,3388,3347,5148,7494
충청북도 괴산군,2014,1786,2899,3311,3226,5090,7657
충청북도 괴산군,2015,1733,2778,3315,3135,5002,7819
충청북도 괴산군,2016,1700,2653,3273,3059,4827,7905
충청북도 괴산군,2017,1574,2691,3459,2890,4500,7891
충청북도 괴산군,2018,1499,2397,3529,2827,4320,7876
충청북도 괴산군,2019,1425,2327,3489,2757,4131,7777
충청북도 괴산군,2020,1346,2161,3308,2630,4105,7690
충청북도 괴산군,2021,1248,1942,2757,2291,3756,7313
충청북도 괴산군,2022,1210,1837,2354,2141,3531,6803
충청북도 괴산군,2023,1124,1795,2156,2054,3325,6580
충청북도 괴산군,2024,1036,1744,2097,1933,3141,6354
충청북도 괴산군,2025,1118,1900,2341,2207,3273,6508
충청북도 단양군,2011,1974,3270,3069,3372,4718,5959
충청북도 단양군,2012,1904,3112,2909,3204,4612,6030
충청북도 단양군,2013,1826,2963,2793,3070,4612,6205
충청북도 단양군,2014,1755,2793,2777,2827,4528,6211
충청북도 단양군,2015,1696,2662,2666,2751,4335,6222
충청북도 단양군,2016,1596,2512,2599,2597,4143,6248
충청북도 단양군,2017,1436,2423,2560,2483,3976,6042
충청북도 단양군,2018,1386,2289,2569,2398,3797,6057
충청북도 단양군,2019,1291,2143,2439,2209,3511,5912
충청북도 단양군,2020,1201,2001,2245,2018,3325,5668
충청북도 단양군,2021,1086,1860,2051,1806,3060,5346
충청북도 단양군,2022,974,1763,1890,1709,2859,5142
충청북도 단양군,2023,929,1711,1789,1700,2684,5113
충청북도 단양군,2024,856,1632,1666,1662,2532,4922
충청북도 단양군,2025,754,1550,1557,1595,2396,4633
충청북도 보은군,2011,2004,3466,3277,3119,4734,6114
충청북도 보은군,2012,1931,3347,3149,3033,4571,6239
충청북도 보은군,2013,1891,3177,3064,2885,4568,6415
충청북도 보은군,2014,1839,3054,3006,2753,4482,6494
충청북도 보은군,2015,1869,2881,2965,2787,4276,6513
충청북도 보은군,2016,1868,2721,2866,2729,4118,6481
충청북도 보은군,2017,1842,2573,2788,2687,3891,6384
충청북도 보은군,2018,1760,2401,2706,2565,3695,6250
충청북도 보은군,2019,1563,2246,2541,2374,3505,6069
충청북도 보은군,2020,1464,2111,2377,2210,3320,5900
충청북도 보은군,2021,1334,2017,2247,2016,3135,5605
충청북도 보은군,2022,1227,1956,2121,1909,3025,5372
충청북도 보은군,2023,1109,1875,1951,1838,2862,5276
충청북도 보은군,2024,1031,1806,1821,1759,2673,5087
충청북도 보은군,2025,975,1764,1779,1794,2673,4866
충청북도 영동군,2011,3259,5357,5263,5327,7244,8280
충청북도 영동군,2012,3250,5194,5060,5327,7099,8509
충청북도 영동군,2013,3181,4985,4987,5014,7182,8677
충청북도 영동군,2014,3044,4865,5231,4723,7162,8866
충청북도 영동군,2015,2951,4568,5450,4411,6966,8848
충청북도 영동군,2016,2867,4289,5288,4298,6729,9101
충청북도 영동군,2017,2792,4134,5129,4154,6417,8963
충청북도 영동군,2018,2719,3924,5097,3924,5988,8922
충청북도 영동군,2019,2582,3706,4787,3638,5694,8761
충청북도 영동군,2020,2336,3390,4453,3271,5362,8486
충청북도 영동군,2021,2087,3195,3814,2963,4956,8088
충청북도 영동군,2022,1807,3065,3558,2722,4742,7858
충청북도 영동군,2023,1624,2920,3306,2640,4374,7841
충청북도 영동군,2024,1442,2815,3086,2579,4138,7651
충청북도 영동군,2025,1328,2721,2942,2602,3837,7377
충청북도 옥천군,2011,3880,5777,5539,6294,7787,9007
충청북도 옥천군,2012,3786,5561,5223,6226,7482,9292
충청북도 옥천군,2013,3595,5289,5027,5836,7529,9433
충청북도 옥천군,2014,3494,5104,4886,5512,7533,9368
충청북도 옥천군,2015,3434,4943,4844,5257,7326,9429
충청북도 옥천군,2016,3362,4663,4811,5007,7196,9406
충청북도 옥천군,2017,3143,4410,4808,4643,6996,9222
충청북도 옥천군,2018,2953,4237,4673,4444,6703,9291
충청북도 옥천군,2019,2781,4088,4585,4183,6421,9240
충청북도 옥천군,2020,2590,3884,4412,3877,6253,8962
충청북도 옥천군,2021,2397,3763,4111,3681,6025,8818
충청북도 옥천군,2022,2134,3682,3906,3373,5898,8494
충청북도 옥천군,2023,1945,3594,3761,3219,5569,8547
충청북도 옥천군,2024,1735,3531,3592,3077,5297,8333
충청북도 옥천군,2025,1684,3520,3612,3326,5245,8572
충청북도 음성군,2011,8205,10945,9998,13199,15516,14609
충청북도 음성군,2012,8139,10793,9779,13353,15515,15391
충청북도 음성군,2013,8130,10476,9668,12834,15812,15965
충청북도 음성군,2014,8325,10253,9709,12862,16048,16672
충청북도 음성군,2015,8212,9711,10201,12621,15908,17119
충청북도 음성군,2016,8231,9342,10341,12522,15813,17729
충청북도 음성군,2017,7829,8995,10105,11915,15642,17830
충청북도 음성군,2018,7105,8419,10025,11149,14866,17958
충청북도 음성군,2019,6587,8080,9950,10464,14236,18040
충청북도 음성군,2020,5894,7647,9500,9674,13765,17738
충청북도 음성군,2021,5407,7394,9161,9120,13343,17395
충청북도 음성군,2022,5016,7261,8770,8924,13184,17192
충청북도 음성군,2023,4549,7136,8217,8822,12483,17418
충청북도 음성군,2024,4176,7110,8023,8873,12018,17347
충청북도 음성군,2025,4168,7322,8104,9644,12230,17668
충청북도 제천시,2011,11164,18120,16214,17646,22972,23829
충청북도 제천시,2012,11007,17366,15875,17163,22543,24167
충청북도 제천시,2013,10810,16639,15712,16580,22615,24385
충청북도 제천시,2014,10620,15903,15617,15784,22516,24524
충청북도 제천시,2015,10396,15000,15620,15242,21940,24644
충청북도 제천시,2016,10291,14354,15876,14966,21406,24812
충청북도 제천시,2017,10023,13798,15915,14589,20771,24533
충청북도 제천시,2018,9760,12913,15601,14246,19694,24563
충청북도 제천시,2019,9329,12341,15332,13693,19011,24499
충청북도 제천시,2020,8740,11695,14739,13011,18442,24010
충청북도 제천시,2021,8188,11339,14271,12312,17667,23490
충청북도 제천시,2022,7512,11400,14182,11869,17082,23101
충청북도 제천시,2023,7044,11184,14011,11587,16373,23038
충청북도 제천시,2024,6521,10751,13319,11359,15671,22887
충청북도 제천시,2025,6090,10744,12783,11317,15216,22404
충청북도 증평군,2011,3608,4317,4456,5326,5516,4863
충청북도 증평군,2012,3685,4213,4293,5354,5460,5054
충청북도 증평군,2013,3746,4062,4199,5342,5591,5171
충청북도 증평군,2014,3724,3902,4263,5166,5675,5295
충청북도 증평군,2015,3970,3894,4503,5557,5894,5655
충청북도 증평군,2016,4040,3798,4461,5624,5959,5785
충청북도 증평군,2017,3984,3707,4654,5453,5955,5895
충청북도 증평군,2018,3748,3585,4588,5203,5760,5958
충청북도 증평군,2019,3599,3472,4595,4990,5732,6092
충청북도 증평군,2020,3242,3348,4516,4753,5590,6014
충청북도 증평군,2021,2947,3337,4412,4408,5442,6038
충청북도 증평군,2022,2776,3404,4446,4505,5565,6116
충청북도 증평군,2023,2633,3381,4251,4545,5506,6309
충청북도 증평군,2024,2442,3388,3897,4562,5296,6350
충청북도 증평군,2025,2248,3332,3632,4505,5197,6211
충청북도 진천군,2011,6173,7856,6933,9455,10593,9384
충청북도 진천군,2012,6064,7686,6799,9484,10502,9882
충청북도 진천군,2013,6092,7487,6800,9565,10820,10231
충청북도 진천군,2014,5999,7360,6820,9229,10893,10606
충청북도 진천군,2015,6529,7347,7059,9656,11205,11185
충청북도 진천군,2016,6776,7211,7307,9706,11485,11676
충청북도 진천군,2017,7073,7328,7953,10368,11903,12233
충청북도 진천군,2018,7575,7688,8620,11181,12524,12950
충청북도 진천군,2019,7765,7906,8993,11311,12997,13450
충청북도 진천군,2020,7728,8092,9226,11519,13562,13733
충청북도 진천군,2021,7389,8353,9223,11398,13827,13912
충청북도 진천군,2022,6999,8435,9094,11175,14238,13994
충청북도 진천군,2023,6555,8456,8641,10900,14292,14458
충청북도 진천군,2024,6347,8446,8062,10972,14177,14657
충청북도 진천군,2025,5774,8667,7636,10778,13964,14750
충청북도 청원군,2011,17716,17884,18977,27812,24435,21947
충청북도 청원군,2012,17573,16850,18266,27631,23619,21794
충청북도 청원군,2013,17516,16381,17965,27026,24146,22171
충청북도 청원군,2014,17653,17418,18661,27626,24247,21967
충청북도 청원군,2015,17653,17418,18661,27626,24247,21967
충청북도 청주시,2011,46339,67800,63385,73348,78880,59911
충청북도 청주시,2012,46296,65856,62621,73124,78907,63093
충청북도 청주시,2013,46136,63749,62943,72247,80689,65344
충청북도 청주시,2014,34263,43156,45494,52978,58491,49503
충청북도 청주시,2015,34018,40978,46164,51743,57804,50585
충청북도 청주시,2016,33786,39203,46747,50868,57537,51534
충청북도 청주시,2017,32679,37792,47208,49612,56874,52353
충청북도 청주시,2018,31793,36513,47572,49158,55529,53527
충청북도 청주시,2019,30813,35363,47575,48138,54714,54620
충청북도 청주시,2020,29700,34467,48011,47351,54612,55187
충청북도 청주시,2021,28454,33896,47502,47110,54385,55147
충청북도 청주시,2022,26732,33961,46207,46683,54478,55156
충청북도 청주시,2023,25442,33808,44728,47213,53675,56522
충청북도 청주시,2024,24298,33682,42860,48042,52793,57248
충청북도 청주시,2025,23302,33753,40991,49149,52170,56873
충청북도 충주시,2011,17638,28133,25285,28509,35683,33168
충청북도 충주시,2012,17286,27007,24772,28057,35261,34095
충청북도 충주시,2013,16815,25859,24536,27198,35604,34906
충청북도 충주시,2014,16572,24867,24657,26228,35571,35731
충청북도 충주시,2015,16484,23399,24424,25484,34770,36374
충청북도 충주시,2016,16349,22244,24445,24912,34119,36856
충청북도 충주시,2017,15812,21288,24273,24469,33361,37160
충청북도 충주시,2018,15671,20578,24602,24735,32453,37786
충청북도 충주시,2019,15330,19640,24556,24116,31575,38040
충청북도 충주시,2020,14581,18883,24405,23337,30940,37632
충청북도 충주시,2021,13756,18472,23613,22837,30153,37001
충청북도 충주시,2022,12926,18176,22471,22397,29872,36350
충청북도 충주시,2023,12215,17874,21773,22423,29047,36566
충청북도 충주시,2024,11506,17567,21032,22392,28098,36733
충청북도 충주시,2025,10862,17339,20054,22596,27356,35996
